data,bairro,titulo,fonte,fonte_tipo,url,severidade,descricao
"Tue, 05 May 2026 07:00:00 GMT",Afogados,Chuva no Grande Recife suspende aulas e deixa ruas alagadas; veja vídeos e fotos - G1,G1,noticia,https://news.google.com/rss/articles/CBMi5AFBVV95cUxQVFBlSVE4T1EwcG5pVnRYVjJpbFluNjVSNzRLMHR4RUtDdDZYTjlkdEhOSEZQZkkzZWppQXFaenhubGwzNzhtcmwzV3drZjQ4SWxlenFRdFdJVjV6RVNCODRiZDNTX3JXbFFJTk9NdFRwR1JTdS05aXpIRk1wbEdYUkUwbzZyVjgzRjR6UFlxcjB3dExqUEM1dS16aFU0OC16RGEyYmd3cnROcXFxR2xwS1hocFZWT3pJaFpLRUMycTlLbnJ2YUcyWm1Ja2p0ZXNhbG1fSFRlNEMwa0ZVcDFnMkxkSWzSAfMBQVVfeXFMTjRlOHJnMlFjT1dCM2RTNHNDeExMLV91REdUMXYxQzNfeWZzQ1U0eEJqLVJHYjA1akl5N2J6OWFCcUNpRkpYalZjM0hsZnpIdVFzc1puY2RjQmRqcWNEOV9BdVg4VnBmSlpfbGhPRnY5MnN0UVpicGV5R3FQUGZFMjVmQVh2Vjhic2R1clpqZGMyUERXLTI1THVuZEpqS3ZZeW9xcmE3a3VWTkRfNG5hWnNrQnRuc0RCRkJYLWhucWVPcThwby1MMG1oenNtd3pON1NBcC1oWDVVVmg5T19EODNkVUk2YWlObE1FX0FUb2JXaHJj?oc=5,,
"Fri, 01 May 2026 07:00:00 GMT",nao_identificado,"Diante das fortes chuvas, Recife disponibiliza 8 abrigos e orienta população evitar deslocamentos - recife.pe.gov.br",recife.pe.gov.br,noticia,https://news.google.com/rss/articles/CBMiwwFBVV95cUxNQWR4UE14V01qSl9rTEt5eXdfZEpMYzB6Smd2YnBQMmJYeVFESTBCVTBILVlhVDJMWjVkdHRKaGIyRVVNcGhLanNyTjFJTVlRZ2hETGREa2FRaWxNZF9hWThtYTFiazNNYWZ2eENCUnZISi00UDEwai1Od0pfUy1SenE0NG8yc3k5S2t4cnFZUkphX1JmdXYtWXBJNG1DN19fX041RHRzWUcwVm43c0U2NjNmYmZxUXVFTzA2NXZoZHZKdTg?oc=5,,
"Thu, 14 May 2026 07:00:00 GMT",Tejipió,Chuvas colocam parques alagáveis no Recife à prova e áreas de risco seguem expostas - Agência Pública,Agência Pública,noticia,https://news.google.com/rss/articles/CBMihwFBVV95cUxQRWpteDlFZnJZYlk1YzZNSTA5RVRaQkhvRmJ5aDI2aVU2clVYRmlrbGRJOHd3dkNWek0tOXBQcnJUTjNJVDJMNlJtSWFnVmhnMFpoTVdFTUJDVVp2aHAwdGxzaXFBS2R1ZVVobjhadXJVZjFxXzJ1YUFjbDBLRHVycGhadVA2dVXSAYwBQVVfeXFMTmpBQUlUNUk0TVM5ZUd2N2g5UFRpTm5GaHZrZERpUFZla0NPeWk3VnJiblZld0ZzaTRVdjZNOUM1RDlLRW1Nai1LYWJxZGw1QkF6NTR5S2xBOVktdXhyU2ZRM2x0UXdGVVpzNzV0YkhGTDhfem9keENCWUpfQ1loWGtEOVRVUUJ2eGE4RUY?oc=5,,
"Tue, 07 Apr 2026 07:00:00 GMT",nao_identificado,Fortes chuvas provocam alagamentos e suspendem aulas no Grande Recife - cnnbrasil.com.br,cnnbrasil.com.br,noticia,https://news.google.com/rss/articles/CBMivAFBVV95cUxOVTNINnV6QnNyRi0ybzdDSHRUM29TTEVxVEJvNzhQdDNLcVVuaVpuNGhwSnlXUXFSb09RUFhrTUEwREhPM0ZHZE9WN0hERzdkZU1VZ3dJNm5kNGNYdW5rQnRpN090YlRGSm9DVUNDcjFTdWZFM1Y1dmQ2S0FaaHlqbWZMaVRsbUdzZVdzbW1NeXl2dmRvQUNsLTdNcVpiQUhvV0J5Vno1VlN5Mk42X09pNHF6dUptNGVMcEZ4NA?oc=5,,
"Thu, 23 Jul 2026 07:00:00 GMT",nao_identificado,Chuvas: Recife registra pontos de alagamento nesta quinta-feira (23) - Folha PE,Folha PE,noticia,https://news.google.com/rss/articles/CBMirgFBVV95cUxPeWh2X091VWUxNFE5T0NpNTEySWliTzM3TElUUmtpRWNLTU5qOUpXX2tYcDR5NVhpLXVDZFRJTEx3UXgzeE9JblA0aTMzSjlxdjhwM1Zvb0RPZGZoSGFmT3lrUEpRQkJCelpyM0xuZ25HSjdMdXBzTUU0bmxUTzVVeFBfSWRTWG9sVkJlU3BYQ0pCQzhLdnBzd2VHYlpJVS1IRWNVZWZESjhnTzVrMGfSAbIBQVVfeXFMTld0eXhVTW8yajJuVkNMZnFRMmIxaGVsZTFobWtSQ084VklLdnVtWW55cHVZX19pWXEySXdmMUVhb2FjeUk1NERTeHVrbUowVklHUEdPWDlhMHA2QkhTTXEwUmlBUjVwa19oQTZPdW9xOFNzSzVVdl9KMDJMdng2dGRscy1JbEdYekIyMFVWV2pyc29iUXZyRWlqQlZadHp0aXIzamZXSi12cWthcDYzX0loQQ?oc=5,,
"Fri, 26 Jun 2026 07:00:00 GMT",Ibura,Chuva forte causa alagamentos em avenidas do Recife nesta sexta (26) - Terra,Terra,noticia,https://news.google.com/rss/articles/CBMi9wFBVV95cUxPanJsd2EtaTE2dHRQMG1TMXdBVmVKU0l1ZTBFRG5QT3Z0bTdzdF9uQ0YxbHFHdjJIaGlFVm01bzJaVUZBLUZfcXNXVGhUMmYzUmh1eTNOMUxiQTEtTEVDMUxuM2diZ1p1cnFtMDZneUhjajZ1VFJqM0JTbWx5NzRkMlVZRmlIQ0tOUU90ZFRYa0cyeHRGUEFMbjRNSDk1dDFGd3hFX2xCWDRxa2NNekRTRnAtb2NXYnFGVDRiM0Iwa19lNHhLX1FBSGJxRHFQQm9YV3B4SGhsY0dlVW1uODdxWWtxRWFVdXZ6UXNvX2tLU0Zlb2ZLVEhN?oc=5,,
"Sat, 02 May 2026 07:00:00 GMT",Cajueiro,Seis mortes confirmadas por causa das chuvas no Grande Recife - Marco Zero Conteúdo,Marco Zero Conteúdo,noticia,https://news.google.com/rss/articles/CBMijAFBVV95cUxPTVIydWJRVjZXUFZuTl9tN1BkcGctRUsyOElSVE1OeHBjWmJ0UG1Qd2pVUkQxaUZvY2RnUXE5YVpGQjk5TjNtY2FMbXJSZVVTbGwzMVVhQWItS3JsT0hBSHhESS10ODNrTDZ0ODBDTFFVSWNMVEZMbE9NbHJQV1VNVmRlUlpRd1FGQnl0Zg?oc=5,,
"Tue, 12 May 2026 07:00:00 GMT",Afogados,Chuva no Grande Recife deixa ruas alagadas e trânsito complicado; veja vídeo e previsão do tempo - G1,G1,noticia,https://news.google.com/rss/articles/CBMi-gFBVV95cUxPTVhfOHZLNld1NlNreWI3MGZQalo1UGRmRy1LRVpOZ0htaWdLeG9fcWs4LVhSbE90TjNEbk55b0JyakllYll2OENlanQ0dkgtOHRObEozWWt3ZnhabkduWTZFa2pfcVpBMktmYk42cXhyTUxsM2d5X0hUVFYySTVianRmSnY4MVdZVTlva2FnaU1zMmtVbTdLVHpUY3V3c3dGM2ItdmVEUmpTT05iSUhQX1hMa21WcHB6VTROVERvalVOQ0taVDAyMFo0dXBKWFRoeDBZUXp4Y3BPN2J3MVJWeF9yeWlUUzMzVUhJVWlVU1pDMnVoUTZnOVdn0gGIAkFVX3lxTFA3bjhhVkUxVnZhblF6bTFteDhVLWlGdDdLb2dCSk1nYmdpZEVmZ0R2RTJzb2JQdnZIdEJkNFFjZDBZZXlUYjczd3dGRHpGMU9SMVNNMUtlYy1rejE0Mnc3QjJSZjVuUVA5b0pIZG5TRW52YVd0VG12UWNFUTJhY2k3aV9nbkdKX3kybmJieFdHUzA5REtscWZEbjQwamJ6RE9hQmkzQlE3Mlh4UjB4Q3ZrZlNSTFdTRjFNdmFydzRERlo0ek5jQTFTS3IzTXE1b09TbVJmdzREMkFLeFltSmpSRlN1dEZ4OHFQVnV2aEgwRGJleU9CeEhYZUQxaGRycWlFTk1ZOHJ1Yw?oc=5,,
"Wed, 10 Jun 2026 07:00:00 GMT",nao_identificado,Recife avança com construção de reservatórios para reduzir alagamentos na região da Abdias e BR-232 - recife.pe.gov.br,recife.pe.gov.br,noticia,https://news.google.com/rss/articles/CBMiygFBVV95cUxOVjlQMnhKX1FoeFpsUmJ0dTZEcFdwS1JGVk1TOFFudFZrOFg4UDFPYUFzWWFMSlBzTHppLXhJbWZDM2NlcUJ2Vm1UNHBNUjVVNndwakx2eXRrWkZDNV9qQmt5Y1dQcDZPRXNURGJ1WXM4MmJRVkNZZTZuRmZFOWVSMEJUeFZkLUkzR3JzR3hCaENocEh3U0htLTU0dmxTUjJTdkdra3JPeXBEUUxnYVVseEoxX0hSTjhoaDhsZm9adzIzS28tNXVnR2Fn?oc=5,,
"Fri, 01 May 2026 07:00:00 GMT",Dois Unidos,Chuvas em PE: Estado tem oito rios com aviso hidrológico de inundação - cnnbrasil.com.br,cnnbrasil.com.br,noticia,https://news.google.com/rss/articles/CBMiuwFBVV95cUxNSjF6XzRPSDFTVExlWEJaQXM4ZmlWR2RyWGprR0hQLWlSdXBQdUtERDU5Rm11RmljclMxN3ZMY0R3dlphdWJzbXRDVUlBNFFlTEFrcjJnOFhCemVYSjJGTTZiSjlKQXBqaERtbm5aZXVrYUhFN3c4YlhBSWRZREpqYlpSN0hTdDhOeUZBVFV5bWdWakwwWlFvSzZVU3Q0U1J1cm1KV1pjT1B4UFp5MWN3UWoyQ3R0Y2Z0VnFJ?oc=5,,
"Wed, 27 May 2026 07:00:00 GMT",Afogados,Recife registra pontos de alagamento nesta quarta (27); chuva persiste até o fim da semana - Terra,Terra,noticia,https://news.google.com/rss/articles/CBMikwJBVV95cUxPSkViWTJGNEo1WDhCSlNNVWE2MGVLQlRCS1pPYlhLX0VDcmVCN1pUbk45TzFMYzNUZmVocFFyTmdhckt1UVVLZVNicm9OQVVBZ3MyRGRFV1RZbmVWam0xaFJsSXFkdnZHOWtDMzZjT3h1ODg2Vmk2VS1IX1h0WC1EZFZPc21hRGltOUdqMVBBd0UyaTRMbklrMGxqSFN5WHpXeHEzaG1mU2JwM2t2U3NrdVBVeWFWTldUZm9OeWp1RC00SFRwVl9JRUdWdGxXMXNSWmNqTEhiREVCY2l3LWE0TDZHRnRrYUVjbFAtbzRhUGpRdjUxaU9qc0pSQm03bzJ5MENydlpCeHptLXVyVFpQSzhyZw?oc=5,,
"Sat, 27 Jun 2026 07:00:00 GMT",nao_identificado,"Chuvas fazem rios transbordar na Mata Norte, deixam cidades sem água e causam transtornos no Grande Recife - G1",G1,noticia,https://news.google.com/rss/articles/CBMi-AFBVV95cUxNcEcxdEJ5Rm84T0E4eXZWNktxckdGYmZTYUZWMHYxVHBiZy1MTzdwYlFXbmtDQ1FpS2QxS0dtMUE4Q3ViMEh0VWY5cXU5UlpKU1REMmdiS2tZRlVzNGZtLTJYcHBQMktQaWdZWXhOVWtzT24xTmNiREYtNXJPZXNVY21VUlpmakhuQU11dmFoTTJETlZLYmV2TEM4c0NuMnN2QUpHenc5NlZBNU9kX0tSdDhreFB4WU1DdGlDMVNlNUV4cnBuSERQLVM3RW1PSV9YSWRCMzF3am9wM1pxR2tOazFXYzlGY0N3R0FoeDF0dWZFM1dGa3JVbtIBhwJBVV95cUxQRjJuNkM4b1BnUEdvczgteWJldGNaN0tGYjN6TDRXczFJRmxIa1lULUdDNWo2bkhGMFJBdWhPazAzS3hiSEhDTk45QzdfUktsY3VGSDFuaFRRUGV1Um50VnpPdE1GZDV1YkJYeko1MHMyd29RNGhYM2JLQTh1UzhuVWxjT0J3UXZiTlZyMEpXQUNRREc5dmhGSkRpYkxOS3E0Q3JHODNqdzVuUDVCMWRUdUtacTktdXJ2ODZMeUdkUnAxbG1vMzU0eHplQkRsRjJ0RjJhYUU5aE13Rk5TZHFpeklkVFFVcU05S25FN2txR3dqQ05VUC0xLU1TMWY1cWN3ZFB6b05ocw?oc=5,,
"Sun, 12 Apr 2026 07:00:00 GMT",nao_identificado,Prefeitura do Recife intensifica monitoramento das chuvas e mantém cidade em estágio de mobilização - recife.pe.gov.br,recife.pe.gov.br,noticia,https://news.google.com/rss/articles/CBMixAFBVV95cUxPdGFObk5wNlc3bUM4czRqM3ZlUnVPazFKbTZRU1VVNktXamhtb1o0bTd4cGhETkwyendwOXRkSjRPRmltYWgyUzdxQi1aUDRMSE5qSWpHcVVwSGJmaUFCM29vZjdJTmwyV3F5NlNKSTU1UnlLUWgxQmlaVjVBUXVxc0llTkFyWW1ueXBERGE3M1ZGNHdQZm9mU2JhUThFWnl6c0FBcnZQdFF3cUlIU1p2d0RBc3NhdTBESVEyZ1RuY3hOZmgz?oc=5,,
"Fri, 01 May 2026 07:00:00 GMT",nao_identificado,"Recife teve 100 milímetros de chuva em apenas 24 horas, diz Defesa Civil - cnnbrasil.com.br",cnnbrasil.com.br,noticia,https://news.google.com/rss/articles/CBMivwFBVV95cUxOZ2xlZ1NFbEROWkpMYklQYXhYNkFFS0xDZ0dnNGJiWldyTm9jT2hLQ2JPN3lfUDViT1FacEJyLXItdjhIdzFLNnBBdklzSjVNRXlFSHdDd2NTeHotNGljNlZ5d1NJTVJuR2Vfby02NFlWZzA1RVFuUjlQcDFHNTRLSkpnVm1qOVFlSU1JeEVqV3V4WGdmOHNLWVA3VGtSdEFSb1drTmFOa1E5UkFNUlcxZno5OVF1ajdkaFVxdG84aw?oc=5,,
"Tue, 04 Aug 2026 07:00:00 GMT",nao_identificado,"Chuva no Grande Recife alaga ruas, suspende aulas e abre cratera em orla; VÍDEO - G1",G1,noticia,https://news.google.com/rss/articles/CBMi4gFBVV95cUxPQlRBNnF5SzhnNG1oUm9nckgzbExhVk9WeW5FckQ4OXUwTWxDenhWTGFZNUppTzVtVDRwdjlVeFhNZEVfNUNhZEhQSDNSampnUGZLbmZEZ1hHb2xrX0EyQnA2MUJZbFNlUEtwV0c1aGVQbUVIb3Q1S1ZldFFXUE5UMDVKcGt2dGdpZENjRHVxVVNKTkUyMVJJLWx4M2x4Ul9xVmVqYmxoOWVOZ0dNVHdiZEo4SHBfUTZCbnNBb0E5WGpPQjg5M21RLVpGaXVYQURfcmQ4Y3RQXzI3d1pHT24yal930gHwAUFVX3lxTE9EWGpUYkRUUjk0V2lESDdYeWtldnQxN3drcjJ3RmlreVUzYlJSazAxYUE2bUx5UVI2TXpBUVhkUHZwc1JqT0NSbHBnZEpjZUVpaVlpVFFhVzMxMlpBTFE0S3UxdHFHc0cwRXpHSEYxU1IzYUtGc2tNejk3dmU2enBodXNraWp3MG9WcGY2anFQOTZDT2VjZVREcVhmVEhJRmU3ZEF1elhJWWpjNWtNeUI4dlJFWU1Id3A0YTdVY0J1SFpGaEtyenlZcUgtRnlTMzBIUnJqWXV4X0lzWGtvMXdlUk5RcEFGdzZyNFdvcWZrNg?oc=5,,
"Fri, 31 Jul 2026 07:00:00 GMT",nao_identificado,Recife inicia implantação do vertedor e conclui escavação de dois reservatórios de água na Abdias - recife.pe.gov.br,recife.pe.gov.br,noticia,https://news.google.com/rss/articles/CBMiyAFBVV95cUxPRFpLaXphTS1KZ2U1VW5VM3plcXI0cm4zWVhnRy1ISVBwOHl5My1kY2UxYmg1YjVOc2xVOTZSVURxMHg4TlpXSUhlajJSc3hLT1lYbl9XamdteWdDYUpfeDFGY2RrR3MzaDRQTXVlMjAyekMtR1llOEEwMkFuODYxNWpOMXlHbG9PbUwyMWZxOHZkY2dKaGFOZDlqMHRUd2N0MU9rVUpTVUNvdk9ybGFjbXZfeUt5dEE4WUZQUU5McURpRWxXaHZNZA?oc=5,,
"Sat, 02 May 2026 07:00:00 GMT",nao_identificado,Chuvas em PE: mais de 2 mil estão desalojados e desabrigados após temporais - cnnbrasil.com.br,cnnbrasil.com.br,noticia,https://news.google.com/rss/articles/CBMiwwFBVV95cUxQM3YzTjhGekFJXzFqQmpHU0pHUm5EYWlMRzFkeVF3VU04TUJWbW9vNWtIVmRDU1F2TEpRd1lDZkVDMW4wNm9uVk8ySHlraVprZUQ1NnlrRjBEUkRwdTlpLXVyT3JHMUlfcHRRWmQ5VDdhQ3NEamZGdVdKUTF1Z1B3ZjUtRkprcUZLRXQ3RGVTeGoxM2NIRmJRZG5xVDZkRkE3Wl82TFZLVi1zcDVETUs3dk9BZldKNjBvWkEwVEg1b0JkNW8?oc=5,,
"Fri, 01 May 2026 07:00:00 GMT",Boa Vista,Chuvas causam transtornos no Grande Recife e Zona da Mata; Timbaúba decreta situação de emergência - G1,G1,noticia,https://news.google.com/rss/articles/CBMi7gFBVV95cUxPVVJEQlJsTjBleWJTSW93S1ptZTNISHVXUHo4eng5SXE2Vy1mT3QwSzRzWkVyYUFndmFwLUhxcXJNaWViMjY3ZWpxTUFKb0tlSWt3bm5NbldZbE5qRldpdlJvMTdCc2lTeXVnTlpKdUE3VnZDWkU3cnQ4SUJwVTlNV3Z2SHljQlpxcmlZZ21DSVprM1Q1WlgxRlBUcHVkMVdpRjBFRmU2WTlJSmdwanlEcC1vTEVsaVoxVzl3cHV4eGl1YnlFLUFxQjEwX3R6NldEZ2lLRV94VldYWWs2ZFc1V0s2aU5iazNKdTVqZ0hR0gH8AUFVX3lxTE9RN1NUY2M5NDRaQ0RkaHdGc0lpZUNkOXJWSmU3OTMxN0dQNHp6S3BHeUMxMURpaGM3c0VlaVJUR3c2dXAycVFobmowVzZ6X3hzaUZFX0xleW5CVnRSX3NLTzJVZ0ZtMnRfZ09Ebk03TVplV0xxN2VEMlc0c2xrY0pqRktSVWE2Vm9XUmRYRkVZSXkzSHlGTWtlVW5UUGNhZW5raXJraE1iNGxUMmVXUDllTjZHdmN1dXA2VHZ5UjEwcDZ0OGVFVEpCdnBZdnVuQWdHZUJQTjhybFhYb3JRV0FvSlZhbl9TcjQ2YlZ1MjlIN19HZ2ktejM3VDJDbg?oc=5,,
"Fri, 01 May 2026 07:00:00 GMT",Cajueiro,Deslizamentos após chuvas deixam 4 mortos na Grande Recife - valor.globo.com,valor.globo.com,noticia,https://news.google.com/rss/articles/CBMitAFBVV95cUxQOUtuTy1oZHJfTENoLXRDYmx1RVBScU56Q2dBY3hFdGQtdXByWmNlOWU1YjhBVDFiSUdvZ01TNlVNSFBOQlp0aXZKYTBWMTlfdmQ4UFhwcmZ6Q2NUVGZ0NWJIWm5DZGdqRExKNHd3ekgwSHI5SHRwMDBELTJFcnBxQmwxSnJLS0ZVdDNrTmFaWlVuR1JlLXJqbm9LR2twWjNFNGFUZTBmcHU1d1pka25IOVhQT0rSAcMBQVVfeXFMTUM4NklBeTBDdEZTNFMxRktnRXdUdndZbzZiU1Z0WG42SDBYTlFmdGktbjZHY3U2ZTl1cWc2RFhvdFRKQWttTmtvQWo0OFFBTFVTUkNKRGZSTi1GNUl2ZmloNUVtZUlvQWZtLW40M3FjMDFmUnZpSlhBeXY4X2ZyMUd2MU1vLVA0SlpQOGRuVUU4RXE1MXJYVEJuMEt4X25NcVA4OV9aWUJEMFREYzZKdVhVWE5TaVJJV1psWDhDbUZPekx3?oc=5,,
"Tue, 07 Apr 2026 07:00:00 GMT",Cajueiro,"Chuva forte no Grande Recife deixa dois mortos, ruas alagadas e escolas e universidades sem aulas; FOTOS e VÍDEOS - G1",G1,noticia,https://news.google.com/rss/articles/CBMilwJBVV95cUxPdHBLeEhobnktTVluQUszTjlSazhQeV96cnluVjdYMGNSVTFxY3FvYmVNRmp3dHhLdzdxVjVwZDN6OFBHZjNXczRKRGc0dlk4Y1E4MGZLTUtzTF9aNmZCMzVhcjdla0dEYXpGb1BQbmlpcWdTRnlZYmV3TC1pb2dRU085ZUp5WkRzcEV3cnVLTVZKeVRfOV9lUFhDOFVPVzBmQlZta2xMdV9ueVpYTU1xZldVaTM2cWg1MzFDdEswZzI1dGVGWWVqVndTaG1nLTZWNTZ3SkVyZUxGNVNwMTZ6ZjJTZ0NwRlZHZ3hXZHF6b1drZ25NWHZSUzQwWFdfekhubTVZNUw0LUVTb1JQUjNyT3lLTVY5YUnSAaYCQVVfeXFMUGtmbTIxeXZ0NnVPbnp2SzBpb2otNzhUMEpRQ1hmcGV4Wk1KOGROcFZSMmpXX05YdUEyUEc3enEwS1F4eUZEc2pMS3JPcmtZU0libTRnd3c1Sl82TVYyaTJaX3Y4NjJjZjJzai0yTEJLOGpYX0YwaTFhUTM4TVFmUURBaFJHdmQwaHhYYmI5RFlHVWkxZjNocmtQSEg2Nl8zVHMyeU9WYkFhTUFUdXp0UEFVYi03aGFfNExWTWNDWDBWV2RNQ3JZU0FMZHBHQUZjNGFQUUdOYmV3YnBGYW5vRnNYd04xMVZyNHpaMzktaHZOWjQtYVNKdkhjNjNuenV0eklGeVBBQnNhbndTcHBscUhaNlNXakZleldJMW13bFdtTlRtdGl3?oc=5,,
"Tue, 07 Apr 2026 07:00:00 GMT",Boa Viagem,Chuvas suspendem aulas e colocam Região Metropolitana do Recife em alerta - cnnbrasil.com.br,cnnbrasil.com.br,noticia,https://news.google.com/rss/articles/CBMiwgFBVV95cUxOQnhnUXFyczVSVEdnSl9Ba2xEeHVqeTZuVVlPZ2lnb3RUTUdrV3d0bzFXSDlzUXh1WjZvaW9zTGZqcVNZNEI1RlZaS3d4ZWY4MHRWZlhRSXNXZnBRQS1WOC1jUml0WlpMR0xlUUEtdjJScUdHRm02ZnJuT3VKTDZKOG83NHVrMmw3Z2I0WEFrREVOaC1xU3hCLTdkcDRBWmxQU1FGN3FhRm1XQW1fZnVWZG9PdnFmeVNOTVF3MzJ3M3gxQQ?oc=5,,
"Fri, 01 May 2026 07:00:00 GMT",nao_identificado,Recife entra em alerta para chuvas intensas e mobiliza apoio federal - cnnbrasil.com.br,cnnbrasil.com.br,noticia,https://news.google.com/rss/articles/CBMiuwFBVV95cUxNREtzOG0wS3N0b1VsZERCdXlzMGNnNENuRENFMlcwY3BCUXk0X0VmSjFUcVRsemM5cGd5TEJWWVFrOTFqNTJQcFRTSUZsT1FPWmFjbzkycmhsOXFxNkhjY2tnLWdObXBIRTJpc0JLWjFmSjc5Uk14OWRZQ0pobWh4aXU0V3JPdmp4Z0pCQWVUUEtRaDFocDh6c3cyRmJEQWppWFFueFZqUDRUdy1qLS13X1Q5OFo5bWxWelZJ?oc=5,,
"Sun, 12 Apr 2026 07:00:00 GMT",Ilha do Retiro,"Domingo de chuva tem deslizamentos de barreira, ruas alagadas, túnel interditado e queda de árvores no Grande Recife - G1",G1,noticia,https://news.google.com/rss/articles/CBMiugFBVV95cUxQVFdrVTNsdURqWWJtQmJpUUZudUlDbTZLVTZiMUp1RUxNb0NSSkpOaEs5bk51OFNkR3lScmc2TXV0VXQ3YzhXdHFiQVdvd29qQnF4UVBEX0YxNGxMdHBBR1Bpa2NXYnZKOUNXZUNaNlhnSjFsaFl0Rjg2NmJyN0VxQTlTVkdjWDBDUGhSUE1udnJJdjRZWUFldUZlYmdrRXhvQjB2cklyeVBvSUI3MURvQVBWM3VZYnJsSnfSAcgBQVVfeXFMTThOcXkySFI2U1h6c09vdGZuc1BsSFktS3BSTm1sc2tUM1dic3JDZFpVZlRrYlRoOUx6Wkd4NmhLRGFpaEMxaHNtMHU0ZG82VkZ5aUpMWjVuakJSZFI4NFdoNXNQQzJyR0xHdzlGZUh1NW9FX2JyNzRBNjVfdEdabzNDbDhwcm0tb0NWUHFoWjhJd29uVmM0M0JyN0F2UVk1WDhmTkowSzV1aTl4dEh1ZWo0U2xSMFgwRURxRkg5VGhKUDEydlpVWk8?oc=5,,
"Sun, 03 May 2026 07:00:00 GMT",Dois Unidos,Chuvas em Pernambuco: quem eram os mortos em deslizamentos de barreiras e enchente no Grande Recife - G1,G1,noticia,https://news.google.com/rss/articles/CBMi7wFBVV95cUxNUk0wMTRmcmplckVjQ3VyUUxjMDU2VXNIREFQbjVSa2tlTXBHTF9taEZVUnlZOXRtdUxLMmZfTHBBMWtQNWNJdnB4U2pUWWtCbGZ3SWc0cy1UelBIYnJIbXNwQkFQREQxQ3BRbVcwWlkyZmpyd2p4WFhJMzBWZWw3STlCZ1hEV21qcFJGZFl0ejZZbVNLZDVRMU40SHF6NGtZSmZtT3E2NkxhQzdkQ3BmR3RBakZUZ2tlVVhKU0xFNzVuaUt4RUIzSjExUGpoY2w5MXM5ZUl2SGhSa3ZoZDllSXU4ai1DZ01vOG8wTUJZd9IB_gFBVV95cUxQcVpBajE2VFRlSnJ4Z2lGOFVnZ0tMMDlFb2ZOWERJVVlRdlJ2Y0ZBamFBX2luLW1POUlwWkZZVVhQUm1mU3A0U1lQUnNjUE4tbnhlVXJCc2x4Wm9qeHB3MkFUazVXYWtDTlhGTm42THhWb3ZZdVpwb1h1TmtSeFN0Z0pVN28zZWhVXzVwQnlMT3lVTmg3S0dia3o2S25fb3ZqZ1owYlM5MU9SdDRfT01iQUhHTnVwVXVWN1B4ZFAzemZXZXhxbEdiTjgwQjFlMFZEMXIxY2ZJT1hlR09yRVFMMFlPZ285SFB4WXgzN0xKc2dNelk2U0pSWUhiT2tfZw?oc=5,,
"Mon, 17 Aug 2026 07:00:00 GMT",nao_identificado,Semana em Recife terá chuvas contínuas e elevado índice ultravioleta - cnnbrasil.com.br,cnnbrasil.com.br,noticia,https://news.google.com/rss/articles/CBMiuwFBVV95cUxPRVEzdnNFbmM2NDdKYk1JY3pYVG9MeWR1R1lGRTRZQ3hqcUpFYklBRVdUUjlkQUJreVB5X1pPWEdRMDBSV2VFZW9TRHhvbE12YzlHMDNUOTd1NVZCa1VzSml4anZ3Y1NfSHhTbFBvazFrd2dtNm9OWnlORmpaVl9IaDNjVHRCWl9nSE9na1FIcjRhY0Rsc1VaOEpCb2dlNU1xc1piX3dXa09tZjM0SEdsbENrOW5HbnVRdElr?oc=5,,
"Thu, 09 Apr 2026 07:00:00 GMT",Imbiribeira,Ação Inverno avança nas obras de cinco reservatórios subterrâneos de água da chuva na Imbiribeira - recife.pe.gov.br,recife.pe.gov.br,noticia,https://news.google.com/rss/articles/CBMixAFBVV95cUxONk5iUjRyd2xsZ1BBeTNnZERPcmpWRzdNLTB0YTl0WWt2cjdTMTZ0TDNMdnh5SWVpeWJRQ3o3LU5oTGhqdVlqcUdlYUNYNlNaMFExSTcwVEpSdDN6U3Q3Ui1ELW13S2ZONUxma191VjNWOThqWUd0elJqc3c5NXVZaEswR08yamJQSzJnTlo2bVNSQm9qVVZPMEQ2dWRYX3UxeHdYeUpEeW9pOXVUUVFxTkJRR0w0RmxGREFjTzNHTThvMnd1?oc=5,,
"Mon, 01 Jun 2026 07:00:00 GMT",nao_identificado,Prefeitura do Recife realiza operação para identificar e cadastrar as famílias aptas a receber o Auxílio Pernambuco - recife.pe.gov.br,recife.pe.gov.br,noticia,https://news.google.com/rss/articles/CBMiwwFBVV95cUxNLU9xRWZzUTBSd1ZiTUFFS0JUcVVaZVBhR0ZoclV5WDYyRFpaS0tpMFhRVkQ0VGVtNnVYTVcyLURqNG5hYW5mTFk3NFZCWWstc1pVU1NRc2NyRE1GQTJBbGVqcndUejhxMjlmVGVOMzdqdG1qY0MyTXphcUNNQ0p4T3JxYk0wRDNuTmdpNU5fb0I2MjFmbzlUcHF4dGJEd3JXcl9sNWQ4SkhMN1M3TzFpaFBxRFF2MGI0MHBhdnA4SEZyQWM?oc=5,,
"Fri, 01 May 2026 07:00:00 GMT",nao_identificado,"Por causa das chuvas, DNIT orienta a evitar BR-101, em Pernambuco - Agência Brasil",Agência Brasil,noticia,https://news.google.com/rss/articles/CBMi0gFBVV95cUxNSWVJcnZ2X0h3Skt2aTUydGNmSW1yM0dZZ2RoOTdwZWZ4dEhPZVBQX3dXaXFtZVVaTkotNDdLWnptWkp3dTJ6RjJaMXBDemowcTNDOXhYd1RxOUFVaV81ZTFRcWlzSEs0RzNjTi1paXVLeU5kSHVQQnZNbFZWUktJRjRlYU8xSFpTdFlOVjZJOHJCam1vZEhUQnFWMTRnRFlxZFdaLWppbVQxTHdxYlgxSFVpX3lLV2lhcmJna1lnWWtoS1J6TmtjTUlNS1RpZnlaZGc?oc=5,,
"Sat, 02 May 2026 07:00:00 GMT",nao_identificado,Pernambuco decreta situação de emergência após fortes chuvas no estado - cnnbrasil.com.br,cnnbrasil.com.br,noticia,https://news.google.com/rss/articles/CBMivgFBVV95cUxPcXYyam8ta0lPXzE3N0dZZmpySjlCeDZNd01UZDJQSUJXSnhvVHlRQWdmR3Rzc3A2cUxWM3pYQkJHMUFEOTFIWGlUYUtia3NlQ29BNzBkd1FKWk5DZHBIbno5MkJjYkRYbWtpN2dtV0dGbmlxU2ZHeElXVzV2bzd2djF1azZCTk5pSDVSd0pmeUVvVGcxWHJwZU1welRIVHljQXpDd0RwTlNoY21peW80cmFOODNOam9mcUFjazl3?oc=5,,
"Tue, 04 Aug 2026 07:00:00 GMT",Imbiribeira,Grande Recife tem chuva acima de 100 mm em 24 horas; ruas amanhecem alagadas - Terra,Terra,noticia,https://news.google.com/rss/articles/CBMigwJBVV95cUxNLXhvWUxha0dlT2xjcmZDUzdBMkNfUHFQcVVJTnFsTlpkcEhZSjJoY3JTcFR2MjN2cUNldHFadzlpZlAwZURkNy1LLU9oWGkwLThkU0pJWWJxVk02MUNqZU5hOEZEQnRtbDRyZDRmMjZOOGRxa3BvaURoZUVIYkJEUTlEd3I5Q0F0a2tUVEh2NC1QN3ZQQkpQb3o0aXdnMmMzQVF5VzBrYnNfYWhiYnJobEdPOWczV2NEWjYxQXdQLV85ZlJIX2dxOXRvZ0ZmTkV3bzladnpHVFhtbXhNR3lOZEpiRXY5LTl4bS1MVjY3WVJYOWh4LUdEMzBBdFM5TjlhQk1J?oc=5,,
"Wed, 01 Apr 2026 07:00:00 GMT",San Martin,Chuva forte no Grande Recife causa alagamentos e suspensão de aulas; FOTOS e VÍDEOS - G1,G1,noticia,https://news.google.com/rss/articles/CBMi7AFBVV95cUxORFp4ajJHOFVvN3pXSTNoQl9LaUJYdVdWeU5lWUtacEdPTVRZai1yay1kU0RieEItd3V6XzhKS0JpMmowLUZ6WUxIYXM3MEtBeWJqTmYyTG9XSGxZeTJGSGIyZ0g0M0pyOWJZaUNMTFB4TjJveUNkSHV2blB4dU8xckRZRDZOb01oM3FFNlBuSzFZWDFkdUZxWVgyUERkdnJlVzZkbGp4UTBMVVRackJ2b1pzcldWNWFrOGxBM2lwUEdhbWZJTUFJS1BXdE0xNkJsdk9zeExvUVJxdlRVVENwS3FGTmQ4MVBYMXczZtIB-wFBVV95cUxPQi1XcklVV09TM2kwRHVUaFJzNWFlaUFwQUJqcHZLMVV4Z3A3Z0pBTTc1NGljREtmRVNCM1hTX3JweDVrbU9MMnJZMHFQd1VwSVQ5TGhvZlhkaDc2cmtCbU1FSFhUTXlKY2hUUTh2ODBMc2Q0Tkk2M1hGMWFETnZKMDZ6UEllM0FwRlNpV192N2NmSUY5Nlc5Z2FwZ3F0R2xIc2ZVeUlGei1mQzR2RUFfbEJWV0lPeXR6cm55MUY2NEJlN3RObjVubHdLX3NucGpRSkxmNFE2WDNIazZNZkpUc2VMN2EzZ1lWOXNXYTNnX21CVnd2ekRIcUtlcw?oc=5,,
"Fri, 01 May 2026 07:00:00 GMT",Dois Unidos,Chuvas em Pernambuco: 4 morrem e mais de mil vítimas ficam desalojadas - cnnbrasil.com.br,cnnbrasil.com.br,noticia,https://news.google.com/rss/articles/CBMiowFBVV95cUxNWVdpcmFnUGkySE5mMk1mbXd0OW54NUhOZ0Vnc0lxU3lZRGc1cTA2a0RfbEJ6eDN6dlZvOU0yMjZsN2lMckpwbjl1dzBJcDRnWEQydkdENXo1UUNXb2dvQ214M2J2cTBjVkNhc3lZbXFOM3NLU1VFYWZ4c3l1YUsySEtMUWJvbFoxWmhOZXBFZFkzRmNMNVVQNFVrWTQ4MTJwaEhJ?oc=5,,
"Fri, 01 May 2026 07:00:00 GMT",Cajueiro,Inundações deixam famílias ilhadas em dia de chuva no Grande Recife; mais de 80 pessoas buscam abrigo - G1,G1,noticia,https://news.google.com/rss/articles/CBMinAFBVV95cUxPVTdZU3NnNEM2U2lydlpZLUViLWJPaXlfR193bGw3a3p3YjJoa0NmSUppNlN5YXBuVnJ1RUNvMnZsUF9JQ0F0Q1JFelBHSzVfcTc0dG50ZkhkVFYtdUZERHNrY185QkFrRldZeHBScDAtUTk1RzZ4bVFiUC1VTDdYNllnU1d1XzJOLV9abWRNdUxOTEM4bWN1VEFEelHSAasBQVVfeXFMT0tRaGtnRm5ub3hfdUdOWE1FbGZIVFpMaUpHVTRvejM4WWZfR3QwUDh1QzJWeHJoekFhcXRwUG4zZnpZdVVFNktUeWFEV3hTY1k3Skg3X0hVVXhtbU95aHl2dWJuTEJWSjVCaDZLeDJfbEl2NVVtQnZheEtCZHlMN19CdnB6VXVjUVFPRmZfRWthU09vZklENG5nRXdCTkU4VzFjbWtJS0NOcDlz?oc=5,,
"Fri, 01 May 2026 07:00:00 GMT",nao_identificado,"Temporais causam inundações no Grande Recife, e cidades entram em estado de alerta - O GLOBO",O GLOBO,noticia,https://news.google.com/rss/articles/CBMi1AFBVV95cUxOWmhMMUc4VmZuQWdBRUV1Q2dfRFRUQ0Y0MUw2eDFpTkNwR2hmSlFwX1lZcTNFc1pxU1hmLUN1SUdlMEpoTG5vUXcwTGFfQ1pmYW5jNV9aNC1CV2hrWl8tVE9pOUViUGI2bU1faEdDWTZBczRmUFJJOWRCcUlmTk1qQmZoSmdSeHNSSTl6cnpGZldYdkJvNEpwdjZUbkwtVHE2MWNuemVUWjZNU1BIZkxrRTAzV1EtaVhuOXhmbmtPb1FMdkx0Qldvc05MTHhibkFFYkItUtIB4wFBVV95cUxQZTJuaUhNd0M3X1R6WEN0T05Md3ZGRENJWC1VLXM1T0d5NmY1YmxrY1hHaFFnbXlQZGI4OW10OHVScVhYZDd6OEdYNkxpVzl2U0RuVFNLRExNY0YwdVpCdXFiM0d1bzBhUGFWTlRqdUY4a1dfdnFVX0dWdVB6bWdBRy1LWUZLUTNDUWVtS05fRFVfTUdERTA5cDQ3ZjZvX25JNmZJQ3h1Y1BVT2hKcmJJQzRTeUdYcWw4VHFYeUw3VmVLMks4WHY4bk1RX2l1WTdoNDlKY3JkaWhaZ1cxcFRpeVIzVQ?oc=5,,
"Fri, 01 May 2026 07:00:00 GMT",Imbiribeira,"Alagamento na Avenida Mascarenhas de Moraes, no bairro da Imbiribeira, no Recife - G1",G1,noticia,https://news.google.com/rss/articles/CBMizwFBVV95cUxQV1c0QlQyM1RicHhGNWJ3U0w4VkxWWF9iRjhlNG5HV09JWk9mc1FKM2JrZ2NSLVoybTRiSmNmOWV3U2tJTTVneVhMM2FqODRJYUh5bGczR3hqajViaFZVdm1qYURNNmYtNzFaWVYzWkl2OWFmcEVtWXc4QmdPdkJRS1BKcUhqLWVndlNBYmh4eFl2ZFlNYVJWTEZRUkU1bWlpTzQwSk8yMHVzT21aYW10V2JKN2M1bkw1VG1HdUI4ZDZLN19yTjBhNThSQ3FZZ1HSAd4BQVVfeXFMUGw0Uk1CeTRCcWNveDNyeDluVU5rUlRjeXFYMndwOHIzZDh1TEN5Mmc3U29XaDJWRXVCdWRGc2s4ekV4dEZ0ZXFUZ2o3X2IyN2U0LU5qVlpFM0xXSE9MTDRyYWtVN0xQaTh4TXpHcXVyM2RickxtR3hlTWZuYlVhM01Rck1kdGFFT2phdm40cFhIWll6eUNyb29EaDYyX1lHd0dnQ2s3MFhhYWdtSzRJVkdyTlJmR2Q3XzZRRlV1OFhpVWoxdlg2TWZOWTJ1YmFLbzNxYkowdXJKTWVVUXZ3?oc=5,,
"Fri, 01 May 2026 07:00:00 GMT",nao_identificado,Chuvas em Pernambuco causam cancelamentos de 15 voos - cnnbrasil.com.br,cnnbrasil.com.br,noticia,https://news.google.com/rss/articles/CBMipgFBVV95cUxPbEpVV2pmSWN0NUc5V05xRklfVFVSUExfNmV4X0puNjE3ZkJqLXlGMnN3ZUU2OFRmbl9ud09FSDRRZTBPem1IZk5pM0V4T0Nxd3gtUWNxb2t0QVhWMGx4RzVmQ1lHUmtIbzQxNXNOTnV0YlB1WFVIdEktSXNhMmhZRFdueWJLcV9melI1V2pJYVZKdUhiWUVEamgtdEpwekxGaE1PSmpR?oc=5,,
"Tue, 04 Aug 2026 07:00:00 GMT",nao_identificado,Chuvas fortes provocam alagamentos e transtornos no Grande Recife - - Blog Dellas,- Blog Dellas,noticia,https://news.google.com/rss/articles/CBMilwFBVV95cUxPX2l1ZkNiNTdqRTg5eHdxT0FnRTVyazJ0Y3RRUGw1bzgtelNYS0ZLM09pdnBQREdVbUJGUEcxR2ZLcGJRX09xVW9vcGt3TnhJenMwZ2ZVSXdHc09sVGZQaTIxeVJvcjRXVHB4ZUJYQjltN3hvWkVUMWhnOTVSbXgwY0l4UDlmeUJVU2hOQW0zOVM5QkMyeFJF?oc=5,,
"Sat, 02 May 2026 07:00:00 GMT",nao_identificado,Sobe para 6 número de mortos e mais de 1.600 pessoas ficam desabrigadas em temporal; saiba como ajudar famílias afetadas - G1,G1,noticia,https://news.google.com/rss/articles/CBMiswFBVV95cUxQY3ZqbnNEN0xRVUQ1SHRtMWtNcmNid0Nsb0NLZHU4SVBKNEI3U1Q2ckkxUGRXUmp4THJrbzRPclhjMTRVLW1NUld1ejVIeUFUZ1FQUG9uWDdPX1RVajBqdS1tZnR5V3J1bE1Za3lwRjNOR182TXBnMWpSTUt1Z2Fsc29nbHNuaFlkZjBvYU16bXhWM2Zwb3EzZ2hUSC1hSTFaV3ZiUjZ3R2cxNnZZU1NCbWM5MNIBwgFBVV95cUxOaFlvNkVIaThYQjhKYlZzeGlTMVRyMEZYSS1SYTdOZi1sMmpsd2szcTFEMGFXamh6VU1LV0ZGVWVTTTQxaHpsTjBKallQR0t5QVE5VVMwOVp3a21yOHdjMTd4c0dUeEllOGduX2JWbV94dXhNTEc2X0RuS2dmUTRUYmFjWXpvQXpMLWhWMVpVTmlPWWU0UzFsTWQ2VkFkcmM0bHltTlhTY2o1aV81TzFua3c2Y1ktaHV1SUs1ME16dVRIQQ?oc=5,,
"Fri, 13 Feb 2026 08:00:00 GMT",Peixinhos,Chuva forte no Grande Recife causa alagamentos no segundo dia de carnaval; veja vídeo e fotos - G1,G1,noticia,https://news.google.com/rss/articles/CBMi2AFBVV95cUxQRDNUVXdxc3R0YTYwbzF5bkM0RTVVdDZJSk1IYldLWEE4TzhsN3lGdDQxQWp4MFFBaGN2SnJhUXRTT0dlZUZaRE5JekVtN1NyaFM2TXpfaHFCa1dBY1IzM0RMYnY2eEt4MVJNVTQxbFdjaVhMT0tiMEhvMkg2VlhTWkFfVTdpNi1BZW5hU05tNVMxYVZrWWtDMXZrT0podUJHTWtVaWJTUlhrQkFaUWdqLU5yeU1NN2ZYcE9rdTNKRmVQS2lGbk5NOEZJNmNqTzBUeW9LRGRXd3fSAecBQVVfeXFMUHpCV25scm9rVWlULVhwZUFUcG9Lb0c1d1FBTzEwQlJOT3JBa09uRjhPbmQyTUJJcS1jc3RxTVFQVExWN014T0VSR1N3ajhIbTRVUjJ6cl9xNC1ITkRwTUxETVpOdUFEWWJSS1FBeEhpNGJjV3Q2MXI4dks5VDZQb0hoYTlzNG1KZE9pQ29pblRIZWsyWXBmX0dnRkNQWWthaVFIM3NDTjl3dUdpWVFQV01EU3NBRVlXS3pNTjhMS0E1X0w1UU1lbzN2bEo3c0ZDVXhyTnBIRXFsaVlRMGh1RWdoQkNVOGtz?oc=5,,
"Tue, 04 Aug 2026 07:00:00 GMT",Ibura,"Pontos de alagamento são registrados em Recife, Olinda e Paulista durante chuvas na manhã desta terça (4) - Diario de Pernambuco",Diario de Pernambuco,noticia,https://news.google.com/rss/articles/CBMihAJBVV95cUxNM3hIbC04MF84c1FFczZ5cXVIWXZIazAzMXFQeTdKYnJ0UTZCMGsycEE4Q0NpdWJ0dzRlSWoxMjd5dGR0UF95dDNjNzJQTE94WC0wZVlKNFlBSU1SV21QZUZkNlBIQ0FXOURpSlBzbDhtNEN3U2N4ZHlOaWpndmxxaE1fWTJPSXBTMVRmWTZ5dEUydFljbjFadHo3M0JWUDFNLVRZLVVRZ0REMTJCRzdRM3ZaWmJQY1IyUjRybnQzNDNUTWZjcTZ1ejNOZHdNOTZUSXN3X0J4aHo2eGlCcG1pTnJrbXBNTy1lWjRiSE1UWjQ4S0pnR1R6VDVvYmZtVEE5VWdwSA?oc=5,,
"Thu, 23 Jul 2026 07:00:00 GMT",nao_identificado,Chuvas: diversos pontos de alagamento são registrados no Recife na manhã desta quinta-feira (23); confira onde - jc.uol.com.br,jc.uol.com.br,noticia,https://news.google.com/rss/articles/CBMi6wFBVV95cUxQMFFaZmgyQno2R0lwTDNjeGQweDdfcklSVThUU3pkZDlZVVFXbFFsSGFjWHo2aUVlOHVuQ2NSNXZjXzhabW44UDVSWTdOOXk4dk9wOTRuTXRWQVEzUDZ4VzRpaVBua2xOcDFkbzlid3U4dTZ0Z1FfamNFd2hXVzhhejFTSTI0UFpSOXM5WHFoclZ5N3ZHUzVkcThaaWdZXzdKZnhxTE4wcTBsU0ZwVVcxbVZNR0FTMlVxb0k0bmtSOTVqVUV6OXA0VzBpZ0xBVHlBdUs4dzZQWkJiSVBsNFhyN0JEQzRCdnUwX1BN?oc=5,,
"Tue, 04 Aug 2026 07:00:00 GMT",Tabajara,Grande Recife amanhece sob forte chuva e alerta laranja da Apac - Blog do Ricardo Antunes,Blog do Ricardo Antunes,noticia,https://news.google.com/rss/articles/CBMilgFBVV95cUxQVXJqWjlhQlNvdDZaV3E0WmVYMzU4U3BjdjZPakZkekxZQ2ZGOG5yMGhuV1FDNFVDN05oUGpHSGNuZ0gxdWd5NVN4VTl3UEh4S2t4d0lsNnZ4bXNiNDR4UHFBRjZNbDQ4enJfU1g5NDFMQ1VUWmIzRy1HdE4zZVRMWGg5ZGJlZENtSEwtekNWMmZlcHg2bFE?oc=5,,
"Sat, 02 May 2026 07:00:00 GMT",nao_identificado,"Chuva diminui no Recife neste sábado (2), mas deve aumentar em João Pessoa, Natal e Fortaleza - Folha de S.Paulo",Folha de S.Paulo,noticia,https://news.google.com/rss/articles/CBMi2wFBVV95cUxPektvUE5NZENWSjlGR2cxTi10c0oxLWlJdWlYbmRYbUhreW1fQ1UtV2hkMmVsMktKZU1ZelRWUGJXbWtlOWgydXVUNWRjYUdoSXdqeEZuVW9iVl9CejdUY295ekZnOW9mNlJ5MHE5QWduVHVPTGMxREJYeGFtcUNTcV9VRkh4MHZ0dDJpME5BMUNRY1ZhTDNzUG96Vk9wTWx0NzAzMU9aMFRIRFFBQVZ6NVNzU3FObzZnZ1RqMG9CclRPTXpzaGsxX3F6aFdUVEZzQVRLWE43SGZseUHSAeABQVVfeXFMTWd0Mk5VemR5T0VZSDVQeDdvZjc5QmxGaDh1UDU3NHJwWnpaR3RQV2ctMFk4NldLMGt2MEFUaEc3REtXWGJ4VUlGVXZqSnRiclhOeFBFSVlEb2Vsa1QxRVAxcWs2djdIS1VSVkNKS0pXVVBJWDd5RVBGWUhlUDZFLXdDUGFFR1FRTk9nQ0JISzNUUm5mekJnNkRiZTJHbkNxNnVmY282VU5LMkxyRkhBa195bE9kTWpaR09wVUZNUkRuQlBfNXlQWlNROFkwLUM3T1lESTU2TzVRWG41b1AwS28?oc=5,,
"Fri, 01 May 2026 07:00:00 GMT",nao_identificado,Chuva no Grande Recife deixa 4 mortos após deslizamentos - noticias.uol.com.br,noticias.uol.com.br,noticia,https://news.google.com/rss/articles/CBMipwFBVV95cUxPZFY2WlUzNVY4bG1iU1JQdXgwNm1DcVRXbTVDcTdYQ2s3cVZ1ZTQ2RVBNbGg5NUl3bXFJTk8tcUtyT2R0amwyX1MxaWRvUjg0UGhnUjM1UVpzdWxTNEYzckIzVlF2QmU5dUpMTmg3STdRMjFYOTdfY3B3bEdNa1ZteF94djhYTjRWME52aTRQUFpxZDRFRmZkWVBjYzBMdzEyT0NJVVAwWQ?oc=5,,
"Mon, 04 May 2026 07:00:00 GMT",nao_identificado,Chuvas levam cidades de Pernambuco e Paraíba a situação de emergência - Agência Brasil,Agência Brasil,noticia,https://news.google.com/rss/articles/CBMi5AFBVV95cUxOVkI3SEVkSjVCd2dybk9Ia1dhOXFhYm9WRmUtS1g3ZG1LLUxsZjBYSXRCYy1faERjdHRoSUE4Q3d6SEJmNWhKNGFDTFBpZDltc3VRV0lxRFowMWxuN2lWUjR4aTBNY09KMkRGRm1RVk9FNVBCSHlDS2U0aXJ2YXczY2xQXzBmQWRHVHdMM3NLd290RzA5M0ltX29ONkNBMjlxZTU3NWU1WUkwa0plbFhaM05iQnMtd1MwY3dKbWZNVERPS1YyZV9kYTRscndieTZwbjhxSmFXaE90WUdEQ2ttSnhwYkI?oc=5,,
"Sun, 03 May 2026 07:00:00 GMT",nao_identificado,"Chuvas no Nordeste: PE registra mortes e PB tem 1,5 mil desalojados - cnnbrasil.com.br",cnnbrasil.com.br,noticia,https://news.google.com/rss/articles/CBMingFBVV95cUxOX2FFZmtxbEQ1TWpNM054dF9nNXVkWlR3dmtiVS1fVWRIbTRyQTNnUE9PcWJLTF9aV1F5YkM4Q1BtcUU4ZklNSDhGMXlmQ2E4dGZFQkc1LXo3N2tGaWRpTVNjWmJzV0gydkJYRHpnWVVsMjd0VHhwM1hhZGhHdTlSOFllTE5icEJZSnZ4TFJQaE9Tdm1TM1ZySVJ2SWVVdw?oc=5,,
"Sun, 03 May 2026 07:00:00 GMT",nao_identificado,Pernambuco decreta emergência em 27 cidades atingidas pelas chuvas - cnnbrasil.com.br,cnnbrasil.com.br,noticia,https://news.google.com/rss/articles/CBMitAFBVV95cUxNSTdPc052XzlyaXF4dkhPdEczX1pNR014U0VwRVBfQUxFU1Z4UnQzbnZfdnlDQkVObkFqeW4wcHltemJraXRKWDBrbGMwMHNaWko5eEZfT3VNRnNUNzlYZWZZb3VuZjZzOXA3ZUhqY0xXRzc4TUlKMktKMVVhVjFEbmI4QUdQMERpRjZqTE5HTTRpekNWdmtpLVQ0LS1hYzdrbHFWLV9Bd3NqY2E2Z0FLblU5ZkE?oc=5,,
"Tue, 12 May 2026 07:00:00 GMT",Afogados,Chuvas em Pernambuco: Recife vive mais um dia de caos e dificuldades no trânsito - Folha PE,Folha PE,noticia,https://news.google.com/rss/articles/CBMisAFBVV95cUxPRklpMUV2UWlmMEsxcURQQmxkQWhVbnk2Y2FzQ1MtUWtGUEYtVXdSS3FSbngzSXpqZ3FRYXduNmlwVG4tLURNMmJsQWRKVWdfWW1Td1hHZVVpNS1EbnNNWkJwaDNaRUtST1kzZ2tjZDhRdS0tcFo0OExhcHdISlBNa01tSUNoRGhwNUh5QXYyelBRUnZkZmNueG85VGFGYlJMZmF5aDN5Z1VaQTM4SWp3TdIBtAFBVV95cUxPNzZhZ3pJWmxULTJWVTN1cG85TzlGU1JTOUxlMHFTSVIzOHdfcHhFLUNRbEVpLTlOYnRRQ1RPN3ozRWxycjJJUlRRcktIVzZaYklreUxmNktvNGhDdzl3WjV3ZXhpdlFuR1ZCcmJEVW9LTmtmVnNob0MxQUJIcjBCX3hTUlItdGJmRXJqeUlsY2c4bUVEeWwxYWY1MjU4V1RydDZib2NIZkxTUUFOSzlxbVdRcVk?oc=5,,
"Thu, 23 Apr 2026 07:00:00 GMT",Ibura,Chuva forte alaga ruas e avenidas do Grande Recife e Apac emite alerta de temporal; VÍDEO - G1,G1,noticia,https://news.google.com/rss/articles/CBMinwFBVV95cUxPNXBscm95VUNSMGFTSmpoZE9MdzdqUlBXMmE3NVROejBwaXNKWjFFTDJnanhJZXphbE5fanRQUXNSUDVna0VOMGFMMHUyM2FtbHFmOUdDVWhUV2V0anRmemt4UEkyQUJGaGE4dDEtblRCWlpiT05BclNvdzRnQ1NVNHpYWkwzYW1DNkZORk9NNFNXNjE2c3c3RGtVM0ZNNlXSAa4BQVVfeXFMTXJGQXNjNDE4YlppZUhGaTJIeW9DZTVrMFhFZjNzSG5QSkhqM3U4UkhndWtaVGxyeGU5dk50eVZjZ1ZibGlkSnZhSU5ZSll5WTJoZ25XNkpuQms5RHlrTFNkNHBqV3duYTE2MjZRYUJjM1h1V05BSEdIbjdzdk1feTRmbHU5MGhoVGI4TjBwczI4RUJndU00bmJaSURFWk1yQU1LS3dQa2MtTDVxNWJB?oc=5,,
"Sat, 02 May 2026 07:00:00 GMT",Dois Unidos,Fortes chuvas colocam Pernambuco e Paraíba em situação de emergência; governo federal envia ajuda - Brasil de Fato,Brasil de Fato,noticia,https://news.google.com/rss/articles/CBMi1wFBVV95cUxQTE9DbFBKQUloYVZ5WmtrX2d3SEc0clNMRk91R3dVTzZTTjQ4eUtZUGNQSE5tZjRkWkxQQUl6WkRLMjE4eUdYajlxRWhPUktod3UtUmhPY0FsdzZkUWNqOTlEbTlNc1F6Rl9GdGJiVmdOQzJ5dnI2ZFNaSDN3NWo2bURibmRvYkhEUWVubjlaZWJXbWFRR2tRdTJpbkRUanpIYV9RQ0dwLUlzbGxNMmVpeXhqM3VZSWM1QmswX2hkTXhCTXVsNHhBdmZaZ0JYQ09QbldneU1OSQ?oc=5,,
"Thu, 07 May 2026 07:00:00 GMT",Iputinga,PE: Prefeitura de Recife expulsa moradores de abrigos municipais durante fortes chuvas - A Nova Democracia,A Nova Democracia,noticia,https://news.google.com/rss/articles/CBMif0FVX3lxTFB5R3dNVklhZThrN18xekUteHJuMGJaU2stdlNOOU5JWjFtOVhwdDJvczNqdnJBdFBELThTc2lvNjNIMDZoNUFta1RFVFpLMnlWQ1QwWl9KY1NCNU5oNEVwVS1VZ1p4b0gxQ09WTVpibExEdVp5TGdJeVBnODVLWXc?oc=5,,
"Thu, 14 May 2026 07:00:00 GMT",Afogados,O constante alagamento no entorno do Mercado de Afogados no Recife - G1,G1,noticia,https://news.google.com/rss/articles/CBMixAFBVV95cUxOTlBiVWFfS0VyaThMOXFnTGFHbkVONTZhT2Y4amlsWUVLNWJkV2xfTkxNMTNwTTh0VExqWXp3MGpCbHozQlB4NzNDQmYyYlhmRDJyRUM0b1FLbDNFQWE3d0xOVllMd09LdEYwdUIwWW5RaS1WMGJiVWREZHNLUHFzRkx6VC1HbERPeTB6QnJVZzM0Q3A4RVYwU3dpRVc3Z1dWei1BOWthckg5R2JBeUtjYXRYYU9Rc0xXZWdYamRpaEMyX25M0gHTAUFVX3lxTFB5cFdtLWxyN041VGxJSjdqSUFsVDhLYWo0R2pKZzgtR25zOHNKLUhVVHdKc2ZBd0VzX2RGaGRGcVR5Q3J1RTBXamM0cVRYMmgtZTlrQU5KVXVibW1TbEpqQndldTZOUlVYeXNLR2lkdXRFODVBUUlBZVRnRGluMW92dTRya0RKeHhiY2o1MERidFFieDluem5xTk93TEo3aUkydTNIRkJ3enFpSlB2OUk3a1UxdUpqOVl5Nkk0VDI4UlIwelQ3T1VRT0FsTkVvOTlIc3M?oc=5,,
"Fri, 01 May 2026 07:00:00 GMT",Água Fria,"Chuvas, enchentes e deslizamentos. De novo. - Marco Zero Conteúdo",Marco Zero Conteúdo,noticia,https://news.google.com/rss/articles/CBMic0FVX3lxTFBJekZXRVBSLS16VWtPYmlDSVg1NnVNWTljdjRCRGh4RFpmSjR3ZmJfeVlzSW9YUHRia1hQM18zYjJYRXFZejJscXNETHF4QkJQaFhoWGlVY0tyUmtNYlQ3Zk5fbnoyeFlxSlFoWC1MX2EtSEU?oc=5,,
"Tue, 05 May 2026 07:00:00 GMT",nao_identificado,Recife segue em estágio de atenção do COP na manhã desta terça (5); veja onde alagou - Folha PE,Folha PE,noticia,https://news.google.com/rss/articles/CBMiswFBVV95cUxNOXo5NjRpRXduMktXdV9OM0JWNjdNSWZiUjF4TUNSXzh2QU9PTG1mYVNkS3lBeTBFNFdLclNEXzhzYk9EWlB0Um9IV2xHOURUMUxDWFd1QWFTbldKQmdVbE9ZTHc2RHJZdlBNN2MtM1ZWN3hQQjFxaGcyRlF4UmFTc0F3LVh3UlVDbDN6UUR5S1RLUjdSX21uREhaWUJoM0xzanBtTVFWVUFfSnJkcWxzemVld9IBtwFBVV95cUxQZ2ZaNnRpd1d1czdpdTVPSVVjZU9LdHQwaXhjY21PcTFLTHBzQVJqZVN2cE5XVE1Za3ZwZ0hURHVONU9CRUpEN3JEelBmT2stTVVaWkRuelp3SGdtb3VwclhXcmxtaWFhdG1NbnJyTUNYTENmdjhnVnZ2WUdSWWVmeGppNEc3SklHNjZGZWhPNGNSZFYteHQtVVN5ZE1NM0ltb1JXU3VlQzg1dnE0eTFtWkh3bVlTOGM?oc=5,,
"Fri, 01 May 2026 07:00:00 GMT",Dois Unidos,Chuvas em PE: Olinda tem 200 mm de chuva e deslizamentos - cnnbrasil.com.br,cnnbrasil.com.br,noticia,https://news.google.com/rss/articles/CBMiqgFBVV95cUxPWVdOeUMwdEFZbGpVRnMtYU55dk12X2dpeGtVYTNqRkNORWtVVk11LUEzOGZQSUt1bFRramp0LVBSZFlnZXBkUXVGRHcxeVFEeFVXWks0ZksycEs5RElDNVdVWTNXYkhHZlpESEZ4UkxkOFB1aTEzYmRyelBWd0ZFdFJXbk1nMnQ1VDlYdmZiTE5BME94clNYQ0J3bXhwVUpmNVctY3c4M2QtQQ?oc=5,,
"Tue, 26 May 2026 07:00:00 GMT",Imbiribeira,"Em alerta amarelo da Apac, Recife registra pontos de alagamento nesta terça (26) - Folha PE",Folha PE,noticia,https://news.google.com/rss/articles/CBMisgFBVV95cUxObFBBck93TllaMVhBV0ZDY09HdnJZVl9sdXRXZHVhMTlISmpwZksxUVFENmxRTkljamNmYnJZRzJhU2tmRWF6aEJwMzZ3WnpLLUQtcXFtYzBXRGhPaEFvOFZWQmRvV1RKLWpJV3FNUWhiMnI1eW51ZGVDT3N6aWQ4Z1poeVBERUFCaXBHUnpLbE9kR09VeTdNcmlZTkVkRlhPaFZ5am5SUTJGOEZlUnhZVUlR0gG2AUFVX3lxTE1RYU81UXZJSlFSdXVhMnlkZ1RCNEszY2lNU0JJenA1T0FPWDRDWTBQbHRuX2RGZVNWRzQydnBDbHgzTUhVNDNQRTYwTnJhZVh0MzFHbHltc3p2cDdtdEhUX1F2bGVLYjZyTDdHUi1ocF9qbzNORGlxU0g1Tk53elpZQWxMTFQ5SFRMaHZDcnNYSi12TnpXaHVQQXkwWWRRUlV6TU5IaWpGTzVQWlowRXd3ZVJkdFlR?oc=5,,
"Fri, 24 Apr 2026 07:00:00 GMT",Boa Viagem,CTTU realiza desvios em pontos de alagamento na Avenida Recife - cbnrecife.com,cbnrecife.com,noticia,https://news.google.com/rss/articles/CBMiogFBVV95cUxNSzZ4M0ZUdEZEM3BwamdmREVsMjBuREliWDNhb1hyc21jUFRFMkFCaFFkWEU2VVp0ZW5mc3dDcVhIcHBia0k4TE5xU3BZUDhQTTFNZGpCU2Q3X2hwRjA2TkFybHV1Q3lEdDFuMDJTUUsyRzVhUUc0MnN6UXNGazM0ZGh2SFBHb3BDa2o2N3YwQkRNUzNnUmNlcHJ5X1pXOWUyeVE?oc=5,,
"Wed, 27 May 2026 07:00:00 GMT",Afogados,Manhã de chuvas provoca pontos de alagamento no Recife - cbnrecife.com,cbnrecife.com,noticia,https://news.google.com/rss/articles/CBMilwFBVV95cUxORGpHd1FoY001RE93cFRDWlN2dXJvSF9jNXlTYVRUYzAxQmdGU0hyS19TQUtqQlp1Z21DMm92MzA4eW5VamVsanM1dEx2OWVFOWdpczBvRTFEZHEzaUdqSkZGcFRxWnkycmE3MVVySldLenZtRjM5OENVX00zYUZEUnF5cDJGeXNsM0VhaTVZWFpSVUpnTDVv?oc=5,,
"Tue, 18 Aug 2026 07:00:00 GMT",nao_identificado,Pernambuco tem alerta de chuvas intensas e rios entram em cota de alerta - Diario de Pernambuco,Diario de Pernambuco,noticia,https://news.google.com/rss/articles/CBMi3AFBVV95cUxPNGhYQWVCQXZrRksyTkROOVZBdWRkck1qRGtuZzk1My02NTlmSVh6LU82bFN6RHczTFRLX0xsQlVjTzNuSVlsZzAxSDBvU2Ywc0lVM0RVREp4c0R1QkFJUkhua1J3TVlEY3ZuOFBwYU9wSmRKUUR6Ync4Z21KSWVlVGJpUE5hNDJocUxBSU5MdzAzc2treHVqbFNzN1RqVXhRTFdDVWlFTnhHQnVVcnVBX3lMYUFCSG9fclBQcF9Rc3BFYUxDY1hFLU54amk1eGgtLTdkdTFLN1BsUGts?oc=5,,
"Tue, 18 Aug 2026 07:00:00 GMT",Boa Viagem,"Chuvas: Apac deixa RMR, Zona da Mata e Agreste em estado de atenção - cbnrecife.com",cbnrecife.com,noticia,https://news.google.com/rss/articles/CBMipgFBVV95cUxNcHQyOV9TS0hHR184OUdRSFFwREliRHBXWVI1NE9PNnIteHpsRWtVWF9GV09SU19LRThrNkpEZGdORW5hOFlDSUVZUk1Vc2hTV3o5STJHMzJCenhRUVpYb3h0SDcxUDlQMWNLUVJXcnp3T2ljX2c2elhzV2d4dDlJdnd4RVV2M3E5dlNFRU1SN192WUsxNnh6OXNFYnVlRWstNjV4T0Rn?oc=5,,
"Wed, 27 May 2026 11:39:53 GMT",Iputinga,Recife tem volume superior a 55 mm nas últimas 24 horas; veja onde mais choveu - Folha PE,Folha PE,noticia,https://news.google.com/rss/articles/CBMisAFBVV95cUxNRXcxelV1RFJTZlFoN2EySm8wVG5ENWZmRzk2cUd6YmtBeXZtRm9vd0RMMjM5bnk0YTY4OFNPcmlBcUZUVW1KR2FKenhkeVlWVnF0RTBoOTd0dkNzOFowSmpiVl9JN1VBNVR0RDlsdEY3ZnBVby1uSzVtc19PdENJOHpQMlBQRHpiZFF4Ri1YVDNLdE00VkhXTDF6X1VNcWczR1VmcGNEdnoyakJVeTQ1bdIBtAFBVV95cUxNd2N5Qi1NV1FxY2wzd1FMTjRVT2xqMmRuZkRoSTBNSE5nOUFxbXMzdjJEdmtTV2pPVFhwcjlSejBfLTR5YXFZZmFUZFlpWVEtekgxQ2VadERpM0FjQXNscXJBdjZjRHVqbTBRR1NvaFlueVVmX2w0cUV4SFQxUUZ2Y3FTLU1ySlM3NG9GNEcwMEIwOXFqWExhdUZQaU5iRlozeXAwd21FLW0xOVlWZWpRNWJNMEs?oc=5,,
"Tue, 07 Apr 2026 07:00:00 GMT",Boa Viagem,"Com mais de 84 milímetros de chuva em 24 horas, Recife registra pontos de alagamentos; confira - Folha PE",Folha PE,noticia,https://news.google.com/rss/articles/CBMiswFBVV95cUxPNXRjbzNETi15MmJJQW5Rd3puU1lRQ2FHZnAxY0l4Wml4WVVTVVhEcm13a2QwWmZpY29Yb2lpeElmS0ROd1pUaUNtTUVfdGlHaTVydFFqODVLZldvYnNmYzZrMWt2TGYwZzJlOTkyYkJUdUs2bkVCdTFaZ05BcjNhTU9tS1lXSGp6Um9seTRGSTJfaEs0cGlNLTN3SExWYnpmaDlkNVhNSEdfcXNNbGdjUXE3b9IBtwFBVV95cUxONm5EdDluRDNWZFp5S1lpbHVQNExZSV9FbVlfSHJUNGMxeDVfUGZnLXg3eEFnbk1tU0lOVkhwUk9DT1dndlI0TGJCNkNxSEI0TU9lc0U0THhBenVVY2kyaGdDNHJnMkZCeW91NnBkWklWYTNpemgyTlAzRHZIWllmaFA1MHZ5a0NmMmZlRWtxMmRJd0V2M2RkV0pKZWNBTTFDQlltbUxsZ3R6VEZCOE42NTB3T3p0cFk?oc=5,,
"Mon, 04 May 2026 07:00:00 GMT",nao_identificado,"""Não adianta dizer que foi desastre natural"", diz Raquel Lyra à CNN - cnnbrasil.com.br",cnnbrasil.com.br,noticia,https://news.google.com/rss/articles/CBMitwFBVV95cUxOcWdDWEpKSWFkTk94NGhmaWJzZFRwV1hYblZpOHcwZEZ6b3Y5bkk5aDFUV0h1TTRqMlRJSkpyUGNjS0ZwWWZyMmltT19NVzJ0TnlubU5pYW90TkItLUNUNEE2TC1nMl8zaG15T3VrM1NhejJhMGNqZGk1UF9kcER1NmhiVDI3ejl0cUhQSFptMEw5SHFHRGVmbk5lOVZNZlFidFltOE95dHVhOFB4cGxmdmdIQ2NhLTA?oc=5,,
"Fri, 01 May 2026 07:00:00 GMT",nao_identificado,Urgente: Rio Capibaribe começa a transbordar e afeta Recife e Região Metropolitana - Terra,Terra,noticia,https://news.google.com/rss/articles/CBMiiwJBVV95cUxQRkJEQmFTRUFoQ3RpT1NiXzhUUDcxZlpWTWYzUjlHakwyNVlMQng3V01EcENiMVEzUzdLTWRtT181QjA0VXNqSkRsYzlfX3hsNHdjMkxScDU5ZXJQSGVLRzBTNGFmR1hDOFI5YktoaHZadTFlLUVuLUNLUzJQdl9Qa0xMX0hjbG93UVY5eDZiWVh6MTdWaHl4dXlGQ1R5ZWhGUk1QeHJ5Z2haUWRwVWxCOXZ6R21URHJYcGl4OE5tZFU2T1B0TkFLUllNWUh1ck5iQ1E5cFZlMDNLYUljMGc1d1E0eGx4b0tUdWRDdXZJUW1zWG1OQkF4WDJxNnFMZjBLWi1kZUZjQkpCNzg?oc=5,,
"Tue, 12 May 2026 07:00:00 GMT",Afogados,"Chuvas: com volume superior a 40 mm, veja onde mais choveu em Pernambuco nesta terça (12) - Folha PE",Folha PE,noticia,https://news.google.com/rss/articles/CBMipgFBVV95cUxONWFsTFRMY2V4UVNvVmhvZFg0dFRJNC1jMWZ5cWJUdzdwMVJzOHBBRkQ2ZW1QeVBjVnlUZW1pV2R6Qm1Pd1JiX0t3OVF2VUx4SG1lUzNVcFVKOWgwdVh3YU5QM01nblJKWURNclVyMlZoclNXLThSRDM3Yzd5d1ZCNFZVT0RZWlliTEpQVHNPaEJlTGRGUEpCR0huZTUzaENvVkFlbEhB0gGqAUFVX3lxTE9iYTd1OGVHWUNJOW5DTFBXVlY4QmpJMEhDR1FacGtZZVVtdDRWZjVlY0ZhMFJCdkpuNjhpV2JId3Zsb2VOb1pmekFYQjdrZmlqVWdLUEpmR1otUnJNWjZpT3hYUWQ1SkJjNW42c3d3bklPd1ZqNjM4SG9zQUNCOTM0VndoU2Z3Umt4NGlkMVpPQjM3Mk0tN0dfMXNrem9LVjhsWUdVZ25vZlFn?oc=5,,
"Wed, 01 Apr 2026 07:00:00 GMT",Boa Viagem,Fortes chuvas no Recife causam alagamentos que geram transtornos na capital nesta quarta-feira (1º) - Folha PE,Folha PE,noticia,https://news.google.com/rss/articles/CBMiqgFBVV95cUxNR3VPX3ZPZ0x0eG9JX0VLZElPMUt0YnlpNENTMWw1MnJYeEp2ZW9CUXR0a2QtUVIxOVp1cUt3R1VfVmdCZXpRbGU0NVM2cXNYc0hVM2hiOTcydlhFT1dlWGt6eTRyTFNnTFZkcWhVWHNsRXlxVW9xLS1acmxaejdJaC1HQXhGSzNURkwzWGdVTkNvQlVBN1ZXV2VmLXIwSFdaT1ZVTUxOUVF3d9IBrgFBVV95cUxNcm1UYkZzMnRDWVY1b2pRbWpYZ05PM0s2YVlpNENIanJqLVJfRVp4QnR2eFJSM3NaWXhLZHJheXRuQ1dPNGl2dy1OZjlKUU5xYmdZUS1kUXZNYncwdWtUT0JTX2RINENqVTZIckRGSVVvSm9xUkFWclUwWVlkMU1ka0RBLU4tOU9VbWJzYmVraHdIaXBCNnhHelNhMkJ0TzJCdGp6U2hNcWJSSVhDMFE?oc=5,,
"Tue, 03 Mar 2026 08:00:00 GMT",Beberibe,O bairro do Recife que sofre com as cheias do rio Beberibe - Nexo Jornal,Nexo Jornal,noticia,https://news.google.com/rss/articles/CBMinwFBVV95cUxPdFBVMWowRDNZUjQwa0QtWjRueWNHcG9XSUVmU09Jb1dwRjNCRHBpSFJlaU83ekx3N0ZyWDctdkotTmJ6RXVBZjJ3UEwzd0p1Ql9yQlRQbkhfb3dJSXQzN2Vua29SdFJ5Ul9tVzZWRFRxZ00yNW1mSHk4eFFpSTR5Mzc5ZHRxeDRVaUlTYkFhOS00cVN2ekVWZnZfUWVMMjA?oc=5,,
"Fri, 17 Apr 2026 07:00:00 GMT",Tamarineira,"O que são parques alagáveis, como funcionam e por que o da Tamarineira não é um deles - Marco Zero Conteúdo",Marco Zero Conteúdo,noticia,https://news.google.com/rss/articles/CBMiqwFBVV95cUxNTkVVanVFdzRvYlZzVGoxMW9sX3U3N0ZHTTVVaXp5b2I3YzhBd0h5QWxHQi1LSnc1dmlFVnJJbjNkY1VHNGNoZHFHM19QS1c2ZDBHbnd5WjBZdTRucjRmQ1BnTS1iOUNBV0Fxc0JDbU9tclJVTTZTVWl2dzFBU3hYWXdhMUJLTzBOUGpjNjhNd3ZYR3pxZVNLLVVVYnlQT2REOEF4TGJFbWFHOTA?oc=5,,
"Sat, 02 May 2026 07:00:00 GMT",Cajueiro,Chuvas fortes na Região Metropolitana deixam 4 mortos e Apac emite alerta vermelho - Jamildo,Jamildo,noticia,https://news.google.com/rss/articles/CBMitgFBVV95cUxPek9oMElRcGVhM1FNbVRNYnN4TGxLMldHUnpYem9LOXE0VG8ybFpfSmNDQWJhT0NkRWlhTGVQa0F0VHBjTGVQQkJXdHNBNFhRWWp5QmI4THM2S1FHbUo0blk4QkxsOURSb25xTU0tcDV0Y1lmRU9ZMVktd0NTN3lTaTZUbkRCbV92UE92M1pwRVdlR1hxLW0yYm5oeU9mby1kRDFkNlVnQ3dhRkdocXRLSVVvRW05d9IBuwFBVV95cUxQM1lEam5LTEZ3Wnoyb0hJdHRRbXVIVXJGOXhpbW1ldmY2a3kzbHZ5VWthVUh5anZGZUtXUHdoTjVLRm05UlMyTGQ1ejhhTEI0SlFtMU1oazJ5dEh2ZGVkQWZRVTcyS3V0LWRBTG52ekZ0Qnc3NXVTUGRudkNobGd3N2lSVTRScWJOM1FvRjM4M3E5VU1YalVUbXh1OHRxMTd6Zjlibll0ajh4c2VYdWttNUEzeGVuZTZXMUxJ?oc=5,,
"Mon, 20 Jul 2026 07:00:00 GMT",Madalena,Estudo mostra que pavimento permeável pode ajudar Recife a reduzir alagamentos - Diario de Pernambuco,Diario de Pernambuco,noticia,https://news.google.com/rss/articles/CBMi5AFBVV95cUxOeXNMM3F0TThDb0dfX3VwS1lsNmxXdy01V1FFcUxmQnI5ZVJFYTJxaGpLZjN4dHo3SXBmMlo2bzJEbi1VdVl5bGNYelBVOFlxVXdlSkxLeXVDZ0N2OHJDRFg4ZEFldy00M1VyaHFuMU5FZzNRUDVuNHo4ZHRteGkzVkhQVEN3eTAxZXdSd2ZqZnBHamxnekVBdDdiR3RZUDV3R09HR2dma2pmSzJ3eUtHR3BNUms4OXFyckRLYUNaQmpQb1FGanBBTl9MVmVoSnJiUDBMMGhETUlHTFR1VnZZc1RfcTU?oc=5,,
"Wed, 01 Apr 2026 07:00:00 GMT",nao_identificado,Chuvas no Recife: APAC emite alerta laranja e municípios cancelam aulas; veja pontos de alagamento - Jamildo,Jamildo,noticia,https://news.google.com/rss/articles/CBMiyAFBVV95cUxOQUdXYXZNQ25FUzUxSFRRNmcteXJYYXpGWklhMGpLeXd0UmxTRWdIMUQwYl8tSktfdjJGQVpBb21saUpzbmVGdHJCVGdDSmRJTGgwM00zUzloRUNzbFR0X0VSMGVTQnBVdUtWQWFjOVF2QlZwT2JGRVJMUDk5MmViWTFkcGx5NlNReXlFQi1xeUU0OFU4Ukd0aG5TZlNWNjg4RXZLbjFJVHFfUmVVejhRMUcxb0ZaNFpvdnhxUzc2YjE4b3JvMW9FNNIBzgFBVV95cUxNamtodmVhc283NHFESXF0bkwwOGFxYmpKajg3Z1ZLSkIyNHhCYjJzMzlsUDc2NmRxRm96cm84OElEbWZDeTcyUnFET3JoMU1xNzRjc3ZKd0JxR2luMGZubkV2ZnVtbHAzamxaYno0bW94dTlEQ3BoWjdZaVE4UFJzRGtha2JvWnhFX2xlb3NXWjRzTHJud2xtaUhWd0VSNzlLcTluQU9wRGZ3T1NPQ0JKVkZMT0ZkRFoycWt4dG9hNzlpR2RfUGdsenlnMDVVZw?oc=5,,
"Fri, 31 Jul 2026 07:00:00 GMT",Imbiribeira,Fortes chuvas provocam transtornos no Grande Recife nesta sexta-feira (31) - Blog do Ricardo Antunes,Blog do Ricardo Antunes,noticia,https://news.google.com/rss/articles/CBMiogFBVV95cUxQUHFkYU9UM0Vqa2FXaXhiV3ZoLXdncGZMdWNPRmdueGN6eDVnODBlQ0oteURtUm5PNWZMM2EtSnNvZlR5eTR2UGRDYmozT1lxcE0yUFZ0Y1pEc19sY2hZWWZ4RTd2d29mOF9HYUozR01vSFRSaXg1RmdFcU95YTBlUWtmSzlkT1UyUVBqcmh5SkdXNU41WklEcE5LbDVLUVBNYVE?oc=5,,
"Tue, 04 Aug 2026 07:00:00 GMT",nao_identificado,Grande Recife enfrenta madrugada de fortes chuvas; Apac eleva alerta para nível laranja - jc.uol.com.br,jc.uol.com.br,noticia,https://news.google.com/rss/articles/CBMi0AFBVV95cUxQVFgwN3pmeDl3Z3hPM1V6RDZZTzZGRVpsSC1XbW9BcXpxakZDcFpMV2taZDJsVG1xTlF4QlZQUEpzbml6WkRkb0tNMUpGOThwNF90U2lWelFtaTVBRF9EMXZCOVk4NDVodXN6bTFwb240akw1ZFZtWWE4OEZKWmZkVzN3MVpiZnlfNnpiV3lCS21yU09TWlkyMmNkUGdramczYlRZX1YySTI5WFdXS3NLS0dva21IVGdSQkR4VVlwQmVIRlRPR1FYWjZNdjA4WUZX?oc=5,,
"Fri, 24 Apr 2026 07:00:00 GMT",nao_identificado,Chuvas deixam áreas de alagamento na avenida Recife; CTTU monta pontos de bloqueio - Folha PE,Folha PE,noticia,https://news.google.com/rss/articles/CBMiswFBVV95cUxOV2x0b04zemQwMFNyeWdGX1hEdElYTUdsb2NRN282aDBORzQ1eHc0ZHMwajdveEdkNkRublczMFd2RWxLdzVtTnVVWFkzal9sN1VROGJMdUNGcVo5SlRNODB3dFV2aGMwMExQNUhmZHJvT1o3azlKTS1CX2hxdzZrQm5KUjZOWGRzVTdVRXB1dkJUY3Y5Y3QtZUxMbTNWY3Itb2xUekpwNnpfOWhxZU9zbzN4a9IBtwFBVV95cUxPdmlfelN2Umk5REV2czQtM3M2cEdHMG1MNWVOTUM2OHZnVVRkM0ZsWW8taXdmNmtGLW0yd1ZBSm1PWmlyV3RObVFtVkNwNGR4ZWo3N2ktMERRNnJNM0N0N3RDN0FLdzN3V1JFdk1fMVp5bmhFOVlHaXV1VUM1c01iUXp3VVZ2TFRQeUItQVVMNnZCMXVabEJDNUhCYzNrTUJGU0J5NVppUkhKei1HN3RiOFpRQ2EzX1U?oc=5,,
"Tue, 07 Apr 2026 07:00:00 GMT",Cais de Santa Rita,Chuvas deixam Região Metropolitana do Recife em alerta nesta terça-feira (7) - Movimento Econômico,Movimento Econômico,noticia,https://news.google.com/rss/articles/CBMixAFBVV95cUxOcE11d0x3b3h4V2V0cWFoMXV3RlFxMEtUVVBEMkpjX1hfUXpmc29DWkVtWjVDdkl0amg5VFpIcGJxN1J2ZEktRTZ2Vi1rRHE1SDFxQjN4eG52OHdRWUF1alI5eGlmd210WnpocGU4bmZTa21GbXVfRUlzeUZSS3ktYmtZdXBoenBRbHpPNkNIeGhrRkM5TVMxdjlYMHFfdDdsRXNpTGZ0bGNKd19IUkZnWWoxZXV2dzFVZGF0WFByRDRBekRi?oc=5,,
"Wed, 01 Apr 2026 07:00:00 GMT",nao_identificado,Veja os pontos de alagamento no Recife após fortes chuvas nesta quarta (1) - jc.uol.com.br,jc.uol.com.br,noticia,https://news.google.com/rss/articles/CBMivgFBVV95cUxNRjNyOGhILW02Ump5VXJQdEctUzdtZmVNSGgweGVDRDl2N1VQLUl4c3FtVUhhZ1ZJeU1HUEFCM21yTEwyUUN5bVRlVHNDV19HT3ZmQjBmdVJyMS1UT1BETG5MdVZOeXpQUVhvYWxlbTlmYTlocVhfVDhYS1dpbFl0NkdnVDZSOGYyd0szbFNLVXM4SXZGU3VaTnFscmRSTTFBdG1rVkFIQ0FjalBvZXQwNkNXM2l2RnFFSDZkQzhB?oc=5,,
"Wed, 19 Aug 2026 07:00:00 GMT",Afogados,"Recife investe R$ 2,7 milhões em obras contra alagamentos em Afogados - Blog Cenário",Blog Cenário,noticia,https://news.google.com/rss/articles/CBMiqAFBVV95cUxPdG5HS1J6N1VyRUF5NEhZRGRoVndxbGJub0hidUg1RXJ5cnJxR0RiMlkydTBxMURBOUk5NTNpb3hIc0NuVjlUUVRKQWdaUjFPRWVPUG54SUU4YXZjSUVQT095Q0FYaTdWT3BGSUhPQnZoT3hSWVdZZlFiUzlKYVF0S1RvWXAxekNZYlVEc3BWNTRMaTc2YmMxcnZFTGc1QmtmRW5kcU1sS2o?oc=5,,
"Fri, 01 May 2026 07:00:00 GMT",Dois Unidos,Deslizamentos em Pernambuco deixam quatro mortos após fortes chuvas - O GLOBO,O GLOBO,noticia,https://news.google.com/rss/articles/CBMizAFBVV95cUxOdnlfX1BKWTgtSVo2ME1tOFdBVThJVF9TQ3BYU05RTXZYWVRzeE1yTGRtdVptNjc2X3hjWXprTC1pOV8xdExEMEQ2UE81YlVPbXFaTUdxbmdxV3U4WnVhQjFZOU5uUVhBZUk0dldzb0hjdGpCWEFRTW5GcVo0N0FXNlRyRVF3WEJFMlZnU0pvMlNtTmZxbm9JTjJBLXR4Y1AzSnhwcGVnMEVReURDRjZNM09VblpscVFxRmo3RkF2Q3hDLWljMWp1aTV5bTnSAdsBQVVfeXFMTkRnRVhxekZOTTBXNUlDclBqYzdNaW85VUYxN3RhM3MyYWNPcEw4RDlKMXp6THhncXdLREVidGdpOWlyMXk4TWpFMVBXVzd5TkRXMzEyd3lrbU9QenZFQVRJbDkydUpCeGNWWmgyR05zVmZHNHRwalp6aVJNdGgzUTNBajVvdXZRaEhOd1hIQ1JfQm9XSGNxQUJPdkQ1TFV4Mlhja0tOelYwbzBwb2YyX3VIX1FjQ3NWZXg0Uk1VemJFWWIzSHFBQXR6bDQ4VUN4RWVBSVc5OFZuUWdB?oc=5,,
"Wed, 01 Apr 2026 07:00:00 GMT",Campo Grande,Chuvas intensas provocam alagamentos na RMR nesta quarta (1°); veja vídeos - Folha PE,Folha PE,noticia,https://news.google.com/rss/articles/CBMirgFBVV95cUxNVmdYd092T1lKM0tZSlN5a2p2bGNPWDJBZHFKQlp1T1AtMjFtNk9VY044RjNkRGV4VUhPVTh6cG5RT3d0MkNpMGt0SFFvbDJjVzJRYnRNajh3dWJOeTBCeFFQUEw3MnhiMS1RWWVLSUhvS3p4dXJhUmR5QjUyVWxER2gxLUM2UjhOMXd3WUx0VHRvYXdjQ2NJSXYtUlQ1UVRuSjdqQVNnNm1kMGEyRGfSAbIBQVVfeXFMTXRrZTFQMTJfMXpmNmIxRUEzaGZKall5NXZ1TDB4aVdZMEI2VHI2eEdFdjQxd3ZpRmk3MXZfUkpPZzRKTFB6Ym1ZWW5Xbnl5T1l4Qm81RFd1Zl9QdTl4SmhUTjVIckcxQjROWXV4eXBLM1lvWnRyeko4Q0xuN2JxTUY3OGM4cVRaUWE5R3ItaV9fYWFBTXBQRTU0SHpVa2tXMTFuOU9kNnhXRGFVUnJha2h6dw?oc=5,,
"Wed, 22 Jul 2026 07:00:00 GMT",nao_identificado,Apac emite alerta de chuvas para o Grande Recife e Zona da Mata - Diario de Pernambuco,Diario de Pernambuco,noticia,https://news.google.com/rss/articles/CBMi0AFBVV95cUxQSHhMTGtZWWJzU0tYNGluZjFzVXRGSjJ1bTJrTC1HeE9DcEhUTVp5VmJKdEFZc0VtT1dfLXJMYmhGZW1TN0d5bllSRl9Sa3lkd2NPaE04MWdqZEQxSHI4LVg1NVNNXy1BNmVkSnJxWFZZd2dOZkJfV3RaWTVkaFlGZVJmSzVhT2Z5cDJFd0RnMVlXbG9SQlFvOGZ1TnpSM1FwNko2eTQ2UllBUW5XdzVBYjh3cDRDSXdEd1lkNHNGYnJGbzlLa19MMWhRT0c2c0Ut?oc=5,,
"Tue, 05 May 2026 07:00:00 GMT",nao_identificado,Homem é arrastado por correnteza de enchente no Grande Recife; VÍDEO - G1,G1,noticia,https://news.google.com/rss/articles/CBMixgFBVV95cUxPUVFRSHNON3FEZWg2QVJNOEk0ZFgwSm1DeE5BSWFPVG1NVnBzdExYODBfZlhnYURwbDY0eXhPVVp5TlJHUjJQNTRmbkJhYW5OVVpIeGVFb3ZTQ0pvT1c1bHphRF9weUJZM09uYlNMM011dzF1Y3Bmd2gyeEpzNjZXbmlVaFZzVlZqVWgyRjZzVGo4YlpMQ0ktaVBnblZ6ekt0dXhnZkNCV2lYWGR4REJXZ24zSGdpdVZCSmhseGhacVF6OXZxTUHSAdQBQVVfeXFMT01wSHlrZFRxNzhBTXZodXFKQ1ZqUy1HelRSaHN0OWlKN211by10NXdwQ0xaNDF2YmRvc1ZqME5ZOGZ5Z2pBRW91NGhtWUFDc0stY2V1Q3d2SmljcWhuLUJObEFka0lUbjlaTlZVaVdWZndfLUlONm9iQlpBNVk3QlVta2Fnbk8wQi1lc0txZTFJUFctakF0NEM0X2VLQkh6ZWUyc3dpTk9YWmZHRWpHYWU1MmQyQTlnbmFLcTcxNzh1WFpPTTJvN1JTMGprZkd6UF8xZEQ?oc=5,,
"Tue, 04 Aug 2026 07:00:00 GMT",nao_identificado,Chuvas fortes causam alagamentos e suspendem aulas na Região Metropolitana do Recife - cidade997.com.br,cidade997.com.br,noticia,https://news.google.com/rss/articles/CBMirwFBVV95cUxNX2psdmJ0dm1maDNMVEJnU04ySk9FaUx2UkZKQlR1NlU4REdrOGhORlBpRTdNZmNsd3JYMGpVVU1QMjFqZnlCYU9TaVZhT2ZNaV9PZGlCTDM3WTV1bnlWcjl0aGw4NTlJM3k4dm81Y3pNeEdSNnBZbnduRlRPV2hUZ016bjdCOFI1bl9Dem9CZGtiWHBLcjRkTkhLRThvV3RnOEd5MTRuY3g0dy12a2FZ?oc=5,,
"Sun, 03 May 2026 07:00:00 GMT",nao_identificado,CNN mostra imagens dos estragos em Pernambuco após temporal - cnnbrasil.com.br,cnnbrasil.com.br,noticia,https://news.google.com/rss/articles/CBMirwFBVV95cUxOU3hzSGxQWjVnMXh3UW9MekxZTEtJMzBzVXZNMGpzSDR5eURXMUVPUElJNWR4aTJVTGo3Y0RKZ3o5amoyV2xYM3NIZlJoUmplR2F1MXVIMTRaTldxT2JPMFk3SmJ1UzlQZ2RFS0tYMGRpNzZqdWJiYU40bHdRY1FSeGhqNDRZUExLa212QzlFTGJGU0xBV3pIa2tYdE40UWYwU3loZWFCamlTT29rZHhJ?oc=5,,
"Tue, 04 Aug 2026 07:00:00 GMT",nao_identificado,Pontos de alagamento devido às chuvas causam transtornos no Grande Recife - LeiaJá,LeiaJá,noticia,https://news.google.com/rss/articles/CBMiuAFBVV95cUxNb1FpLUtNQW92d2ppYnFHWHd2NEs2YVNpSnBvdjRlaWtKM1NZV2ZwQXVrOU9HaDVZR3R6OVlqU1NQTlpEbjdsWFVOdGdreElFYjM1aktzQW9yMUV2amJlYTZFN2ZCSTRPNVNQcUcyaE9UZVk4NzZkLWZlTnEyekw2TkZrMTlfb1ZhTkpreDFfaGFSOUpjdFg0cWtaTEtyeXl3TlpmQ3Fxb1Zpb0R2c2lVYmdzVTlKMUsy?oc=5,,
"Tue, 07 Apr 2026 07:00:00 GMT",nao_identificado,Recife segue em estado de alerta após fortes chuvas; duas pessoas morreram - CBN,CBN,noticia,https://news.google.com/rss/articles/CBMi4AFBVV95cUxOX3I5a2R3NVNXUWJjNk5WM1FQOEF3cG04WV80MFpOd25zSnJYMTVQT1FfTmE0cllsSVFrVlNETWlybVFNdXdkQzQ1TndOeVc3djlsOWpqaWdVMVVsRzBFMDg2SVM0YktySDhOd3U2YkViNzlvM1ZLQm1sd3dzaFdZZ3ZfbFJlSXVLSGRlamNzSnRGQTNxYjRtVlkwMlEwQUFYR3Y4R25iZEYtS3djX2twMzRsbjMzN2JPWmdRZjZMWVFrQ0kzSUtlcllmWW1ZbDZBUjJNSzRlenlRcEZFS2ViTNIB7wFBVV95cUxPbWZzWjgtZVY4NHJGNHhjWHgxaGJCejFMM0djdG5Qd2F3MG1DN2ZaQ20wYVY1elVsQ2ktbnFCTktoaHdXeFY2WHdTb0pWdEw1S0VVOFFuSzQ3cGdsd3Nyb0VPSUVjQXRTZlIyai1jTjF1R2hHd2NKZnV3U0w0ai1WZW1nOE5KM0V3NjhSa0VWSHA4LVVuVmlvTE9yVkVPb1RBNW9ZZDBFMTVjLVQybVd3Tm5IaXljd2Jfdm5IZHlFWEEzY0cyRktGUkZfdzBVSk9nN0xvb0NNUWR6RG1qYkVEeS1iZldFeVh3RHlxcTZjaw?oc=5,,
"Fri, 01 May 2026 07:00:00 GMT",Coqueiral,Ramal Jaboatão do Metrô do Recife é fechado por alagamento de trilhos - Folha PE,Folha PE,noticia,https://news.google.com/rss/articles/CBMiswFBVV95cUxOTndWaXRsZ3JQMXpiV0xBbm5BRnlvc0JDbnpJVkRNMDU3YW5QMWQ1YTZSQVZQSE1XdGJ0WDBIZmJ3bTd2clBsYTdCdDQ5X0ZMZ1FRU1hEa3AwdHNna3AtUno4R2FaODN4dDFWVmxJQnZmc19feVg4V1NmTnZkYTJJSjNGZFozdW1iZ2RBVlZ6WHhaX1N5bUpBdVU2Sk5ibVRic3hZa01BUXNoYUZ5Q0RJemxDVdIBtwFBVV95cUxQNFo0V1BIRk1VU0lCUGZvT0FVUlNOakRWdkh6UnVtTm5Mbi1CR1ByRlRibUhmUi0xa0YyMjV2Tld3WFZxN05HUlZwSG5ZdHB6RmJ0MzlGaExLb1FrUnliLWFDdDJJWG0zUHVPUjBhcENfSGFYbE5Ra3JDVnlacHlkelE2OUNjekdiLUdfSTFWTWp3NnVGZUlmRDBPNFljWjFIS3YweFBNV2c0SkdjRnlHZm9fMG52d2s?oc=5,,
"Tue, 07 Apr 2026 07:00:00 GMT",Boa Viagem,Recife tem ao menos 21 pessoas desabrigadas após fortes chuvas - cbnrecife.com,cbnrecife.com,noticia,https://news.google.com/rss/articles/CBMiogFBVV95cUxQNWk3NWY2bVc1UlA1VUlJOEhUSXByQVhOY2FVN1lqWGZCOWNjc3FEY0pGQzdGQ0dNMmNTTkdYRy1ZU2t2WXc5UG5ZMl9sZHlKbDJwNC14V3NkQ2p2ZzFVdENWNUFxcWpKcmhfcDhReHEtYmVsbnFVU285ME1aMGxJdFZHeUh2TU9Wb1dhVGkwWUVlRm5LZkF5amZIV0R2ME04dXc?oc=5,,
"Tue, 07 Apr 2026 07:00:00 GMT",Jardim São Paulo,"Carro fica preso em alagamento em Jardim São Paulo, no Recife; motorista é ajudado por populares - Folha PE",Folha PE,noticia,https://news.google.com/rss/articles/CBMipwFBVV95cUxNc0k3cTFzMnFxWjdlMmJKVmxmeV9seXpqUVJyeEcwOFRlelk5cEhzLW1sc3M3TVNkb3BmRGNIOHNJd081NHZwbEVNeFFZQmhRN3JQdE5mdVJMWkJMeTYyRVBxbV9VZnlDb3hpN3JvTEQtVG5USzBDel9uNzFGQzFkemJmbGdSd01jbndhQVRVckpYaW5nQnJ2N0hxb0x4eEd2RE9TeWFTONIBqwFBVV95cUxQeXp4el9UQWFraXRGZU4yQnVFcHpjbE9Hc21BSFJFLUJPWEpIUWJjLVQwZnhZVS1Nbl9lQnZsTC1WOWlUNm1QVkY0dzlaS0djR1lwZlFfUnB1TlI3ckQyQ2xRV0xLcnVxV1ZIclpaNENaRmV2U0JBa3ZWLXhYQmtEVWt3cHdlSGxhT2VvN0lyaGRnaEN4Q3NyWE1kZVRHNlpZVlZoT0Z6dzZ1RU0?oc=5,,
"Wed, 06 May 2026 07:00:00 GMT",Tejipió,Chuvas no Recife: bebê de 3 meses é resgatada de alagamento em tábua - R7,R7,noticia,https://news.google.com/rss/articles/CBMiwwFBVV95cUxOcWp6QS1FcGJNanNfRHcxdE0xd1Jyd0E2dHlEMW5aYkRBSzkybFdNeUxhWmZKTDB3YnpFalYyei10bi0wU0pYY3VzZVVmcExyb0VzaHRla0I0LWpBWUZ3eGxNMlRxbVBLOHlGcWRub3ctcV84LWxBYm9JMVhyYmFGUGgxQm9pT0dJOW9TaFBteF8xeDhMMU82X0NMZU5LT3l2bENYMWdJeDIwMlpSSEI4cW15RGM4TlVscXV4Y3l5YWRidmM?oc=5,,
"Thu, 23 Jul 2026 07:00:00 GMT",Imbiribeira,"Chuvas provocam alagamento e congestionamento na Av. Mascarenhas de Moraes, na Zona Sul do Recife - Folha PE",Folha PE,noticia,https://news.google.com/rss/articles/CBMirwFBVV95cUxQNTAwX1JXZ1RuU0ZFSzRHYktqZEtvMi1keXZKcGFYVC1BZnMyX2ktc1ZVbElXUmlmbGN4Yi1OSU1IZ0NiU1NEU3RTSTdKYmtKN2FRQ1ZFVXgxc0plcS1KMHlLM0VDeVdWMHBmQVgzMWxwSWlydzJNdkdjTEdBSkVmMjZjTGlmRURiekZGTXMyM2Y0NS1CdU1EOUp4X2RpRDJIVGk1RVJUY0Q5N2pRODlJ0gGzAUFVX3lxTE9KYVhfa0VIdER2ZmdWY3ZJWjhSbUh6YldvbVpnWDlTajk4cXRyaXJRcUIzZE1BVWE0T0ZUTmhSdzVSWW9NTUo4ckx1OTJ4NnZvZXl0N0FsQk1jaHRjNC16TVdXZVJZVGRNTUlRaXFMMUJReEtSaE50N1dRQ3FIazhxakN5OFUtVC1RR0ZPZUlQRS01b0pGSEtVMWRZVGxZTVBHMFFfODI3SDk0X2Q5bEZBNDVF?oc=5,,
"Fri, 01 May 2026 07:00:00 GMT",Dois Unidos,Mãe e filho morrem após deslizamento no Recife; cidade está em alerta - cnnbrasil.com.br,cnnbrasil.com.br,noticia,https://news.google.com/rss/articles/CBMiuwFBVV95cUxPVXhtbjVwZ0lOMzRXdEtjc1FkY3VoV1V3Tm10ZW02UVpqeExPLXhpVEt4RWtWWm9IUm9XRkwtYllBeEdEM0hua0kyUEpEcXpwUVl4b2d4NF9RQ1djZXRyeUZyRm1kNWp6SFJoRjRNelJCejUtNWxsQzJfQUVfcmNtRjRFNlUxNXp1enAza1M1UEhqeEhwa1dIS1lLdGd5UkpJZHU5eGRLVFVVclZNcnhiQUY1aEhtSkk3U0xv?oc=5,,
"Fri, 01 May 2026 07:00:00 GMT",nao_identificado,Chuvas em Pernambuco: Recife entra em Estágio de Alerta - Diario de Pernambuco,Diario de Pernambuco,noticia,https://news.google.com/rss/articles/CBMixAFBVV95cUxOZmRWdk1uRjBnZ3dxRWpPZlFVb29kcjQwVmtyaTdaRV9DMjU4NzMtSDU4WmRTaEd6b0ZuSEEwcUxUeVZHTXN2UzNPTjUzSmpQRVJ1WUdLYlZGRHVlWXRPY1YwRlVhUnNFdkNTR3BtSTBLN0poWm9zU3dablVqNnpFeEdDc3hoYVlMaEtEdUNzUU4yUHV3ZXRPQ19rWUFpcHdDbzhPSGI5a3NqTFFlbWM1alprMmRMUngxMnVodlYwYnRJNnpF?oc=5,,
"Tue, 04 Aug 2026 07:00:00 GMT",nao_identificado,Recife amanhece com diversos pontos de alagamento após fortes chuvas - UOL,UOL,noticia,https://news.google.com/rss/articles/CBMifEFVX3lxTE81SjRhcnRadkV2cEViTE5SNDRUVVFzSXZua0VpSzlhbThOd015YW4zR1FhdmxBVHVhamhKZXh1Y3QzTzJvOFB1clhmLU1CSllHSjdxU2xIRzFNZ2ZIQ3RxdjJyb1NEYW1ZRENpN3NzbjkzYWdQelhWV2tBdGs?oc=5,,
"Fri, 24 Apr 2026 07:00:00 GMT",Ibura,"Após noite de chuvas, Recife amanhece com vias alagadas nesta sexta (24) - Diario de Pernambuco",Diario de Pernambuco,noticia,https://news.google.com/rss/articles/CBMi2AFBVV95cUxQVnA4QlJZVlRXR09RX3AzUDJBQ3hCTjFISGo3Y2RhWUpOSnhjbDh2UndiZS1td1lBeUtZT2lOQXRJUzdjbHBval9uRVVBNm11QUd1V0lpOU03cVVldkExeGNDUmlhUmJaN2pRZW41dVd4SkNFUjBsMVNyMERaZ0NlTG5zNmxUem9oWXhFbkFuUFZEUVFQQkw5ZElIYVVGcGIxd2x5WTBmUzc2SGVsS2dJblVTSjhhdGpBeGFqV0ZmSG5CSGRORE9qcXNGWjNHdE43dHZGVHhNQlE?oc=5,,
"Tue, 07 Apr 2026 07:00:00 GMT",nao_identificado,Chuvas: confira pontos de alagamento no Grande Recife - jc.uol.com.br,jc.uol.com.br,noticia,https://news.google.com/rss/articles/CBMiowFBVV95cUxPUEduUTU4Sm8yY3pvbk5tWmJ4NThIWEhGQnMyb1BHczc5QklUR3ZNemQ0dDlycGZKZjRiMGxoMEx6N1hXankxb2JxX2hsdURCcU9RaGhkVVZaamZnTkpJWjRQYTdTQm91ZWt5Vm1mQmVJQzRVVXlzSWF0QkNoSklfbWw1X0t5SVItSWdqYTZZLTdpaWRKbGFlZDJSTzYzRklzSGFF?oc=5,,
"Mon, 09 Mar 2026 07:00:00 GMT",nao_identificado,Semana em Recife alterna entre chuvas e períodos de sol - cnnbrasil.com.br,cnnbrasil.com.br,noticia,https://news.google.com/rss/articles/CBMiqgFBVV95cUxQMlc0b0pXa0kwWFVHYk5NUVlpaU02RjM1SW81RzJTQkpSRF8xQ3ItV0VrU29tMld1aEdqQUpPdXlqSXBINkVWRVJhMGo1M3dxaWZtVGQtaTgwZUtuMWs3U0x2SEdJbVJxZmZpS0JOb2VjSTA1NkhKUzFreTlDcGRTSG90aWJIN0ZxWUw3cUhGN2dNZTZtdmVZR3E0cER3RHh1cHlDSE9mT2lCQQ?oc=5,,
"Tue, 04 Aug 2026 07:00:00 GMT",nao_identificado,Região Metropolitana do Recife sofre com alagamentos nesta terça-feira (4) - TV Guararapes,TV Guararapes,noticia,https://news.google.com/rss/articles/CBMiywFBVV95cUxQXzBBX0tjbmJJazh0aldHUEdXUUUwSUU3bmZxZWFHWVJlb2VCMDhrYlFPc09fMEV4TWthNWlHQUF3bUs2SFZHUlY5enBQMlB4SjNvWWVseS1UZ3J6Vmx3X0gzUC1aQjZoLXZ4U1AyMThVMkoteUtfZDY0djkzREQ5R3VEVEZ2UTBFcjJMdmVZd2hXNlc2Rk5DTnY2U1dGazBZeXVvOEM4X2dzWkp2WTdSLUJ5T3FLY2VISmc0UzNQSXdHNUEtZUtUWHFvcw?oc=5,,
"Fri, 01 May 2026 07:00:00 GMT",nao_identificado,Recife entra em estágio de atenção devido às fortes chuvas desta sexta (1º) - Folha PE,Folha PE,noticia,https://news.google.com/rss/articles/CBMitAFBVV95cUxNbHMwTTVYVWR6TXF1bThhbF9HbWRtcnY0TGNEUTFtZnJsZ2F0SEJQSWlSNXF0LVpyZWtEREtWTlJlSTRfLW9DSTU4NUc0TDhaMUdWMWlSbnBTVnczaXBhR1FFMG45U3d2TE92bnhaYm9INFc5QXlldU1OLUxaekVGT1FnV0tRNi1yZnBuOWR6ZkI4dU85b1o2YnNsYmZaclltMC1LQ0J4b3pJQk45ZWczUVBYZUfSAbgBQVVfeXFMT3RXU3k2M09WR296YnozUV84eXV4XzdnR2VidkpQelZsTUJHOGUzOEU3TkkwY09yV0VYOFJVUGwxdUNhc25GM1JQd2hXLVNqSzZoNkZZOEZIU0VuZGJUakY4RDR1YWY3dktwYVR3SU92OEV1MzdwNVJoaVYtMk5xQ3gzZzJkd1RuOEhKcDZwb1gyRGpXRWc1Y1c3SjMta1pPc1RwQ1dLeG1QaXVGamE5UDdRb00wVEhNNw?oc=5,,
"Thu, 23 Jul 2026 07:00:00 GMT",nao_identificado,"Após alerta da Apac, Pernambuco amanhece com alagamentos e rios com cotas elevadas nesta quinta-feira (23) - jc.uol.com.br",jc.uol.com.br,noticia,https://news.google.com/rss/articles/CBMi4wFBVV95cUxNYlhVTURjdmd1WUlLUUJxZllzY3Fpb2RYSnJjRlB0bnpXNndVa2ZOWUFacEkzNzJrODBDMWw5U3hzM1RGbWNWc19MM1lXLWw4YzFPcmprR3NzOUxPWHVNLXp4TG5OV1ViWFhtOENtenZNcy1JUEc0aFllZHNYRXlGYjFPc0g0aWxKOWpQUmpZZnBmY3NJWXQ1d3NjS0REd1lCUzg1ZndEWUl5bUQ5NFl4Y0pUSWVRTG9sdGJZcDBBWlU0ck5pcW5hZkM2S1ZBb2d2Sy1Vc25Ya21hU3RIdnVfMFFWQQ?oc=5,,
"Tue, 05 May 2026 10:19:53 GMT",nao_identificado,"Rio Capibaribe atinge cota e coloca Recife, Camaragibe e São Lourenço em risco de inundação - Folha PE",Folha PE,noticia,https://news.google.com/rss/articles/CBMisgFBVV95cUxNMHlYdkNlcGxkWXdvNGpmS3JLUnFycFpsMmVPc2ZndDgxS1phMzhnRHQxZ1B4WDF0WEpFNTdCV2I2YjZXU3libGhHRFhyQzVwOHJXcTFTN2lzaTRfQWxYN0VmcHlBS1g5YkxHYUVCTktNN3lza21jR0hCWkpqVDNoLUIySjgtWHlmRmhpLUpnWWx1YVlONEdkSm5LajFBT0pKcHA0Q2wtR19hQU82UDJJYld30gG2AUFVX3lxTFBmSURLb3oxcmNLbDIwMGp5UmpVLVJhaXpFM3RUUlNsUmxBSEFMY1plUTNxeGtUZlNfYnQ2NjVLVHFZRDZBS3hfb3A3MEpuSndqUVl2b2lMSWJnb0R2aTQxeTVKc1ZkYjBpT25BbDdFNW5ZWHRZRXVnWE45R3h1UjRUN2k4NHhpcXVFREdmTHZ5UDd5WTV1X0xRcURCOVp4UnpKd0hSZzJISDZWOVhOQUpXVkdCUTln?oc=5,,
"Tue, 07 Jul 2026 07:00:00 GMT",Boa Viagem,"Protesto por auxílio enchente bloqueia avenida em Rio Doce, em Olinda - cbnrecife.com",cbnrecife.com,noticia,https://news.google.com/rss/articles/CBMiqgFBVV95cUxORUM1bF80UHVKQ2NfSi0tUVdQcnZBVWJBNHpWOG4tUHhjdm95d0h1T2NfNkEyeGZ4QWh0WEJvVTNIaGlXdXlfNV9sSHFramZfSnF5cEh0NEdyYWZwLW1OWHBCLXFtQnNlZDBkT1puUl9YaGhMOW13R3BoYzU4aGhfZWRFVXY3NHVBZFduZVU2S2FMWjFESXFnSE00ZkxKRW1EUUY3YVREaENjdw?oc=5,,
"Wed, 01 Jul 2026 07:00:00 GMT",Jiquiá,"Moradores do Jiquiá protestam por auxílio enchente, no Recife - LeiaJá",LeiaJá,noticia,https://news.google.com/rss/articles/CBMipwFBVV95cUxPTGpLQUtlUjZWRWdRd3JZaWJ5MHJuRmpRY1VqbkpqQlZGV3h5ZzhZOXdjaERVSjJFWVh2U2JHQjdfcXFiRERrOXBNdDlfcmlhSU9FUkRpME4tLWF3bTlIUlFWWUVIS3ZYWF9DT3p0aUJYYmhIejI5elhaMVVYd3BsY2hDSHlpdTExSjIybkNUYVZWZ3YySWwyT01YUi1CREJ3a1pqa1p4TQ?oc=5,,
"Mon, 04 May 2026 07:00:00 GMT",Dois Unidos,"Negligência produz 12,4 mil desabrigados e 8 mortos durante as fortes chuvas em Pernambuco e Paraíba - A Nova Democracia",A Nova Democracia,noticia,https://news.google.com/rss/articles/CBMiywFBVV95cUxPVUZqX1RXQTdYaGlQZUpxUXA2eFYyR2UxeE5vb2dmeFo2Z1NqUnh2NnFQWUtKME90MWYxOHlleG1DeGs4cE51cjBiSlpWWTNoYTVZUVlsXy1BOE9zYVU3V3h0LUUyU2dGN0lGWnctM0g0VnV0MkxnYjBTVmJBVnB0NXpQRXlGLUM2cjJlNEIyMjB2Mkt4RVVTR3ZzX2dJUnlwTUZTeHJZbzZGZVRkTGFvTC0zRDI5bEg1NWFrTC1EQUJTbmVWVkdMOUhzaw?oc=5,,
"Tue, 02 Jun 2026 07:00:00 GMT",nao_identificado,Mais de 40% dos recifenses têm enchentes como principal preocupação ambiental - Diario de Pernambuco,Diario de Pernambuco,noticia,https://news.google.com/rss/articles/CBMi2wFBVV95cUxPZWVZMHVnMWtjSGV6d21paHdyVDBpanVXM3BKeTM0cU1JU0ppU2JOb2Rwc2dUMnJBMjhLWExXMWxuY0M0SzNTQ3VCb1RFZzZwa3Itc1hTNzRTNWRCbXMzRGdjOGQtM183Z3ZWZl9SckVwc0ktMzJKZnQxNnNvMXdtcmZMYTdudVV2cDNId3RuaGY3S0t5NUFPRVVZampiaGhFT0NwY1BKUjIxSzBucV9STy1BYmpXNzU0NkxoOGFXMTVtY1g0ZWJNY1ViemF4bFBBb2xLOHg0MXcyRm8?oc=5,,
"Sun, 03 May 2026 07:00:00 GMT",Beberibe,"Recife: idoso que pulou em enchente e foi arrastado por correnteza é encontrado sem vida, diz filha - Folha PE",Folha PE,noticia,https://news.google.com/rss/articles/CBMisAFBVV95cUxNU1FEWW5RRlNIWGZJZE82WjBscHBLR1gyTXBnRTNwWTlIcm9fM1NVd1hJSXJMYlgwcTFwMXA2V2hNNWszZVZ0eGp4SzVGbkxlVERCQ2d3VjFGOVZ5SnhuNXpNYVZVcjR1MFBQQkYwRVY0d0NJSXFBQjNOelVvSk1ac1F2SWpobkRtUkszRjU0TG5zTnllUE50VUZOZ29FUzFZcUtvMEJ3cFZJTlB5R1hUX9IBtAFBVV95cUxOek5lYkZxVW04dFBucnYwTjY4cklMcVNOQXN5RFExOVZUeUtPbzlGdEM5T3RZV0VJbS1BVExoS2hoeUh0a2gzZUk4bVRtMVlIQmtfQVFGU1JXdW81RWRpdkdvd1ZFdjd3MjlGMkEzZTVZbm9Bd2Z6bk5UVGFSUDhBRUxMbUJPdE5KWmVuN1kwWHlJRzlLM2dMM1F5RTJpX1ZFaFJiRG1DM1lROVVub0VrdU9wQjI?oc=5,,
"Wed, 01 Jul 2026 07:00:00 GMT",Jiquiá,"Moradores protestam pelo ""auxílio enchente"" e fecham via no Jiquiá, Zona Oeste do Recife - jc.uol.com.br",jc.uol.com.br,noticia,https://news.google.com/rss/articles/CBMi2gFBVV95cUxOY2hUWlJCZVFSeXUyZ2J5RWpqWHh0TExTV1VnOHFBcUloSk5VUW5FMlFxQjFkVU12XzhEWTJ0XzJpYm9YSXJ0aVFneFNiZ1lMaTI1WWFOTWhCVXRwTTBWWlpNMHJMV19vYm5sbUlhekZHZ0dpUHlBVlZaNFhvLVY3cGRNbmNzUVd1TDJkSC1Mdmw3RjgwU29SejR6TjVwUTBMVWxkdUE5dFNqOWtZcTBBbkVON004MnBldlJTSWZUdk5iT21ZSlJhVG40RkplV0k1end0TUdTRWE5QQ?oc=5,,
"Fri, 01 May 2026 07:00:00 GMT",nao_identificado,Cidades em Pernambuco registram alagamentos após chuvas intensas - Rádio Itatiaia,Rádio Itatiaia,noticia,https://news.google.com/rss/articles/CBMisgFBVV95cUxPTHpISDB2ZUJIdjZIWWJkZ2hvOWdTRGF5dkEwZW5RRTlsOXRoczY4M05hX0RhdW1iNHBFM05Xc3VERFJ2b0NnUTBkWU00Y2JrY05EQXJUY211eTBNTWx6U1QxT1U4VnAzdWZXZC1yWHNVOHM1cEFhVUpWTk40dkhwQzdXWFk2NmtaM2x0TlhkQkczRnQ1RlF6dmJrWDN0TmZzc2QwR0dtWFVrX1dQcHdjZEdB?oc=5,,
"Fri, 01 May 2026 07:00:00 GMT",Beberibe,"Idoso desaparece após pular em correnteza durante enchente em Beberibe, no Recife - Diario de Pernambuco",Diario de Pernambuco,noticia,https://news.google.com/rss/articles/CBMi5wFBVV95cUxPZ0dmUm5SUGhMc05IdXhjVERXUFoxZ0RqcUV6bXJBVFJQa3AzUm8tbHN1YU8xRklzMHdiOWxpa3FhSFg1NVRQUHlEUUE1VG1nSERfbTBsVXM4MS1EQ3IxcEVsOUxkbVZjQjRSanRqZmtuT2FYOWlVbHdFbXRLRnk2MGZMMFJmWlBHZlpWdmk4YU5UMTJHcnNUT0ducmJ0bHlpa213RTRnUkNRTFNGVnhMekZUSWhwaVdsZ3dwWUJGbjBOWkh0dmdBRDVDdXVlUmtPMVlJTzNZT2N6NGZ2YjNPYlYyQW1SOWM?oc=5,,
"Fri, 10 Jul 2026 07:00:00 GMT",Ibura,Protesto fecha a Avenida Recife na manhã desta sexta-feira (10) - jc.uol.com.br,jc.uol.com.br,noticia,https://news.google.com/rss/articles/CBMirwFBVV95cUxQeTRkeWpvR2FRRDdNRUVlQ19pQ0FRaEpxZklnM2toUlh2NEhNS1ptME4wcjVLVl9oRHRFOU90TTVGY1BiQVQ3ckVFclpySHhqS3JkaHU4c0NMT2FTTm11bXAzNFo3X09UOHBhdE5kRy12Yl9kRF9BemZSbEw2NzR4M1oyM0ZzUGcyUWRZYTlCU1FWbkJGVWVqTDlkZnRYYXZZdlNOUnpOX2lkeHdkZUJJ?oc=5,,
"Sat, 21 Feb 2026 08:00:00 GMT",Beberibe,Como o Recife transformou o Beberibe em um rio de problemas - Marco Zero Conteúdo,Marco Zero Conteúdo,noticia,https://news.google.com/rss/articles/CBMiigFBVV95cUxOME1pNm1Ed0cteDFDSnFZZ3FsRzY2blFFb2t3UVZQVExZUHFLdWRMX1ZhRzRLWDhJUVdtbFJGR0p4Y0RrMVhNNlEwQ203V0VpQVpCNUhIZHRDeVowb2xfdUhnOFhyZVJWWTBiZmhDMW9jWXVMMzF5N2ZfbjExSmxERC13LTBuTWUxamc?oc=5,,
"Thu, 18 Jun 2026 07:00:00 GMT",nao_identificado,Fóruns no Recife e Jaboatão discutem propostas de moradores contra enchentes - jc.uol.com.br,jc.uol.com.br,noticia,https://news.google.com/rss/articles/CBMiwwFBVV95cUxPT3ptb2V0UUw4TkNONDhkVHYxOFhoaFNlc0FZRFVUeTBRQUlvNEIxMUtRNVZBNm9nc2xFcHNnMnhPX21EQThEVXRTRTJLRndFeWU3YTdnZFJhN29pZmw5bzR0d0lqZlFkX2V2d2hPMGNoMjZwWmhmbnZzMVJiRGxIbUZWeWxVSnZFaGRJNDVOZlFLeEp4MW0teFJsNzZUQmV3N3AzZEpqYnFvSDRjblRDbWM5ZHdUcTQ2cGQ4cXpjcVZZLVk?oc=5,,
"Fri, 01 May 2026 07:00:00 GMT",Dois Unidos,"Raquel Lyra sobrevoa áreas atingidas pela chuva em Pernambuco e lamenta mortes: ""Profunda tristeza"" - Diario de Pernambuco",Diario de Pernambuco,noticia,https://news.google.com/rss/articles/CBMi_AFBVV95cUxNWkpaZDVKLVk2MWxFSGNhUGszUnBSdWRHUmNjNlNhY1R4RmZtX1FtMC1NbktleElobmUyWDJZLUVqQWdOd3hNRTZOODBZRHQycmpaMUNWa2lBdEJNekNyY2JUdXNqc1F3TFgtVE1xLVoyRk9wUFJBMjU3RDg4b3FNdnJLN3VKQkxPelJ5a2FpX1otS2paYV83U3JfTmpGMEExcDF0YWE4WnFHSWpQRlR0cTRGVEZJQXVFR3BUUEtkN2dRZ3dCRms1LVpyLTVOdHYzbUZQY182XzRjMXZBVlhLNUhXNDNVTGQ1bzJFeEx2TDUwU1VYN010Ui00clU?oc=5,,
"Wed, 01 Jun 2022 07:00:00 GMT",nao_identificado,Mortes por chuvas no Grande Recife chegam a 109 e tragédia ultrapassa total de vítimas da cheia de 1975 - G1,G1,noticia,https://news.google.com/rss/articles/CBMixgFBVV95cUxPZHA3VTI2dTZRODdyMlRnVjFsTmM1WVZ6SWN6dXpwWlhhdXo2Q0txOHU4RTdOV1k2NzFrbGdQNjBubWxXTDNCQkZLdlNhTXdtcHhnT1NjUFNEUjdlaEVreUstTERoWFpSYmdXZDExanFoYXA3MGRlZzdVLVl6NlBBaE5TM2wwb2hOSFp1d0ZkSXgyMUk2Mkg2Yk1wR2lsZ1Y3cEgzWmtkX2otcW9wQzRGbVYzYWt4Rl9KeXpJT3hsSDJPbnpSb2fSAdQBQVVfeXFMTWFBbXZzOXZSNGNXck0zazNtV0RFSGlScnhEYnhGZFRyaVJCb3BzZzBDZWFXb1VJTm9wVG9FdVZGMGxsbmZ5SVBEZ2hmalA5d095aWVSZ3dMQnJRTWZ3MjlxY1JiYnpfME1MbkZxcE9ZUFF2RUUyaGp6T0xNXzdpY1JnUkJqemtVM3BFcGlQMmNaSmJWNmFJTEhOdF9BWEJJTWgwUHp4ajRYNHlSSDRsRE8zWlBoWkt4SjRoNmUzVy1qbFdWa2VTREJDcnh0U0F6R3hWWnc?oc=5,,
"Thu, 17 Jul 2025 07:00:00 GMT",Ilha do Retiro,A maior enchente da história do Recife completa 50 anos - Diario de Pernambuco,Diario de Pernambuco,noticia,https://news.google.com/rss/articles/CBMixAFBVV95cUxQSU1NNWxVUWpJbFdrWWJHN0gxUVN5MDBGeW5QNE5JaTNITHRhZWNHd0RHcklUZk1rc3RiWk51YUxXb2ZKOE9uaEctX0x4LWNOUjFJRklJUlhBSUlvUmRnZjkzTkJBcVVXMmpCTEFoZkk4WWIyNHB2eFZPQl9maUhGUkJqOURvVUJfUzg2QWJXOHcyblBMNFk4RVB1ZmRTRkIxNW5nNG53aDlHd3h4dHhjMlN1UXd0dWNSd0YzdHZWUjV4OVF1?oc=5,,
"Thu, 30 Oct 2025 07:00:00 GMT",Areias,Parques alagáveis e jardins filtrantes buscam atenuar enchentes e poluição de rios no Recife - Folha de S.Paulo,Folha de S.Paulo,noticia,https://news.google.com/rss/articles/CBMi3gFBVV95cUxQZzJyanZLXzN1M09GMmJrRmpWaUdzWldhNUx6QVZaVkZqdzBwc2YxejVMdEYyZGJ4dWExTm1md3NKSkxHTFpIdlVqNkJKTHdhdFM0Y2ExdkRCdzdvUUtBV09MakxwWGRSSzJqWWowZVo3My10eF9zQTJXeEJzZVpyZW9RMG5YSk5VT0hRTXJpcmFjY2plTkpjZldCQXRBdzNCbzFLcXBBd0FFN0ZtTUZlRVE0dmMwZEUtalk5N2FHbTZUZF9qOGJQTXVtSWllVjBSNjU2Vmo1R3NBZFVjbnfSAeMBQVVfeXFMTm5MWnhhWERRemVXYk9lN1ZlVWdkaWtZT0UwVHE5SWVKa3Nzc2xpNjRIY3NNSzlTb0RIUmJUQ0FZa0VHQV9GaGQxbWFUTG1VdE9sNTFrUDRNR0VJMDJyS09MQXByQXN0SGVEd0FQRm9QUWVzMk1sWUhweU8wUnVsaEgtNjg5aEh3NXU4WXJVSWRrZTQzUGdSa21MYm5abThKSldBQ1hwc3V1OFBrbHptRlIxaTFZV2RyY1N1MjZMaDdrcHI4dzhSQlZtMXpQZ1R4NEJUeTFxM1d2bW1zREsyRGdSZE0?oc=5,,
"Sat, 28 Jun 2025 07:00:00 GMT",nao_identificado,Chuvas provocam alagamentos e transtornos em cidades do Grande Recife; VÍDEO - G1,G1,noticia,https://news.google.com/rss/articles/CBMi0AFBVV95cUxQRHBsSm5tTVZfR0p1QnIxNUZuWVFPeW0tMS1YQklLZVJ6UzN6SlRHaUNLMFVjOFlUQzNnQ2FQMEdmbVNBaHBZYWFzWFBETG9NaDk1RmU1MkQ3ZjNCN1VKQTkyLVVrLVJYbVpwTjR4QjZZWGdmUGNzVXNwQjN5anMtRFN4RnJLRHVqX290VXkycEd2NUJyaXFzSVNxeXNvdEVoQVFlVU80T0E1WHk5ZER5cVJVWmlTb0VMZmp0a3BxSU5acVZFbEk4SnA2VUJjZk4x0gHfAUFVX3lxTE9lVlhXTGpDZ05oaEtZUVlvYTlGR0ZzWkExTkdVQ0NQTDlRN1FLRjNWWnV0WGFWRHVVRlFtRXBGVVFWMUN2aU9UbE5rU0RfRkRqR1VwV29lTFY2V3VVSVpxVWc3Tl9WWTRhdU51SzJWQjhDdUdwanlyZ0t0TlEtZXROdFRwdWlkd1dNa3BLbzEyR0xTRWRpdDR5WXlSR1RXTV81cHZ2bzBWeW1DRHBDVHhXQWNLMEVad25LOVo0ZV8zbzczOUNZZVE0cVZyNXhnOG1wZkFOdjFYVWZLdllmZGM?oc=5,,
"Tue, 07 Apr 2026 07:00:00 GMT",Beberibe,"Chuvas provocam transbordamento do Rio Beberibe, alagamentos e resgates na Zona Norte do Recife - jc.uol.com.br",jc.uol.com.br,noticia,https://news.google.com/rss/articles/CBMi5gFBVV95cUxONTFHUzlhUFFRZVJhNDJVcl8wc1FBRWE2TTFMWXN3cTgzaURlNlo5SzVGVWFDRXpmN3ZiX2NyS2xMOUdHUzItS0NreExicDVSc2phUEM0YU5uQlRWQ0dTYTFpSWhMdVJiam9vUWlGT1VwWDB2RDVsVzlvYk9ZNUg5LWxHOFpfZk44MUNqU3ZxLW8taWRCc1hDQkowUlVDR3dYZzZsaXhEY2JhUmFFOUtoSnRrOGJCS1NVNThwcEdybENYdTd5Rm1hQWV3a3NEZk9UZ0dYdlFRczBva2FlUlpacTNGOGZsQQ?oc=5,,
"Wed, 29 May 2024 07:00:00 GMT",Derby,Recife tem quase metade do território com risco alto de inundações e alagamentos - G1,G1,noticia,https://news.google.com/rss/articles/CBMi1gFBVV95cUxPUUZ3Q293WVljX0wwSXJWZnpvUHJ6NmxoV01hMW5iNUNmUmlVQzRYcjh5MzF6ZlB4eWN1TXBxVktreGl6ZWIwcHZxN01jeEM2QnhMRDNRWGdYWHB5TmUxM1gtZlYxcTRVYm9JdlM0SW41TWVOYlM1WGJjMkF2c2RUNkRjYjhWamRXWXVMb0V1aGtQZ0xieVVvRnM4SXV4dnIyM3BYMGZ0X3JETkM5NHFzankxNUFXZW5ieEw4UWZBRjk2alVzRk0xcWZSX3pTeUdfRmVRZm1B0gHkAUFVX3lxTE1QZGhRVlU5WHEybkgyOVRWeF9RM1BkZGF4aXc5dTdmY0VBeHdNZVdCS2RXdWZiZG1rODREcnFZd2dySlFhSDR4RUliOWtoSU16dGNGWXB5Z0VobkdIcTZhUFNKNG00bnhmbjJ6cWpHd1lmTkdycEhPQ0dpLVV0ZzZ6RFl0elhfTG04LXBES1FuZTA2Wk15SzNydHUxMDZxTkk5TE1SVlB5RVk3Y05pYS1ETXlULXgyZlRkdTFhMUpYUmJaV2ItLUxmcTU1RmxVSkQtaHdpVFVXUmVMeGNIb3N5blpBOQ?oc=5,,
"Tue, 28 May 2024 07:00:00 GMT",Mangueira,"Dois anos após tragédia das chuvas com 133 mortos em PE, mais de 2 mil pessoas ainda não voltaram para casa - G1",G1,noticia,https://news.google.com/rss/articles/CBMi8gFBVV95cUxPRkFDQVNQMVJBYnhROGVXTml1YVB0SHZpU0lEcmlDcDNteFl2UGxhYUZKSjR1SGppX2VrZHVGejI3VU1XTDRUWExTX28zVkhobVZCdktXb1ZyUE9Ta2FwM1A1QmJZV1RrU2pYOFpTSHMyNEZ0U0RBNXFORkFtdWwyWEVIb0Jra2VST0NpdngtQ3dfdWl3eUJFTklTVVNiY29tMEVEYkNxX2RudDlhWXVheWFPOTFITU5lVEs4S3BLOU55MXdxSlRXaHl6dllpWGNVbjRPNXV2RTNYRGFiU0hXSlFPZFZsZUd1a1dPamREUGxKd9IBgAJBVV95cUxNX3ZIcmNNeDRyTVBSZHl3QkU4aEhaY0VPZ0FDR1FRV25UVUlMZ1hrQWZWTGZqbDRrLXU3ZTFpdTkwYUZwU2I0UHRJZnY2elJybEF3RWhLV2gwVURPWlVWVVFVU0k4cGFqc2Z0T3Vkc1FfRVZjRjRaeERnZ21FRjNjT1RqeDlYMzI2V2Fpb2tUX29TbXY4NTdhZ1FZd3p2MHFEdngwcDY0cVZFRWhWVFZNbGs1TW1fUXNCQ3g1cHNFcks5ZWp0Z3ZOZ0w4UWFWTUZsekEzRmZkV0s5bl80akZRTkdzVVdRVmVQRm1vYU9DbGZEYWlReGNwazFJS05NSzM4?oc=5,,
"Wed, 01 Oct 2025 07:00:00 GMT",Nova Descoberta,Chuva no Grande Recife causa alagamentos; saiba onde mais choveu e veja previsão do tempo - G1,G1,noticia,https://news.google.com/rss/articles/CBMi5gFBVV95cUxOejhWTDM4NmlQY3U3SWNzTEZtaDkwTHhCeUlmcUxHWUl6dERhOTM0UEM4ZjVxMnFPeGlCczhjQUtsOVQybnRpSlU0VTV3QXFYNmloVGpveHJaM2w4Y0QxR0RNdU03cXZ3U2VKYzVzTVZ0NGhwSHhMMHBLY05vNUExMmZUeVkwSE5DRnFUalB5SHAtb1VmODBsd005RUNwbXFKSlRZd1REM0hlVGFhOEVIN0RmVnkycmxuQlJJQ2llYU9qZUdkRkNaWHVnUjBYUHdocEg3RHBNQWZNVEc5ekVWY2p1d2lPZ9IB9AFBVV95cUxOQmxmWFk1dFdLM2N1RDJDanZjSUhhMFhsY1hTQWQyWXE0SVczMEs3MVdKc08wT191Ymhnd3ItUmZtaDdsRnUzbWVCb3ZBbFg4eXV1aVRzaFZzRFkweTcwMXAxZ05vUUdxQmJDU2JmYkwwSi1tRVl1bDBDak5YVXl3ckJYRm5SeWJfQjhGREZZNVo0azlMQU5jbTQ0MnplM0ZxSTE3a0RJZkxjTjVydVk1RUl0Q0EwVjlUNGFQT0wzT3hlSHZvMGdVQVpxLU5UdWUtX1MyZ0ZlS3p4dGw4M2VrV1pxYWVHSTNxemJua3Z0M0x3dHF6?oc=5,,
"Wed, 01 Apr 2026 07:00:00 GMT",San Martin,"Vídeos mostram ruas alagadas no Recife, Olinda e Paulista; confira - Diario de Pernambuco",Diario de Pernambuco,noticia,https://news.google.com/rss/articles/CBMi0gFBVV95cUxNSW5CYXZvLVM1YVFFalAzdU5wS1lmQ0Y0cld2ckpRUjRvY1VLbFFtRWtGdlRxbUZYb3o2SXphWmR2UGxuR2dTZ2VEYUN3LUlUbXdkRURLR09JcURmNC1xSFhFRWhqZFlET2xNeDBnMXhDalhKaEswV1htcVBXdERpLUlZSWtGUGl1Wmp1M2dZZ0RzdlY2dExCVHBuYnVENEtFX0JVaVpEZHRvYzFudUJfWlV1RnhzNlJIOTZXRXVUS1EwOXFGNGVXRUpKeXpCaXN5ZXc?oc=5,,
"Fri, 15 Aug 2025 07:00:00 GMT",Iputinga,Chuva causa alagamentos no Grande Recife e Apac emite alerta de 'estado de atenção'; veja previsão do tempo - G1,G1,noticia,https://news.google.com/rss/articles/CBMi9wFBVV95cUxPSndkb0ZHNWJiLXFwNGVMM1dpcXV6ZVcwTTJqUWdiTzZFQnBQWDBxc2dDMDdkTi14OXY2Y1d2NUhyNjBadFdhdjVJbFBhZ0tSTEQ4d2FGMEwxVDdaVm5xQ3l3MjA1V19XaTR0RWpPUVZSLXotU2E2NVpEajJTMnJ2LUtvSXFxS01tQnN0ZndZVmJSSlE1bVUtajhqLU5rYXNleXNpZVJReTBHd3pKVEFIREFQeFdETU5jYWdWemRSWW43WjRQampuQThDbU5MbFR5V3A3VDE1OTR5azVoQ3dDWUV3ZDAyeGpnRy1OXy1UbFdHcllDNF9z0gGGAkFVX3lxTE9rTmJLZDRQdVV4QWVYMm1YclRVZGJIQ1daR2pZNUtyWGRYdkZ2TkEtRGo4UVFVbmhjSWRUbGdnLUlJcFB1ZVNjRExVU1ZhQzNscEtNZHc0cm44ZEE4RlY2dFY5VVNtcGlBRUxtUVF2Nmk1c0cwLXlnLVFyRjFJczRFVmxrRE16VURPOTJMWnRDQ292MnF6TkpIY0lKZTZEZTY0QzJUVWxkQjhOS2d6WDUwX3g5Qnp5X3Rqb29tTGZKN3VLRTU2Um96Y0dyOGd4NDlKb2RoeGJZU3ZHNzQ5QXpBOVEtbkVjaExkX3Q0Rk9qdlJGM3NwVFpaOXIxc2t0YXVaeWozTXc?oc=5,,
"Thu, 27 Nov 2025 08:00:00 GMT",nao_identificado,Reservatórios da BR-232 vão reduzir alagamentos e transformar entrada do Recife - - Blog Dellas,- Blog Dellas,noticia,https://news.google.com/rss/articles/CBMiqgFBVV95cUxQVUxjOEh6Q282bGQ5QV9qUWtTYjJjeV96S3JrZ2dGbmZqSU9GeFgyUmQyMlhDcEpPMFhUSm5la2tfZkhRUElxM2F2YnJvWWkzbExQU1l0X3NyWFJEZ1pKdVBadVpZS3psdHc2N0JDeldlb1FZd1BYR2NZaHk2cUpzaXBSdk9PVzlFd3ptYzRkc2NnOW9uWXQxRWdVMUs0aXVwaEF0LVg1WVZUQQ?oc=5,,
"Mon, 30 May 2022 07:00:00 GMT",nao_identificado,"Tragédia provocada por chuvas e deslizamento de barreiras é o maior desastre de Pernambuco do século 21, dizem especialistas - G1",G1,noticia,https://news.google.com/rss/articles/CBMikAJBVV95cUxPME44MXNCX0R2RGZvdkJJRk5ONmdaZ2pacG9TYjZoSVJVczgtaHlvSjBobkhYcEhjMHNDNjEtQ1dreFlwYTgyRVdRV3hZc2prcXRzMTVLcXNxdmt5eXBDT3B5MlNnQmdaOU81dmZHd2hkTW9XeE9RTXZkeXdVS2pHWWVDZUVPYmZMc1Q4TUJ0VXplYjJENnlvMVRtRnpLdXh4ajJ6NHVkU3V2NTVWWHlzU2JZWmtzdE9Jc0dENk5SblRtWkNibGJwRkFON3ZydkprM1VVaEl2dGl2M0tBaEFPMDVvcGx1ZTNlZmhtX0JFUzlMeXNSbi1PWEVCYm5uajY4aUVad3R5bFNoT2U2MmZpWtIBnwJBVV95cUxOTXZNOXMzWllZWmQ0VXVVV1RGdU9uYjVvRTMyUDhic0kycFljN0Y2N0pjSll3Q212V1lscVlSNV9pSDNZeWY5NGJ1QjgyUjF2ZXZPLS1vZXphejFIMXRzb0Z6QUktWUhUaXVzQUhkOVJNTnc0UlJrQ284amszeUhBZzc5LUItME03OXRTZFRMV0trMFRqemRUS3NDTG9tSXBEZmNXZkpDUDBMOW1MX2JiU05lbFJjZTd0NFJBTG5RVG1XMGVWdnJwblpkRENiQ0thSlh6Z0JJdGhyTUo3VGIzc3gyb2hTTHNpd1Fxb0ZyejJnTC1YTmYtS1VGRl9PdlVKTm5WR1dIamVJSlRDbWZIUVlYUy1GWlNRbWVJZFQ3Zw?oc=5,,
"Tue, 31 May 2022 07:00:00 GMT",nao_identificado,Deputados cobram apoio às vítimas das chuvas no Recife - Portal da Câmara dos Deputados,Portal da Câmara dos Deputados,noticia,https://news.google.com/rss/articles/CBMingFBVV95cUxOMEZKTGpMOWd5bkR5ZTVwYlJmQWI4UmFrcnhqbEF2amhhV1g2OGRpMGlBZ2JiN2RMQmZSMDY0bHhmOXhoQURJTmI2SnZQX1BYaENDZjVZTktOdWNqZ0htWnhrU3E3WDdVeDY4VTV1ZmJ4MURPV2JXZDJRU2MzYTNzNEU5UFJ6WTJlMHhtMzFhY2kwck9NVVY0NmlEZ1o5QQ?oc=5,,
"Fri, 17 Jul 2015 07:00:00 GMT",Casa Forte,"Quarenta anos após maior cheia, Recife ainda sofre com alagamentos - G1",G1,noticia,https://news.google.com/rss/articles/CBMiugFBVV95cUxQUTNNbGkzaTEtcHhVWHlUaUxhNzhmSWJtTUxmSFVKSzRrUU5xeWRVWnMzZGd4WEtBeHNYOHZuRHZ0eUIwbVRCZ0xIcGVtSTZIaEx0emNhRGxZZ0VjMGI4elZIRloyYm42dldOQVNRVnBndUZJZTZCYzhqX2h5OXdicmpaXzlVWUlSc2lvZ0F5ZU05bm5IbWpVNGFXZFN4VnJBUWJBUDR4eGpTdFF2UlZUaUQ4T3Rpd0IyX3c?oc=5,,
"Wed, 13 Mar 2024 07:00:00 GMT",nao_identificado,Maré alta: por que ruas e avenidas do Recife alagam mesmo sem chuva? Saiba o que dizem especialistas - G1,G1,noticia,https://news.google.com/rss/articles/CBMi7wFBVV95cUxObDJzRWU0RXVBc3NrZHBIUXdIeV8wbnFqTHlGQ2FGM0NqSUUycFRNVzlILUhwaDd6ZHRPQldKY2ZubHRtY0hINHVHeVZvYVRLaDViZ3BXM3VvUk9uVVROZDQ0d2hPMU1QMHNTM1dIX1VLcElyX2pKa3BiWUo1TFBHNnFXem8xMGxoVkxodkl3ZXlSNnRZeGIzNEphMjF4amczR0QxT2JlZnVPTUxWaVJIcmJWcFgyRGhmd2FGUE9RRmJBWHZpTTRjaGFCQzYtaXRPNS1TVkZQRDRrTUR0YUxkU1lpZ29NbUZrenByanVBRdIB_gFBVV95cUxPbEM5TnRWQXdZVjR0bEJNWXhkQWtFa19LUzN3ZWl4dVFtR3FILVVuX2NFek4yTXc3RjhvV1lqWHlQMlg1UHg2c1NuZm01UGV5TVBuZEl5QkV2LXFhS19MWkNvZmJqdDVJZVgxZFAzVWlVSkJEN2t0UE5uX1RNcnlsTlZ5NGxnV1YybUUzeWV3bnZ3a09YTEhDT21JcW1RWHNVa3dkWXVrMFhtX0ZNWHhXa0lBN2t3VmdoSHhsRVh4cHMySDJsUTkwRjVZUkg0NkhoQUdlZ3QybzQ5Qm94STFhVzllaUNibE82b1V3dTJLZXN5UXNmNzhUOTVhdGFBQQ?oc=5,,
"Mon, 30 May 2022 07:00:00 GMT",nao_identificado,O dia em que Recife inundou e meio Brasil congelou - MetSul Meteorologia,MetSul Meteorologia,noticia,https://news.google.com/rss/articles/CBMiekFVX3lxTE5mV3NoSi1WNEpxMkdxNE82ZzktUkNNZmJWRE9kR0Z3YW8yOWs3UWtEUEZQQkdfQ0h1SVZlUWV5TlVDMDBWLVQwbXZRcTlMTldlS3BLTFBaR1lLMFBYUlF6QXpxbGNEWkNPTEE3WkJnclE4TzhLdW53ZWVn?oc=5,,
"Wed, 01 Jun 2022 07:00:00 GMT",Santana,Chefe da Defesa Civil do Recife é réu por corrupção em compras para vítimas das enchentes - Agência Pública,Agência Pública,noticia,https://news.google.com/rss/articles/CBMiuwFBVV95cUxOUUN3bnFLejNFMnRyQm80MW80OUNDNy1kSXV2VWlDVHJLcUs0V1BxYnd5eEZ6blpVbXNlWjBRZENFUXE1dWtHWEtCWG84NC1iNjV5enNfVEI3U1RyaVh3UWpSSVpieVBjT2JHdTZnWkE4cjBLX0pvWGVUazU0YUZIWTV3ZkY2SDdQTjc1RTNYZE5jUWkydUMzeWc5OXphSFphT2tBS1hld0ZCcjF3OVdkV3VvNEtocy1jYjY40gHAAUFVX3lxTE45c3lrVVpXU3BjWTB4OTFwREQyQjA0a0o0bEN5VFRhNkJ0UFJOSUFqZ3AyYk9yLUVSTHJiZTAwQ1Jlai00OHlSbGF4YU5Lb0o0cjUtbURRRlFpLXBnVzhtekY1WFVUY0M3M0c0V3VEeV9QYmhEQlZkeWR0NFBoOWV6d0hpSExvcjl4Q1BqZWVpaGxqZWN4c0xjejljeUZlRXhCN3RKVl9RcGd4c3lFVmIwNFdQaWRpVHJvdWhTRXltVw?oc=5,,
"Thu, 02 Jun 2022 07:00:00 GMT",Água Fria,Da lama aos desaparecidos: cheia histórica invadiu clubes de futebol e deixou Recife submerso - ge,ge,noticia,https://news.google.com/rss/articles/CBMi4wFBVV95cUxPVjdYc1BrVExQQTdBclZIWXVfcVQ0a2FUN0tQUlo0Y1JYamVFd0JzcFoxalFKR3FyZzZqVWRqQnpaRkRUQUJQaS13Mkx2RTZFYXhUOU1Za0gtMmI5cU5sUG9CcVNnV2pLTGVNZlBNaHpHem1KWEJscVVjZ1V2WUFJSmRFazBwUnJ6SXBJTjB1Q2FjcHU2cHYxV0RCUFVyanhPLWxIc0Y5LVJHQ1VNV3FXRDM4UFFDeGZWZUdHOGQyNjFpTUZfUEdvYkVBakpiZHUwcnZvQUw1ZWlyeXhpUGctWG9Lc9IB8gFBVV95cUxPZkJBQnhXbkU3Q3ExcUZJQlJuRXBwTU9IRGNodHViZmJOaG42eE9xemFvbUlON1A0c1ZzX01XdVhrczZYekNneW01WlNIQU1pYzZ0VlcwdGlGTDc3U1NzVWpqOW9hMjdHcHlhUFZJZmlOaTlOR2dJNWF0R1FnaGpJNTJrS1lfMzE0dnZsRnl6dGNGTFNzRDA4Z0ticGxvbVdpUGVmUUcweC0yN3RDdnF5UDB0OWtrcTFRRlJpdFZEa05scGo1SXdkMll5ZVBPamZFUUFwX2RLZ1hmaEFXWFl5YVpueDVjUkhEVnRBaTVBeGpRZw?oc=5,,
"Tue, 28 Jan 2025 08:00:00 GMT",Afogados,"Chuva forte invade casas, deixa BR interditada e causa alagamentos no Grande Recife e na Zona da Mata - G1",G1,noticia,https://news.google.com/rss/articles/CBMi2AFBVV95cUxPcXROeTFFOGZPQUdvVFp3Qm1IbEEyUDIzdUtVWW5EdmxubTRnd3BtQUxSUUtsd0pUaVBRQUdjeTBmOU9rOTRIVE1LVUhoSExaZ3paa3ktbEhRU1JkMC1yTHhMNVhNM2JxS2E5dXR2TnR0c1NpRnBSUkdxNThNM1lyX0w5b3MxeTJsQW9yTERXZi1KTndLOUh5VmxQYXNBUWRXSV9pRUNRWG5IZHNUdTZvV3o3TjNYQmRtTWs1aG9JQ3dhMndKYVR0X2pFM0V1eFh4YW02WktkZ0nSAecBQVVfeXFMUHYzUy1ZTVRkZGZNWXdyb1JUNlZ2MzZDVDFCM2dOMDJVVFExbTVfVGF2V1c1RW5uV0FmOTJDY3lJTmZ4NkZUcFRZeElvbVFtOHZlZjhHSlczek12WTRnNEpxR0RQMFpnazRCa2N5R3pNanU3MVpjeHA1QjB1bVJVYUFRUGpzRENLMHp0SHZWWDlQc19Ra0xSc0dSVElDZDNPenVESzBoY08xTVd0YzZfdExjdkZQRVBuR3ZrSDBmMjQyaGY1OGZqYTcyU2NDRC1qM1gyVU5BUFlUUlVVX3N2MEdiaHVhclBj?oc=5,,
"Fri, 16 May 2025 07:00:00 GMT",Imbiribeira,Chuva forte deixa ruas e avenidas alagadas em terceiro dia de temporal no Grande Recife; VÍDEO - G1,G1,noticia,https://news.google.com/rss/articles/CBMi6AFBVV95cUxOTVpPTU5OVGJoSVNLZEtJZHRPQ2pwSVZnWjVYcnYxOFFuRU9wR1M2Rnp6ZFVDOExKSnQtQ3lGbmJHVVNfVnVidlk1SVctN1FGRC0xdFByT09jM3BCVXRIUW5YOTFPb0JPVnNJQjg3MDBVVlBZYUktdjhkc3dINjFEWUt4UGhUUnhqSjBBb1lrd1ZXRU1DNjR1UFBrQTFJTzFHZVhEbC1lcWUyQkZqOEdGUkc0bGstck13Y3pZX1h6M0NucThEY3BXTkZJTExka1AtbFJvQ25yMG1fQi0wVWRkWF9SUnVGdTB40gH3AUFVX3lxTFBxVjdOUFhoTEFyS1B6TGNzSXR5clFvd2JmVC15SDNKNXlNRWdyRVZZOW5XazN6UDYzMkRjUVpkWV9JOTAxSVR5SENYRTJ4N3Z6T2wtb01HUG56Q3F5RmpKN1puMTF1ODN5cXkweVAzV08wYmhReHZ6dmVLTVpOWEF3bkp6RGJmLVJrc3JEbGtKWlJhdXN4UkZiMDZlS0RXT1QwNjlBYmlFZnRQRnF5MkhLeDVJbEplYVJmVHROSm12OF9PWXNGXy1iZEdhTmdOVUh4Zmc4b3RYZVRrMjdNbUxUVjhYU3pjcXVjeF9GVDBFSDRpdnlyX1k?oc=5,,
"Wed, 01 Jun 2022 07:00:00 GMT",Ilha do Retiro,As cheias na Manguetown: a história por trás dos alagamentos no estádio da Ilha do Retiro - ge,ge,noticia,https://news.google.com/rss/articles/CBMi7gFBVV95cUxQSjAza2dKYnk4VkdaXzB6bFpYX0JDZVBXaWFERHdoc3VKYjc0MkpReEg2M0RLWndZU04xR1RwT0c0YXExMU5KNVROYkJfM0tySGoyNEE1Y0JqTUk3clVoVUJpQllrNFZRWE5CemU3eThTUUs2cnJkLXNHMHByc29INWFSSFNvUUdBSjRHMUh4VnlIV1lOV0FPeXhFT3pQZXhwY1l2cldVWFl2Tkk0VzN2YUFpanpmcHBnd0Y1bHZnOWpzT2Z5elFveFlXZnFBQlhEMDNjaXU2bm1SbC1mUl9tWWxpb01WbDNuZ0ZTWjRB0gH8AUFVX3lxTE1wcWI1a1Z1SjlUNTE1SFZYUkx0SnVtWUoySkJQX1Z2VFh2c0pmb3dJZE9tR1c5cTdxSGY2aU9NTVJoZTRBM0dvTC1XcU8xOW13MFlDdkRSVG03aklUVFhrc0ZxZTB2eWJWRGpHNjVMS01ZNjNKemFKVlhKNE0taXFDbGI3UVExREJsOF9JVXZESHA5X0pZNElTb3dDY2cxeFhVVkFvd1MzQktlVTJJbnZCUUhpcGhWWENrT3E5dlN4M2JyN2wxTlU4c0h6WmlkeGNvbE9mWkxKVTRoekxiLVBTZXl4ZlhzVU43QzVfNnl5cjEtd0NLaXV5VzcwOQ?oc=5,,
"Wed, 01 Jun 2022 07:00:00 GMT",Coqueiral,Enchentes deixam rastro de lama e lixo nas ruas do Recife - Folha PE,Folha PE,noticia,https://news.google.com/rss/articles/CBMiowFBVV95cUxNdXEzMmZ0MTNoRFN6Mml2VDZuTWdEZWFHOFZBWTVJaVJpakU1YlJqY3BqSkVfV25XODBXenlyQzB3X2NzbFlQWEQ2UVNFS2xiS0ItLTFNOEczZXpqOHZOV1ZpR1lhZmpCMGpUSmRId0dMZFNYUHhnd214QVNCWmlDbzFtVjgzMTVza1ljWDk4QnN1MjNVV2lzdUlGVzUyX0VXdWQ00gGnAUFVX3lxTE5KM3I0LTBHVXM0ek1abUFaQ2FtU28zajhSaV9YejJrZzRzYzhQQWxUT3B5T3E4MkdVeGlSZy1kMmxLQXI2TG5ISk9HcHRhMU9kMVlZTF9hcWoyZnNQTFBMc1JLYlFMU0RJWi1TVExKZkdzMHBiVlhYOEhPTVFudHNFZFpFUW5oal83dVZSWXc5ajI4d3VFOG42VXlnb0tFR0ZWdzNYaDVV?oc=5,,
"Thu, 15 May 2025 07:00:00 GMT",nao_identificado,Estado de atenção: Recife tem mortes e alagamentos após chuvas - noticias.uol.com.br,noticias.uol.com.br,noticia,https://news.google.com/rss/articles/CBMimwFBVV95cUxNRXFBX1FfVnRQR0ExcEpNNkdpTkQwcVNTNnN3dTN1bE1UemRSYTluZ1VlcTF2UmxvTmRlY3VpS0p5a3E4elhNQXkzZXZMUXp5MGEzZVlRUUtHdkNBNzlTWEt0WllyWUJJWGZzVGdhUF9BYUZpOXM2dzJSS1h5eGZvX0M4aE4yVS1URzJTWlVCSlRKc25QWGxsSXZ3Zw?oc=5,,
"Sat, 18 Oct 2025 07:00:00 GMT",Ilha do Retiro,Cheia de 1975: Saiba como foi a maior tragédia da história do Recife - Diario de Pernambuco,Diario de Pernambuco,noticia,https://news.google.com/rss/articles/CBMi1gFBVV95cUxQWEJmS0pibzZvZ3dJSmpBV3g4b1NUOGE1S0xqd2ZYdENHaDdfWGhyNEt4Z3JfTDlQaV9QSGJMQXQzM2FoSkNhUC1lZW1yaFJyY0NUWWRkRDEzRHFIUVd5Vm1iT3AxNDF0amZtUVdocVd0VFduLTVKWlI5ckM0TnljNWxnakt5WmN6TUJ5OGpOMldVR1pNUnRQZ1VzR0c1VjlPdkRwMjI1S1BrOWgtNkJpYUZFaGZsZndxUG94NEszR2RDU1IwRzhGeU14eWdCbjlvYldMMDBR?oc=5,,
"Sun, 09 Feb 2025 08:00:00 GMT",nao_identificado,"Jardins filtrantes, telhados verdes, sensores e estruturas permeáveis: como a tecnologia pode evitar enchentes e quedas de barreiras em dias de chuva - G1",G1,noticia,https://news.google.com/rss/articles/CBMilAJBVV95cUxOeTJyS29VTy1kVzV0eXh6Z19hYmRBdTR3YzdxS3NhRnhJQ3hYR2R0VE0tS0tyYTFOSmg4Z2V4ajUwQUhLMlJEXzNDaDc1N0ZWZHlFS20zaGcyTWIwOUtKaFJBRHhOd3VlSEZzSzhSRDJ2cnhjQXBZTkFwQ1NhZzhLOEg5eXdTUXpCVnV2cDk0SXFjYVFpSHJ0RFZ2ZlpmNkpvNDd3eV94YWJDOEZ4MzItd3dlM2psaktURnFKdnhheGhqbnZuaUx6VkF1TzJ6THM0b0p5Y25KVDlwVVA5dlNGeThaQWtfdjc1WDNBUEwtMnN5QWM1UG5zUXBmNWNqd0I2dFJEOWdrWGh6aHFFaU1vTzlJVUHSAaMCQVVfeXFMTVdvZnYySkttT3VQVzM1SkNhQ1hHbXVBbVZoR3hYN3JjYzZ4bDFvWWdNMEVUWVJZY0RQVFRfcTlwclN2dlBNU0lfbUtpaEZHNUl1aF9rS2hHeUtWSzQ4UUx6eGRXVWZBeUNSbS11eGJwZ0ZZQmFJWWNhZDJnd2szRWVNVVQyYkpmWjNtbEFpZW82bmlpQjJVejV4c2g5NEpibmtDOXNTTGtoMnNfcjBOazcwM1dMWjhTZlg4WlQteWRydzNIMnNmZFJxeFFqQ1lxWUxUaVVZVGhuOEszWVlqMzFxSG9zRWR1VXByTEZqZ3lPaFh5bnd4ZTRxMlN3WlF2VnQtamVEOVRJSi16TFoyZHh0NHRsVnREbU1kd1hjaXpJMTFz?oc=5,,
"Wed, 01 Jun 2022 07:00:00 GMT",Curado,Mortes causadas pelas chuvas é maior tragédia de Pernambuco - cnnbrasil.com.br,cnnbrasil.com.br,noticia,https://news.google.com/rss/articles/CBMiqgFBVV95cUxQU0pXdEFBMF9jQ3BvS2J1NGw1YTVwZEVFclhkWDdtMmppS2dWQXRZX2V2dlBJa0RaZHdLcWM1WktnU19IMW1VN1k2Rl9uRzdieXRYeUZxY2Y5ZEhJcGhVNmxiYnh4U0FfbTQxQnJIeDRyRzI3ak9Jdm1XU0hjOWpIVllXbERwVU5ldS15TVVvRkIyTXU3alM4V0JCdjhXWVZhUlZVRHZqcTZpZw?oc=5,,
"Wed, 16 Jul 2025 07:00:00 GMT",nao_identificado,"Livro revive enchente de 1975 no Recife e boato ""Tapacurá Estourou"" - Jornal O PODER",Jornal O PODER,noticia,https://news.google.com/rss/articles/CBMiqgFBVV95cUxPWjJoTW81STZYQXlqU05rcjg5d19JaHByM19yS3FwdF8tYkpoM2hNYlQtOWgwQ2drYzRlMEV2Q2IyNUpGQ1FiUFdLZkluZm91Sl9MVmpYeDdVdWdseFNIOWlqLTB1ZVI4TGRSbDVwSHZETXJOd3YtTklsR1lZRTE2WmF3bVpQcjNxbGdPRFVXVFNKSVRtUTlfMHUzcjVDUTBmXzFCRlRLRkd1UQ?oc=5,,
"Mon, 01 Mar 2021 08:00:00 GMT",Boa Viagem,Recife tem alagamentos e transtornos em diversos bairros após chuvas - G1,G1,noticia,https://news.google.com/rss/articles/CBMiuwFBVV95cUxOUzRuNnFvdXJEck1ZX3RvTmdRaU9yeHFrcDN2UEhMQUdQcHFSQUZhVDMtMmI3Q0pRcTJtOThhWkV0LUg5Wm15c3ZnQ1RTeHJiM2p3UnpoUjRIOHo0MTB0WGtScEQ3SFpYVVE5eTBReko4Y2liay1NSHFCcnBoTzRzQmlJU0VaMVZqdU1ZSFlONUdwaVlUX1ZKQVF1TVR3NndBbVNpOExuYlcwWGdHQ3pfUUo0NGtEeUVtQnRr0gHKAUFVX3lxTFBYbk5vZDAxdTM0eXo0cS1wMU1nWDlrRnJiYUNIOVlWLWUzZE51RUtGT0NleDhwVWxsRDdfY0RLSGN3enhjRDRUTGhfVU5sYVNmSTlsaVBzUDRoSFdDVjdWUVRMTnpmcnEtRVlaRlY0NFBWaE40eVVHZkozNkhleXVzMktXZ0lEdldmdlBhTzIzSGYyNFdtekRuQlNQbG1rQmdGR3did2psM1JDeG9UMi10VThiUUE5d2hId3JyVjFNUUtOaFRjV0RCbHc?oc=5,,
"Wed, 22 Mar 2023 07:00:00 GMT",Afogados,Vídeos mostram alagamentos em ruas do Grande Recife; veja locais onde mais choveu - G1,G1,noticia,https://news.google.com/rss/articles/CBMi1wFBVV95cUxOUk5Ba2lzR3VtdC1XTjZTU2M3VDc2ajZKOWRERFhBWWZtdHd3TDU5ZFFBdEVRbG03VFR0VVUxQkVaV2x0S3M4WjJPTEFDWFZPVzRsVDB6Y0Fpb3VXclRTV2tjdXNWeWN5OWhjTHNwUDU2OEh4QXdGNmNvZ19YVVFzNEtkZFpjenJmbE9NcDhjUEZ0Qm1VaU9WYWo5NkJXZ3VTcUNSMWVPOWQyRlZkbEpVMzdpejY3WGFfcTZtZ2dlYnVLR1pmS2M1ZDZmSFp3eDU0cWxCQ2kyUdIB5gFBVV95cUxOcTF5N2FDY0ZVTGVGd3VoUjJSYWx1V1dHRldObTRtMlBNNHFsT3R2bWE0dHlzc2p2RFctelZRaF9QemxMalQ5a0NxXzcyN0R2ZGg5ZTV5Yl8tTHl0UkdKczJ6LVZ3YkYxbk9VdUJnNS1uNXlUZDJJUVFkS08yMnFfb3c5a01YLUtQaHl6SG1yYXo1eXdDcUY2WGtQWkJ3TmdnZktuMzk4ZUxuZ2dZSFRLbGZnS1NkbWdBSHFac20xZU50T3A1N3lLVjBRckZOaTZ2aTYteW96Vlk0SVQtZmd0ODVCNk9jQQ?oc=5,,
"Thu, 13 Jun 2019 07:00:00 GMT",Dois Unidos,"Chuva alaga ruas, provoca desabamento de parte de casa e suspende aulas no Grande Recife - G1",G1,noticia,https://news.google.com/rss/articles/CBMirwFBVV95cUxOVzg3dWxrU1hxNjhSSmp2RE1sa0xGNUlJb051LVZYbVRzVDVWQ3EtZlp6Smw3cmQ1eHlYaDZ5SFFfRkdqSC1XZkU1Uk9FaXJQcGR2cU8yRHVUYlBYcDFpT3pNcVFHbTFxbktrY3hNTTUzS2lxOUU2Yk1WZkN2RDBSaF9UMTZJbE9WMHhLZDNBbWM4NFVTTVB2MnJza20yYzl5QUI5SjZOZ0d1cXFhb2040gG-AUFVX3lxTE1oam1PdklsR3Ztc0puZHBDdGpLMjZMd05ZUXBVUHd5dWVuS2J6bk9MRncxTTRVM3dYSnVNU1p6VlIxTDNUM291eTk0a21wVC1qMzk4czN4VzRxT3hCR3JjdlloN24yTWdxT0NSUUJEaU5Jb0FoWmtsY0IzamZHTFd4elFFRkQ4UHA0a2h0VFVIUjZ6ODRMVHBPSWcxRzJtQUpISTNjb0pUcUhPOHdvS25tamJfcVc4ZVJqZWZ1QWc?oc=5,,
"Wed, 08 May 2024 07:00:00 GMT",nao_identificado,Projeção mostra inundação como a do RS sobre o Recife e outras capitais do Brasil; confira - Folha PE,Folha PE,noticia,https://news.google.com/rss/articles/CBMirgFBVV95cUxNN0FlTkdDVk1Dd3JqTHYtTjNXeDhTOWYzT3VsLUs3RW82UWhSamdhSU5NakNWdEhvX0JHS1FfMlhjMTBheXBYTU9VTWRBOTIxVjlrTUY5YVI0Y3RyWmpKb1V0aEgxTGh1d0t4NXIxUVlDbDdBdGRkdjNxYkNxbVpHS1c0WTB6ejFFWDFaWkoyRndWbjl5ZUFNYzZMU283NVpBemNpbGJNWC1faW1iZWfSAbIBQVVfeXFMTlZ4TVRvS1Zjb1JEWE9uVFdNb1o5T00yWWh4QmstZUtPX1hqZm1JT1haejZGSGJ2VW5waVcteUdIa2drNkJOSEJFazVoUHZ5Tk1CcmwwUEF2YjdRR1NaTjlmRGlrZThoWkFiX251WnQ4RXc4WmZST3RNZUstMEFaWm9QVDJJRHMtMEQtMVdfUUM5UDBRWVdzYVFNY0otRHQ2d2FpbUxFeFpDb1VkVXlLSVdFZw?oc=5,,
"Tue, 13 Apr 2021 07:00:00 GMT",nao_identificado,Moradores de Recife aproveitam enchente para pescar no meio da rua [13/04/2021] - noticias.uol.com.br,noticias.uol.com.br,noticia,https://news.google.com/rss/articles/CBMi0gFBVV95cUxOQ2R3RXVsRks5Sm9aaWx5VDhzNjAzNEROTVZWQ1NCX3ZwVW1saHVzR2xOV2hMTEJOUUVWb2VPcWF6RHVLNjN2VEd3OG9veFBJYndrUVRnaWxQdWVVT2U4RXN0WUZZajEwRDR5V3RrZmttcDNaODFaa1ZwcjFFVDAxeU9PZktPMTU3bmpyV0lhTk8ySkhWblktamlPU2RZeTZtUDM3UnRvWDFiVmU5eWRncnJHWlJkS09WWXpLaGdfc0pFcVZvemxJeV9KNktFVEdtTXc?oc=5,,
"Mon, 22 Mar 2021 01:25:40 GMT",nao_identificado,Os contínuos alagamentos em Recife é expressão do descaso das gestões do presente e do passado - Esquerda Diário,Esquerda Diário,noticia,https://news.google.com/rss/articles/CBMiiwFBVV95cUxQUFo4M0NFQzNQX1FtRVc2S2ZPZWpiYWI1LUh2N3hmUzhIbFJBTnQ2N010WTR3Zy01dzI3TmprVTFObXotQUlTT1pjcTBkSE5mYkduQzRUZ2ZVYWpqR2JuVEsweFFJYmx4OS1XTi1CQmY4ajQzTHE5bVRwRDNGNFVHUnVCRVlEcXJweG1F?oc=5,,
"Thu, 15 Apr 2021 07:00:00 GMT",Cajueiro,Grande Recife tem alagamentos e transtornos em mais um dia de chuvas fortes - G1,G1,noticia,https://news.google.com/rss/articles/CBMivgFBVV95cUxORXZXclBWMUFNR1hSQUJReTdjVzVRY1QzV1BNNG91TTJoU0p5elRLZ3R0VmlhdTdoTDVPUkpTaWFCaWJZZE5ORkVnOVRGeThpVkViOW1rUnV4UU9OcnhSeVpkb0dIVmx4LWwwdkFvWVYtc0J3Q0paV2JrLUJRT3p5a0hJRGRUWGlxdjBEemw3VmY2UF9xU2tUTmxjT2ZrNHMzb2U3YjVnclY0dmt0eDNoWVAzS3U4ZWkza2lVaUhB0gHMAUFVX3lxTE05X0dnY09ZN28wRTNEbFFWUnU2b2d0YUFXVzhwaTZaQUNWVTd4dVB0Wk4yMHRzYmFWckE4U0p3cmpWUERMM3VMVUVWRVNmaDdTTGZleGJYQmg5ZkUxXzM0S0kyYlluV2JlWDJsREFmWUVFYUNFRmFhUUF4aEVDeW5ibGRVc0F5a1hvTERhQlhURkVuQ0I0alkxc0VkdGxNT25VQ1Q3YWIzUWh6a1ZsTkMyNWtCeXRpNEVtNFlaMk9uSnVyaXl4NEVkcGhWZw?oc=5,,
"Tue, 07 May 2024 07:00:00 GMT",nao_identificado,Recife e Maceió enfrentam enchentes na segunda; há previsão de novas chuvas - noticias.uol.com.br,noticias.uol.com.br,noticia,https://news.google.com/rss/articles/CBMiiwFBVV95cUxPZWZ0aFR5WnYwdUJ4NlZHa1owTFk5X2FnMjJfbFZET01YZkgtZ3VibmFoZ2JQVHFxR1h6NFNtZlZrOG5udTBFcDRQVzNtSTNZbE9yT0htMDRwOHAwOHFxZkE5dDVTSE5JVFNaaEZtVFVUU1BWTGRsR0dwenJLTjVRZjNYNk9JeFA5endn?oc=5,,
"Fri, 26 Feb 2021 08:00:00 GMT",Cabanga,Recife e Olinda têm alagamentos em dia de chuva forte - G1,G1,noticia,https://news.google.com/rss/articles/CBMiqgFBVV95cUxQLWxRbVRzaHBBMHp2amFjOVJyNFRmcTRGbzlNcVVXZWdiLUNaSUJDYmlpaUcxWlZ1ZzBhdXhOSVl5TjYzRWlvUHNqNFNCQlJGZjdjWXhJTm9xX1ptV3ZVd1BxTWh3RjRQRm9TN1V2WHZkd3Rld0VUZ3pYZ3lJSy1ISTc1QTZCLUFlWkJDb2dBNGRqVXNFWFFINFQ5UU03ekthb0N1U2VZWGNBUdIBuAFBVV95cUxNS0ZYSlpGRTVBcFRIei1UMXFmLTBRUGZhdExONUVzMEdVSHgzaUkwYnF2b3E0Y096M0Rfb3V6bDVHX3NPQnJwaHVpdmJ3d29MRkpGcnJLWWdkTXJFdnJvNzU3Y1B1bmVxOThjMkQxWmxCTDYxekZQS1hNSy1JMVNTVGxyQVRxeFV6V0pVQWtpUnlHSVRiRkFhaFpVTmJCc1dRQkVlUHM0WjJnSDZNaXpmNWN3LVptOHpW?oc=5,,
"Fri, 03 Jun 2022 07:00:00 GMT",Jardim São Paulo,Novo temporal causa alagamentos e deslizamentos de barreiras em Pernambuco; veja vídeos e fotos - G1,G1,noticia,https://news.google.com/rss/articles/CBMiqAFBVV95cUxQUGhyYzZ1dnRoakxhZzU5QmJfRURxdkdkdFVUOV9sN3BQd2ZOVDVEOHM3ZkpsNlZmOFV4SUpLd1d6cHR5Y2VpNlhsNVNoaldSN0tWYk5qdkhNOHZPbnRxTks0aHhISTBkb1k1YXRQZFdOSWtUOEFkWUszVndXeURUNkF3Z2tPWWQxV3VwNkQtVm5VczB4RmNpM1hlQVRPQmEydHQ5WkdKR0fSAbcBQVVfeXFMTUNwTDhxd21MTmJ5UmxMX0hFSi1FZ0lQak01MlVMUW03Q3NhelM4VTY5YV9xVnZneEdEckhsRjVTSTdUVEFRTWNDNVpSU1R0VG1NWVJEbWJzS1ZFbFV4SnM5RWQ3M1ktcGNuZl84NlFCWl93ZVd2WkFGZWxJMmtlNkNIaFJEX1BsWFJmVWVIYUV2NzI0SHVmUS1PTlFKblFzTlFzUTg5RjNIYXhGczFJVk54WjY1aUpV?oc=5,,
"Mon, 30 May 2022 07:00:00 GMT",Casa Amarela,Número de mortes em Recife se aproxima de outra tragédia ocorrida há quase 50 anos - G1,G1,noticia,https://news.google.com/rss/articles/CBMi4AFBVV95cUxPVkxaaFNYSVJhZ0VvZkczbFdMdmpYeGwtdjNkQl92VW9tYmlwSkRtMFVDRFE3VXE0Q2xOZVlTMXhMRWw0cnpNeFRXSk9VbkpvRk9oejd6NlJsSllNX2FZTXZPcWNrNjAwNWZrTlpDVUwzNVJDdkYtdHgxOW1sb1g2OTN0amZjUnZNZnJaTDRQZ1FnOTFNRklRdHZKSjhBZ2I2TGdMMWV1c2NrN21zUV9hV0VpS2FzM3p0cGFDNFZlVXFvTU9aelhZWjJXeDZkRTdJRFF5OEtYemRjNjB0UmhvUdIB7wFBVV95cUxQWmQ3dmZNbVJKSnpVWFozbGJrMUlpdFpES1RTcWVsaVZQT3NBZ2Zid0lTcVEwckdIclUwclBINTFjZ3E5MGR0SmkyTGlhLTBzSzRib2g1RnBSbHhYeEtMOGt5c1NhV1pEUEo0TFdncTlmcExEQUpYaUhzNmJPZ1dfcGFtUXF3d3ZXTDZOdjJJQWhkYU82RFdNWFVfMzdTei15VUNZZDdqc0xaNy1FbUZJNXphbUxUR2YzYk5TUXR0NS05bUx3bldoYlR1OWlINjJEVm5CSFRHMFI3ZHBEVmFmVksxM1djVFBmRXJGSk56aw?oc=5,,
"Thu, 05 May 2011 07:00:00 GMT",Várzea,Recife vive dia de pânico com boatos de transbordamento de barragens - O GLOBO,O GLOBO,noticia,https://news.google.com/rss/articles/CBMirwFBVV95cUxQaVFRdkxxOW45bktFTzU5OUcwMTdkNmVwcEpQYTdMLXkyR1pHNFQ4RWJWX0MyZVFEZW5mSDV6YTlfbk1NWU8zUU5NSGJUeVVGbUpaRnRRQ3BrRU1vVC05MGZMaWEtU0JrQ2c5cVpfSThaWm1fM2hsZjJYYldUNnJnYW1pTEoteFhDajU1Q1Q1QjlGRGtlalFSa2VmY2lYdmU0OWVYMDN0U0VuRHpEOVpB?oc=5,,
"Sun, 06 Nov 2022 07:00:00 GMT",Jaqueira,"Chuva causa alagamentos e transtornos em cidades do Grande Recife, Zona da Mata e Agreste - G1",G1,noticia,https://news.google.com/rss/articles/CBMi4gFBVV95cUxNVThheWJJbzBrby1IMFFxaklydEZzTVMwaVBqZ1VYRVhRZGRvQmRnX0dtNDIzZ1FvS3hsMWZ6WXkxSTdMRGZtTGJCQ1ZjTnZHZEJTZ1pOaVMyakhsWUlDQ00zelhYTE05aUEtYUVIcjdfT1plU0hpc2xwS0diX3ZhSUVsOEVBY1RiSE54Wmh3dlBzVnJJVlc1ZmlBaHVXZlZLU1JfWXQ4U05rbmZ2bHdUeVZXVzdxUlpEc001ZU9kUHFLc3lqRV9hWnV1RENrSkNObm5jZ3oya3hoY2NHc2xvYWdn0gHwAUFVX3lxTFBCWE1WQnQxWGRLakVxMFBTX2VidUdrYzhtRVAta0RUM3NLTDN3VnBLTDFuWGJFMVZxSmh2R3lpTGJWUTRFZkQtLXp4bHJvTExCM18tMjRtZ1RYa3VGcE1sLXBNa1FOS0k4NHY0WUJkTmVXZFFmTWdRQXhPYnZGSmp6aHdzTXBodUtnTHRTX3daRjFGT0xWSWRqYm40dHAzWmNJOE5LNFpObm1TRkRUMTFyY2UxQUpSWWFoZUNvU0NTMVlqaFVnZGlPUDN6d3JuMGUtQ0RSUlZaMkQwRG1FUkdtNFBsRVZXSUhlcXVnd3pyNQ?oc=5,,
"Sun, 29 May 2022 07:00:00 GMT",nao_identificado,CHUVA NO RECIFE: há risco de algo parecido com a cheia de 1975? Relembre o que ocorreu - JC,JC,noticia,https://news.google.com/rss/articles/CBMi3AFBVV95cUxQZHlmWENTczJZTXdodEhzdUdOWWJXN0xvcXRQWTFVQkt5VGVfckJxYzBDV0JqdU5mOVc2WldaTk5lVVJzWFpNSmtKRWVkMVNMZkp3Tl9ndlR1Y3ZIM1RIMnZzSnV4TXRjV3lpc013cjZQSVhPRFlFUkhyb0xMSTVITDEtLTc3azA5WkswLXJ6cGlaeHVUQnNvQWlXYjR1VXB3cWZ1NXg5OGpqTE9LMndpSkE5SkZTQm5VcGpFRlhZRDJBTHBqNTZXQjJJa2dkVGVVNU9xLUJSUkVGUnlJ0gHiAUFVX3lxTE1PVDhQSEluaFo3SHd0SXdLcXFRbEtpd01DYldrQXdDcWJMNXBkbl93RWN3a01RVFU3dkw5QW1ka1ZmUEpOQ2Q3WWdJLVhLZFFTUjkwd0Y5SThPVDVYTENXMWpRVjNjam91Rk9IX1JvZFhRU2RxcVJTTnBuVWJ4S25mRFNlMUZ0Q25DbjFMczRMcmUyVXdYaG9KUF9DSk54R2tqRmdLMTBvNHpDNG9MZkJCaXlDZ0lRbnYxS0ZiZUduZmN0bHVxUWs4N3FWczMyeEtwNWptWTZOZWlvd0oxRXJuTUE?oc=5,,
"Fri, 25 Jul 2025 07:00:00 GMT",nao_identificado,Força da enchente de 1975 no Recife - jc.uol.com.br,jc.uol.com.br,noticia,https://news.google.com/rss/articles/CBMimgFBVV95cUxOQmZoanhfUXljVWVTOHdUelE3U204dXdNeEh2dlM0bHAzS3ZkSlM5TzRHRU5aLVRFXzhxOXpLNkdENHJLU3lJaXJVLTg2b2c1djEyUnN3WC13cHhFTnJ5cmhqSHA5ZE5JQ3F6SmxleDhKUmhUaHBGS2hRekFhRFpObmxVYUszNmkwQzl3bXRGblVVNUdFU3Q4U0FB?oc=5,,
"Sat, 19 Jul 2025 07:00:00 GMT",Afogados,Boato de Tapacurá completa 50 anos e reverbera na literatura do Recife - Diario de Pernambuco,Diario de Pernambuco,noticia,https://news.google.com/rss/articles/CBMi2AFBVV95cUxOVGhmN2hQTFN5bXQ2dVhDOUhYOEc1bXNLbG5mc1REbFFzQ0RyZmI1dExydXVsWGRNUnN3R2NuRWtZaTRORXBaYzJ4Y2ZHRWJNa0pNMjAtdzlPNUhURl9MRnJjWnNVYTNaU3ZxZ1M3VS00TzNTZ1FlLXZCajBZZktrQnhsdG5ZYXhSVGM0NW5sZWR4VE1jcGZfRXpFT2djcnhtaDVwMVFCeVd4NFA0N1NBOUhJWUFxV3N0TFJjUW0xckpUQW4zbkhOaDdSMHIxS0F5eENnamZqLXQ?oc=5,,
"Thu, 24 Jul 2025 07:00:00 GMT",Afogados,Romance resgata enchente histórica que desalojou 350 mil recifenses em 1975 - Folha PE,Folha PE,noticia,https://news.google.com/rss/articles/CBMiswFBVV95cUxNX19WT1lsY3NHYmFueTRqUVF4SnNuUFVoay1EYjlETjNvejE2T0EwbS1BdmlrV01COElzLTg4R0xiTFhJUXhRSUt1cUlvNl9pNU9Ed1hQQmNCYjdURTI1VHZqOE9sYVRLdW1uaUxVWGVmSGw1aUpWWHBYM1hTOXZzQWhUWW0xQVJrWVVIeXJaWHA4QVVCMW1UQ0ZFcWh3TDdSUlBXZm9GOEpxZ0ZKdmNiTUFwONIBuAFBVV95cUxOTHJYWDFEOVR5ZlBhN3pkRHZpVHVFRlJoWVFHbUJrUG8walBNTG9SVVpFM1dwU1hOVFlRY2M5R3EwaGhjNkRWVmdXVU5xUlIxdS00ZHl1YlZOQUFDRXlCSER1RmFWZS1qS0dYTzlMbDkxNzhYN1NRU1FjSDRzem9BcThpTlk2NHREdktYRlRzbGN6cDRfTFJFczRoU09zNm9lSV81ZGZDQ0M0WkRGSHEyX2Zsc1lfVjY0?oc=5,,
"Wed, 25 May 2022 07:00:00 GMT",Afogados,Chuva no Recife: há risco de algo parecido com a cheia de 1975? Relembre o que ocorreu - JC,JC,noticia,https://news.google.com/rss/articles/CBMi3AFBVV95cUxPUG1pQWdrUDBwWm1qZ0kzTlRsNFNLcG0ySWZSb0pQMVEtZEdiT2lMZFYwZDBvQnJZcktuS2hIdjBzeFhpdVROQldTZTFYc0NEZnpJMkFzTXZ1QmNIMU82V3ZOdGNvLVBUVktDRlV0TlY4TlFzbW5odHpqSDlSVkExYlF6UFRrNzdlV21fSzRmdDF6Y2pQRGozTFBQdGxXOW84OVJlRmh2clpiaVoxUlRpVHV1SWlLUF8tQ2lGNkdHUmxtcXVTbU5yTXZVcUVsdnpRWmRYYzNUYWdrM2FF0gHiAUFVX3lxTE9CcC1od3VkZEt0ZVNHSVdEV3JGakZlVTZEdVlid2J2bWRIU1pzZkMyaUc0SXM2X3laNW9vWDdVZ2VKeEtFNVktaGtBb0YtWjJsWURIZ09Nc040M2V4VXg1S29VZ2pvT1hTQWlNMmkwcTVYeFlTRzd2TDRxMExfMFlVSDhfY0dzSjhacWI4eUp6dllhSXF1dUk5WEhPa1FhbFNCcmVQTHloaDByOS11YmIyakJHU2JpVzQ0QXdncnhETmZUVW0tZmo4T1ZNUUYzbzBFZTNuOEpuSWRjQjR6WGp5WEE?oc=5,,
"Sun, 20 Jul 2025 07:00:00 GMT",nao_identificado,Escritor transforma a cheia de 1975 em romance e provoca debate sobre memória coletiva do Recife - jc.uol.com.br,jc.uol.com.br,noticia,https://news.google.com/rss/articles/CBMi3gFBVV95cUxNVGp6SlE5RXBPUkd1WVdrUEtYNGQ2RDhlWEg4MXFQWGVtc2hCc3luT3V4anUwT1lnZ1A0c0c3ZlN1YWMwd3lURlVRZTV0X3h1bmF5OVUyX3FPY0wwaWFNSUJDWGpZbnQwVko5aTE4M3cyQUQyT04xVnFrNmozWUNFTUpGY08yLXhTak1IMld0Vnh5NWlxZnBNYkdUbGVfbkhXR3RVc0UzVExLUDh3dGZOVmVoalNQb1hfbWlQeGNuUGhqZVB6WHhMUnJGQ0FodllJNmpsWjlQNXdwcTNVc0E?oc=5,,
"Sun, 20 Jul 2025 07:00:00 GMT",nao_identificado,Tapacurá estourou: 50 anos do boato que provocou pânico no Recife - jc.uol.com.br,jc.uol.com.br,noticia,https://news.google.com/rss/articles/CBMiswFBVV95cUxOWkpCU202N0VjVFRRZTlLTzBxcjM4UVRRbnI4OHZxaTFxMWxqU2FrN2gyMzE1aGgtblU3Umh2SUpPYUw2cldTYVNSVHM5ZGNrcDVGYkFKc1pNRkZGNktEV2diRXhsRy1UdTJBQUdaXzJBNlk4YnRFUWRRTm9HTm4wcXUxMWhaTXFxTjc1VmlRWXBXYjdzelJWT1FnYXdJczdrT01STGQ2ZTVJSk5VS0V0b2Nkbw?oc=5,,
"Thu, 06 Feb 2025 08:00:00 GMT",nao_identificado,"Apesar do marketing de João Campos, as chuvas em Recife continuam a significar mortes, deslizamentos e alagamentos - Esquerda Diário",Esquerda Diário,noticia,https://news.google.com/rss/articles/CBMizAFBVV95cUxQeDloWXVCWURnd2t4VUZNb0hPVHBRUDM0a1VNZng4bDFOSVJjd3ZGSm9JOTlub1RmdlNJU2lRcW1UYnpnSWNIa1BoQ2JYd1Q2N2tlSktranppaFNOeF9fTEd0bUw0MDdvb3I3SzFxa0hwUGZHclByVmlPMlZ1ZUpENlBOcGtqVW1GSEd1TEJfLWZVQTFtVzVESDZyMEc0ZGpkLTJCaEpmZmluTTJrQk5UYzJfU1A0VkFtOF8wNUpJX0tjSEZEN0FoamF1R1DSAdQBQVVfeXFMTlZlalhVeHdDSG5PbVc3a3RyYTJacWx6bGZyX21XNUdWOC1aS0VNLUtBNDdXMy1pRDl3c21JdTU2bXozUGNreUNFVFZ6dHNiRFZFNU16NXhRT08yaWtEbWZ3TGRWcmhzd3k2eHc1dFhnalF6ZFAyX1BMa1BKczFrWDg4TXFNcXI3dHExMjU3Zm5UaGVDTUNNM2hqUG1NYnJROWVTY0dTRzJoRnhRTFRPWTc3VEdjS1FJdXJnLXB5RGxqUDR6UWo3M01iMVJhX0NnNGZhU3k?oc=5,,
"Sun, 05 May 2024 07:00:00 GMT",nao_identificado,O Blog e a História: quando as chuvas castigaram e mataram em Pernambuco - Nill Junior,Nill Junior,noticia,https://news.google.com/rss/articles/CBMingFBVV95cUxOSGlUZVYwWTl6MHhZSjlsVVRlRW9aTlhXd1VROHR6TzYxLWVab2xYdkI4YlJveEhBUGNKZkxYVGJBb2VIcVBWaW9GQnBLNExNSTJ4T0VnRDEwMlpUMXVuSUE2RFhIODVMaVlSS3R5QXpvSWV4MXJnODFBWFNicUQ1M0pEMmZfQ054eXFGWU1RMUlodnJQMTYwSGZLOVFyQQ?oc=5,,
"Sun, 09 Feb 2025 08:00:00 GMT",nao_identificado,Pernambuco registra pelo menos 30 enchentes ao longo da história - UOL,UOL,noticia,https://news.google.com/rss/articles/CBMiakFVX3lxTE51MmtjVDktMzdZZlBYMU5Ib2Riakk1TndwWUxiRmd3TGQ3UGlSY2J6MmVzMm9NYWI2V2dySmZ3cVBsdFRtd00zSTJYaExkTlk1dlY3WDJ3bXhMQVc0THp0SzlBTFhaQWxZNVE?oc=5,,
"Mon, 16 Apr 2012 07:00:00 GMT",Beberibe,Cobertura da cheia de 1975 no Recife foi marcante nos últimos 40 anos - notícias em Pernambuco - G1,G1,noticia,https://news.google.com/rss/articles/CBMivwFBVV95cUxObjNsVHpSX2VkMlYwU09kSGFXbVh3NDBHcFYwaUE5Q2I4NUxLTHBnejZ1dzR4dkt6Z3VGNTdVVVFSVFcxTklGQzlsVTJ1Skx2SzRxYVlKZjVSQnZpdmJXcHd1ZjAxNmIwbVh2YmxZSXJXVEZOSmYzc3JSVmJWN1JTWWRLT2hMM2J0MDZ4YkstTkJRcE5wUjBZS0tyTzctZF9sSjdmeEszbl84dEhmWTZMNm9VZFNBQkx4UTVodHBCdw?oc=5,,
"Thu, 06 Feb 2025 08:00:00 GMT",nao_identificado,Pernambuco registra pelo menos 30 enchentes na história. Por que elas se intensificaram? - JC,JC,noticia,https://news.google.com/rss/articles/CBMi1wFBVV95cUxNaFFfOHJNSURZZmFSbGxyRDZKa3RnTXhkeTNxRGtCT1M1dkVrTFNldExJUU1yakVqOUM2RVR4Q2pVWTVDUXd4dHFvRHlKR2NOZE9PVEFDNGFILURzbTltTHNRWXo3QXlFU0dTU3R0VHZQNHowYXA4MUpBMktTN05rRjFkeFNQaHVxempacU1RS1ZWTHBPMERaNUJ5MVhiMWdySVpkVFdwLUZ3UVhCWDdGcVFZOFBqdWUxcjRjbk5iMEp2SVNQMW1GZnV6UHlGUkx4OFgyX2FGNA?oc=5,,
"Mon, 30 May 2016 07:00:00 GMT",nao_identificado,Trágica cheia de 1966 no Recife está completando 50 anos - JC,JC,noticia,https://news.google.com/rss/articles/CBMizgFBVV95cUxOa1A3cV9XMjFwd3NGVGszM2g4dGQ3VDZTdFFYRUk0Vkt0OWdfejhhdXdyOXlGMFhGUUk3MEtrTVRmdW9Bbm5ISXpqcVRlZEk3RFFxYTAyd2tWZFN2dlByRndZUVk1b3ZEU3BTeG1rZE1lMms0ejF6UXpIdzVvNi1fUkd2eWFJTnlQLTY0OXMzSzZzS090WG5xRGREZTlqbmppU04tYzJ6WGM1TkYxZl9XVmprLV80T2FmSnNoemVpTG8xc0prWkhiOHNoa3hLQdIB0wFBVV95cUxNMkREc1F3OVJiMUktZGlCOU1HM2hVOG0xa3lGSjgwclAtcUk5UF93NDU1SGhNTVowUVdMYndHbHBJRktKNy01RzFIWnRyUlRPOVQzOV9SR3B5d3Q5NHVfNHM4bEZheEx3OUExVmZQOUNTdUJmT0tVS0hBQ2czNGdXWFpJTG9MRXIxVHo4UWJvYzRZMXVSQ0pYcEdKNFBnOXZEbkcydDZzeGpFMEJDbDBqTS0yM0UwdmYxVUpvOWV0RzhZcVFxYlBqZjJqbTUyeVFRNGlF?oc=5,,
"Thu, 02 Jun 2022 14:37:28 GMT",nao_identificado,"Versão original de Paêbirú, disco raro de Lula Côrtes e Zé Ramalho, chega ao streaming - Folha PE",Folha PE,noticia,https://news.google.com/rss/articles/CBMirAFBVV95cUxNYm9nd211NlU2NXVXRVBNUUZaRzdkbGlNQWlyOS1zV2NyYTVHZVN5Wnc5SmlfVzB0dFVrNzhNU1E0Y2FtT3h2R0JHcVdiTENyV3NFODlZYjBIOTZFZWJLQlBqWXVUTExVbHB1TUI0Q3BjV3NpclZGdXNaMTg5RFJZN1BmUlZOVmF5Q3dNRGVzOHM3QlItWXVkN2hTUW45YVhWVjBzZHprX1VUSzRo0gGyAUFVX3lxTFBNeHRZcUs3ZnlrZEFQdThJMWdUeTE3Q0ZCekZrRW9STFNwTnFDa1l5SXVzclpvbnR0Mkp6R1l5WGFraE5WRHFkcnljUkxxeDYxSjFqdERUNlpZNWtVZ1NKU2RoTU43VE0wME1MRW1rV2ZVZGFiSkdPS0N3N2FGTVcyX01SR2JFVDZ5SUh6bEtaVkNFZU05TjJyOXhYdHJVWTlQSE9IOF9QOS1MQ1d1Ti1zeUE?oc=5,,
"Sat, 25 Apr 2015 07:00:00 GMT",nao_identificado,Cheia de 1975 no Recife - Uma tragédia em busca de memória - jc.uol.com.br,jc.uol.com.br,noticia,https://news.google.com/rss/articles/CBMiqAFBVV95cUxNNWR5ZnpHWlNNSVBMUjQyUHhmMlFFN0F0dF9HTTFMVjUtY2ptdjRydUF1RmtIS2dZUTEtTEFJSW9xUUVNQ0ZLb2k1TllMa25oM1VXV2RTbnFTU21UeEZSZlRWUGlpc0Fjc3ZjT1QwVDA1bjVUWDhOOWF2SDd6aUdzbmdVbGRIbEZnOEJSUnZhVmRRQUJ0LXU0V3ZjYy1ELWtSQk1Iejd2bFM?oc=5,,
"Fri, 17 Jul 2020 07:00:00 GMT",nao_identificado,Músico recifense Caio Lima usa grande cheia de 1975 como mote para projeto - Diario de Pernambuco,Diario de Pernambuco,noticia,https://news.google.com/rss/articles/CBMi0AFBVV95cUxPU2pLbE9ZMmM0azNrSTBncnFWMHVqVklMSXRyQWhWc25ZWk1mZU1NLU0zVDB2WXNfZFFyT2ltNGRXZi1MUXlNUDdoSWJwbGZMR2d1aFhnaGh3WXh3cVUzS2U3OUVnRTM2NWREMWZ2cnNpQUUtUmpQU1Z1ZU1NOWhHQlJTQ0Y3Wk1rYU45aFZMZlJRV0NEYkUwVkJDd0hjcnA4X3NzdVZxU0loU1dENkFQc3JUQXpDa3Rjc2M0ZDdacjBCVklNV2w4bFhxWUthWG1u?oc=5,,
"Thu, 25 May 2023 07:00:00 GMT",Boa Vista,População sofre mais um ano com o centro do Recife debaixo d'água - JC,JC,noticia,https://news.google.com/rss/articles/CBMi0AFBVV95cUxPMFE4b0hUeWRDNkNsNUR3WDZUdlR3WHZMdzBwSHdZcDl6Qlc2eFdvU2pKcGFqQkhaZ1RWUTdSdVVpOXpkMjkwVERZWVlHZ0o5VDJmX0R0ZV9TVnZ0TUtJaXdMbkd6Qjh2VFAyLXdEOS16QWl6Ui1MaGJGZEhSaGFSZG5COWZwYjVqX0xpN0tqdUJfUGUtVkFyZ0RNbW1fb1poX1h5YXpkUFVnc0xWZWJEZHR3TjA3SndIZm1YR3l4dFBQTTdiU2ZMa3duQlVtd1Ja0gHWAUFVX3lxTE81dzJOQ0ZIZ21aZDRzSTRnZVRRbnF5UTREMXpXNi14bFNQYlhkcVpxU0ZZSnR6bUktS2VOZDNaNWxXT1F4Y0laWHNFdzIyNGZfTE5ZZFRwVGJ4Mk13dWNlcnlseDNjZ2tEVHNQa0hWd3lXNWRER3FrMlZqN0pPdHdiVnozWHJZOWVRcWN5QUE2d0EyWlA3T3RxZFMyM2wzdzY0cHZGOTlJVmJyRGZXNXVvUzBId25TZld5cE10cG1ZcUxXZFJfX2hHaDJkVjRYT1ZLNFRTSlE?oc=5,,
"Tue, 31 May 2022 07:00:00 GMT",São José,CHUVAS EM PERNAMBUCO: tragédia em 2022 supera cheia de 1975 em número de mortos - JC,JC,noticia,https://news.google.com/rss/articles/CBMi1AFBVV95cUxOd3dhUHl0WmZ2VmxaYmtnRFhEQjVWYWpFODdwQ3o1ZnRpc1M5LUdrMFBRV2VTSTM0c1FFMFZkSkhMcGJ6Y0NIejU5bzhidlA2QnV6N2xzSmRmQ2ViYTNQZ05YSzNZNTN5bnJNbUk5eldSbTREZUVXLXBTVmZwTjZvYWVvdFB3V1lKNWVHSUtVYzRwM0lDd3pUblhvQ0s2b0U4dVpSYjIydG1aOUNabGhJX3VWTWJwTlRGYW8yMk5BY2JSdzF0UzNKWWJxb1cxRUFfYVAzeNIB2gFBVV95cUxQODNyc01rTUxRcUk4aDBXSWpVVUlBdkRJQmJfNVI2YWlHdXp0R25uZ3V0ajRjY2ZnNzVFTjltZTZTM3VZbkJLbUI5bFBVTkkteDI5UVVCclFvakFLamlwWkFSYm5hU2daRlZrNXRpbDJZMVVUaDh4bTg2OFE1YUlpLUN5ZjBSVEE5ZFZxTFJsZjBtV3hzSGJIaC16Y2pNWWpMTjMyd1dvUEFnSlR4dFFZd0ItSTQtbWxLVEVITHlrMExmM2F1Y0hVd1l4ZEdIMFhSQXhSa1FqVHJrUQ?oc=5,,
"Thu, 26 May 2022 07:00:00 GMT",Dois Unidos,Chuvas intensas no Recife: há risco de algo parecido com a cheia de 1975? Relembre o que ocorreu - O POVO,O POVO,noticia,https://news.google.com/rss/articles/CBMi5gFBVV95cUxOeWo4RWtmNHpFLTA5N21Wdmk4aVJDOFhkZkRnREs5ZFBKU0R6WnY2NXN3N0pGNGt6UmxOYzZIeG55eDAzQWlKOE5Rbnh5NzdKa0t0MkhpQl9ZY0ZtbW1HZDdmNXJNaERSN1UzRFhXNnBpNEFrU0JOUVV6bGxxLWJCVElydWNyN3lobXF3WkhRTkpuUTEtakV5S1lGa3dFT3BlbnZDZ19qamx1dHc2ell2ODRnMWJjMXBwRXRibjhfZElyYU5OWVRmeTVYU2otbXFxOThDMmNIdXg4ZExWeWZhOGMtenhvd9IB6wFBVV95cUxPSzktOHgxR2U4N0J1SlJxMXB0eGhidjY5eEtrUTVlWXNoYWo0QUxlTkZjT1Z4bU4yUlR6OXo3TmFvSFBDbmJQVXJ2Z253ZVdwZUxXSkZ3WlRpRFRpdmV3ZGk1NFA3eGl3OGNMMlZzekxkVHp2OGFjVWFIVU5hTDhQX013TmJDNzQ1Y21ONHFLdURkWHF0ek1Cb3B3cHpPTmVORGJUUWhiX2Z3ZEZfemp2MlY3azVybUVZckNWX2JsZmpuMnc4M0VycVhzWTdwQ0VIMWhQbUpSM0kxOF9TVVFXU2hMSXJRV2NjUzh3?oc=5,,
"Thu, 01 Sep 2011 07:00:00 GMT",nao_identificado,O inesquecível 21 de julho de 1975 - Revista Continente,Revista Continente,noticia,https://news.google.com/rss/articles/CBMiigFBVV95cUxNVV8xY01jYXp6anFWSDdySkpZeWlMSEZ5TG9JNi1oSzBqT0hHQkkyVkhMTEFaU0NFLU4wSjNjQ1FYZElDbXRiSFBxb243QXhGQmxzc1p4dlloZXVRenBySmxMNDlBT05MdDlxTkl0S2g1Szl5U1dWU0V3T2g3ek9iaW1KMVNWV0s0NUE?oc=5,,
"Thu, 02 Jun 2016 07:00:00 GMT",Afogados,Vídeo flagra homem dando ‘bote’ em enchente para roubar celular de passageira - Extra online,Extra online,noticia,https://news.google.com/rss/articles/CBMiyAFBVV95cUxOaERxZGRseTFWMGpmc2gxcFZuOVJXTTJKQ05ITGZhNFQ5dGtVc0hoT0oyZHN4YjNoNG1HQkxxTEQ1VWE5cUx5OENCN3dOZzE3X1NEX3ZzTG95RGpnRXg5V1BCSktzVVVkVnlzSERNY2M1OGlLUmtVT3BqNlpQaG56cFFkMlcwQjQ1bjFBMGJDbFg5SjBvN0hsZWZCeGNjbVlhQ21IQ09kVi1zR2ZLNUhkWGJyX1ZxSEpJMU82bUZFLWFYbFlnZU5jbtIB1wFBVV95cUxNX0F6MjYzOHAxcUdyZXloMUtham1wMWQ3d3ZsS1RFUnNodG9JQXg2YzZGdFYwTzduUERjdTlHT040V193eGdObFZYYzNFMm8yUjFZWEp3WGUzY1JxZFZEX0NDSFRLaFVYS2dyTWVtTWhCZG1iUG1xMV8yajc1TVBJb1BnVmkzVEhaRkt3eWFZOG5uS0xVWmQtSk9hUVktQ05KMGlzV0dEejFneVlrSjdYLWwxTHhFOVMzX0JQMmMzZThHR1VrX1RfcUg1NWF6TVM3eldFWWpLUQ?oc=5,,
"Tue, 07 Jul 2015 07:00:00 GMT",Jiquiá,Moradores do Totó e do Jiquiá enfrentam duas enchentes num intervalo de cinco dias - JC,JC,noticia,https://news.google.com/rss/articles/CBMi8AFBVV95cUxQZUpVbUtjbVd5cFdjbFpVU3pWdGlIcGhCdUZKYW5VZXoyMFRWaGxkc1ZFeDRreHRhb0YwaFBXVV9xX3UwUjBjYVVvT0FBLUhtaGlrZFd2REVkWWQtVi1sWXN2ZVhTOWk3VVphSlBQNExyZzNHTkc5dmhqaEVJQWxEendXM29RdUVkaVE2aGxEXy1EWlc3b3RIeXQzSmVNcmhTaXdOTjQ0YzBjeDFDbTduckZ3SklYMmY5azFTaUVVQjg0ZnNPSjFQMGhOb0k0T2ZKWUxUYk03ekdveXo4cGlCczVxczU4YU5KN3NmVERDblTSAfYBQVVfeXFMTnZSVzR2UE00QTRYeW5YeThTQUdtNTBHR1U4ejYxekNNT2ExYWNnWTFLQm5hS3dMTjVMWnZGS1l5YkhJTTVWZkhZYl90N0t1NXlUWk51bEk1bVJ1R3Fhek40dXlodEhrbE9QcDNZTzhVN2tPUy1oQ0dPenpQalRIUVR2REpaemdBTTc1S2ZCN0pJQjBYZ0Z4MkhOODhjcW9jQUY0Q1JRSExFNjhKeGdRd0MtMXJNb1BGdUxCT0V6Q1VaTWNSU3ZUZHhCMkU2emNuTzJMTTFrcGRzT1RqbzJiMDdFUUF6Qk44MXFIM1RZdjNMTlhyT1R3?oc=5,,
"Mon, 27 Apr 2026 07:00:00 GMT",nao_identificado,"Apac e Inmet emitem alerta de chuva moderada a forte na Região Metropolitana do Recife, Zona da Mata e Agreste de Pernambuco - agoranordeste.com.br",agoranordeste.com.br,noticia,https://news.google.com/rss/articles/CBMijAJBVV95cUxObXBWemw1SXI5aGRLV3Z5VEhwX0Q3Tnp4VkZpcjd4QjBndzVfeVUtcENVcVpBNU1yaWR1V1k4NmxITzNxMVdjM3BvRU9uVnNOakh5amRQYnExZzAxRE1jMmNJdDV2Y3QzQzMwYzE3cGFKUDlQWGs2N0tyS0RMT3FzZWxoYURSR0RMLTJFX0JsVGVoOGZCVHlDLWJ2Y0pieXVVX3ZGSFJFZlNONUtJUVVVa3VTSG5hZXg1UU1PLXFWV2s0SjNHcUd0bHViT3dkNHdTSkxOVHc3R0R4OVE2MzBpNEZBTVVuMG1xODJrSW02OTUtRWJlc0Y3dXp4dk1KSEpOY0JJMGRNZlRWS2xX?oc=5,,
"Mon, 30 May 2022 07:00:00 GMT",nao_identificado,Escolas do Recife viram abrigos para receber as famílias afetadas pelas enchentes - fdr.com.br,fdr.com.br,noticia,https://news.google.com/rss/articles/CBMisgFBVV95cUxNSG55MDdxOGgzQXRfQl8zVkRGeFFjaDRTaTMyOXNiNWZERzNLeE1XSGFnWFRZXzNkOThxN1YwSEVKT3Y1dFpoRlhXOTBzZHdTdE5oVXZpY0dad1dMOHNEZ0pTQ1N6TUlCczV6Ti03TjB4aEJuV0ZfUW9mN002U2JzM1FjQko2bDZnazBCbzA4YVlPbW1lMGdnZGR5YmlXNjdQZWw4YzZIbjZSVWNaY29sYlVn0gG3AUFVX3lxTE1zbWp4bnZlSGJSbEdKQjlnYUZQNTV1WUdKalg1NHA1bFZoU2FVdzRfMDZhTk1hWmpqY1ZSMF9CV19YbjM0MzdzTkdPNllyclFlb3RIRWtyd19fN1dZUThNTUZtUEU0WWcxMjZyaFozMGpnQjRnYnBOc1BqaVN2c1lCS19JWDBvSVJMenJ4N0FJeHVuRTFoY2o4cUJ0NlZoOFFwVVlnRVZFeUJranJaaExjUUpUalJ4NA?oc=5,,
"Mon, 30 May 2022 07:00:00 GMT",Jordão,Enchentes no Recife: veja onde e como ajudar as famílias desabrigadas na RMR - fdr.com.br,fdr.com.br,noticia,https://news.google.com/rss/articles/CBMiqgFBVV95cUxQNmxsWE5tS2NHcmFrUlM1ZGtPeTN6YTRuTXZuQjVaRmVkX3Q3bFhBdmJYR3VYYklWdFo0RTliMTRZQkt2VzNiMV9CdVRqYlJQSzAydzFIYmR3OFhod3h0aWZVS2lVVHRmRDR5bVBVUWMydjlYZTFHMVhYUURYUXMtUi0wWnFZM1U2eHZHM0UtaUV3YnFaQ1Foek5lRVE2eXM4bzVBelJkSGtFd9IBrwFBVV95cUxNa3ZtS1BlVW8zZ0N6OUJCS3Nad1BpVkxOWGl0MTI0OC1RcDU0UDJNUGNGcXgzVWtTREVfY3dTSm5CNF8xblQxSTBqYzlPbGtfQ3RYSmEwRDZuVnNKMHA1OUhMRlgxTlNUdmpkZG54X3FWTjQxTjFLVUZiT19xZFFkTGNEdTFBcEl1V2k0VDRaeEVzUUtxbnh5OUtqZXZ6RjVZc3VMSTNGNHI2TEpMcTFz?oc=5,,
"Sun, 29 May 2022 07:00:00 GMT",Afogados,CHUVAS NO RECIFE: Enchente como a de 1975 pode voltar a acontecer? Relembre a tragédia - NE10,NE10,noticia,https://news.google.com/rss/articles/CBMi1gFBVV95cUxNb3NFdlB5QnI5MmpZcWM2WUFQRW5fV3pCckJMenIzeFgwNkhEMXMzeVU4VTFFYVpEOHJNVk1vV1ZJaXhKejFJbDRkRURfZXEzQXljajFhcUlVOWxGbk8wNDhzUTVTNUxPbURjTXlIYW1YelRKWllkclkzaVJUcDAwWG9DOWpxSl81OUZuZVdjaTZZMGZwSjdVdzJTQlViTV9zNmY0dVEyQ1F5cGh0bExhems1S0hHelVqaVQ3aTBtUkZlYlo5ZVFXbTBqOENScVVVMFlrSFdB0gHbAUFVX3lxTFB5VmFRUkJkVlF0WHU4Ty1vWEhTZmx0MEZLRTI4Z0Q4NWtkMnE5SHd2M1VsU3VVandGa2packloa2doVEFOSVQwelBKNExtUEI1ak1YbkViTENFWWJjX0RpMTJ3NWZvbTRhLUZhSENrZVpOX2xoR0VPaXEwbmJWdkU5cmNXWlBYVWZLYlVZZHBzU3RILXBYdFRmdXMwQW1mdXZacVBsQW5TVGR2RDA5Q0FOWWhPNDFTN0Nlalg5VGpKZW1obUNVeGJkWEtwd1JzQWs0TmpUYXZ3d09zbw?oc=5,,
"Wed, 01 Apr 2026 07:00:00 GMT",San Martin,"Recife registra 83,6 milímetros de chuva em 12 horas; veja principais pontos de alagamentos - Diario de Pernambuco",Diario de Pernambuco,noticia,https://news.google.com/rss/articles/CBMi8wFBVV95cUxOM0NRN1kxMUJjNXhFZFJlZTktNTF1WU5IenZXbDdKaWotV3ZmbkZiM2dkYjFHaXlqZDBzU1RQMTd0dkR2NDhfQUpJWEU4VWRkZ3lIclNoWWtrbENuLUxiMWhEZm45MkVtZlZUS3JKcS1pRUJVLVpOUWdyX0V1UDdUcjJmZ0o0UFdrTjRZSnpZWEhIRk01TUI5U0N3cV9uSUNMckxRQXNPODctS010NWQ3UmV0RzVxdmpvTE12a091VUV3emhHRG1yRXlWUlNZS0pjMGJHamI2ZF9hU1hzOGtWLVkwSVkzeVVsMFZfckR0VWQwT0k?oc=5,,
"Tue, 07 Apr 2026 07:00:00 GMT",Cajueiro,Chuvas provocam diversos pontos de alagamento na Região Metropolitana do Recife - Diario de Pernambuco,Diario de Pernambuco,noticia,https://news.google.com/rss/articles/CBMi5gFBVV95cUxQTHFKUDFPQzBNNDVONGdfVk9KU0dIV2ZTUnREM0piNl83eWhnSXFrVGJhUDJWeGd3X1Uwczlrby1HWmJuSzNpRzNST2UwZzJvT0RtUGdaR3g2TGxfRnF0YW5yNmRNcGd0ME9NeWQ0bkhMdFRjQ1phTU4zUzF5TUNtWG5Lb0FRZ1dMNTJiaEJHX0hhLUVfTExPNF9XcFNxX0F3RzYzbVU0a2NpdUZ0Wng2aEdDeG5fek5PME9VczZtRS1iVUR5UmYweVVhdDNDR29GVzdKVV9aQXNoMHBLXzBBb1AycXlkQQ?oc=5,,
"Fri, 13 Feb 2026 08:00:00 GMT",Boa Vista,"Com 55 mm de chuva em seis horas, Recife registra pontos de alagamento nesta sexta-feira (13) - Folha PE",Folha PE,noticia,https://news.google.com/rss/articles/CBMiswFBVV95cUxPMFFydE40Y1ZCTzVkODBXenJDdkVxV1dUQmotTmZUMTdiX1gxejlSajNEekNqQlowaENhR19HaHBuVzBLSzFvLU5wSVlKNzZlWWIzUHg1bGpiQ3F2RHpFVFBUbVkwNDFtbU1sbHpSUlNMdVpYSTZRTGFLNVBMZDIzakdaalEwSTVVR2FMckpJdjZsWjZuR2V1bjFZbVdTS1l3SWxodHR4SFdMRm01WXZ3TnE4WdIBtwFBVV95cUxNelp3dF9IT1R4cEo1Uk1EVHJSYzFmVWY2eTdGa3lRTXZPbDJVS3BwNmNZUll1Yjg4SFpoZE5adWRtRVVIUFZXNFdZaWhlc2RwdW10TUh2VTRfVmVsdFRxelRsY25hSTYtZ3Z4VGFRTUhaTXkzUEE5aXJGVEZKMUJWME1qZnJEdjFUeEdhN3hoVGtCYkpLdjBpUWRfZGZ3dW1zdVdXYVJ1cFZXbW5pandTWkZoZ1dmSmM?oc=5,,
"Tue, 12 May 2026 07:00:00 GMT",nao_identificado,Recife volta a alagar após madrugada chuvosa e ativa protocolo de mobilização - LeiaJá,LeiaJá,noticia,https://news.google.com/rss/articles/CBMivgFBVV95cUxQb25pTV9Vb2FnNlJpdHNiNG9vc1V0TDNBNmFvVzNQcVhuX0dKdzZFeDB4VHZRVUI0cWVpeno1YUhaSjZfZjZ6dlJSUXZDWHU4aE9lX1dMNU9JU3p5a3VIWmEzcjRld0NxWXhwSlRYTlRNVXdxTUJia3l2Nm43UFIzUDZ4MGZOUVhmazdrek1LcksxQWlpNC04VmRXWUlsMlk0Q3BnV0lST1NiY2ZkcnhUN3Bla1FQR1hDNGFaRFJ3?oc=5,,
"Sun, 05 Apr 2026 07:00:00 GMT",São José,Vídeos mostram alagamentos no Grande Recife; chuvas ultrapassam os 40mm nas últimas 24h no estado - Diario de Pernambuco,Diario de Pernambuco,noticia,https://news.google.com/rss/articles/CBMi_AFBVV95cUxPOVg3R0FQdnBSNTBOLWxvSGNvTU1zR28tVmFnS25iT2prMGtXcGhCdkJhOFpMbUEtV2U0MWtYYmFabWxYcHJXV21TUzR6ZVdib1Y5ZlJZMHhNblZKb3hNb2hUTHd6TXNrelVYV0oxajJLamtmbkltbjRDRW9FMzI3QkRqT1ZLLTZBZzJtNUtUZi0yaEJWQkJXcW1fekU2V0lkM0REcjNtc2dMNHh0RU5lS2g3bEhCRm9CcnFKUk4ycTJwM0RzbEFSa0dZdXRTR0lDYlBpcFlSZi1oc2s2M0dRQWJ5SHVWQlNsOWtPMThNQ1FSLWh1NFFoQ2FaaTU?oc=5,,
"Tue, 07 Apr 2026 07:00:00 GMT",Alto Santa Terezinha,Ao menos 21 pessoas estão em abrigos do Recife por conta das chuvas - Diario de Pernambuco,Diario de Pernambuco,noticia,https://news.google.com/rss/articles/CBMi1gFBVV95cUxNUnRVak5wRzZGZmNPcFNzSEJrajJycVltTk9BcXVlYmFvQmUxX0hXb2I0eEJsd19Jby14X21qWENBdDAzU2R6di1pUGZNQUZWdUoyRFo3aTR3TXU4QmFFZzNmWjUxQnVCenROTzl4VnBoUDJiNVl6OXhyX2pCVTNFcGc1ZXF6ZlRvWldBVUtsYnRvcGIxR3pOU20zTEdjY1lvSkZ4SW9xMXNfNjB4aHlIRDI5OWZMdkZhbjZTUS02NWdNLXplVjdnUDZmd2pRaFFTWGxRWHJ3?oc=5,,
"Fri, 01 May 2026 07:00:00 GMT",nao_identificado,Chuvas: alagamentos seguem atingindo Recife e RMR no início da tarde desta sexta-feira (1º) - LeiaJá,LeiaJá,noticia,https://news.google.com/rss/articles/CBMizAFBVV95cUxPejNqc0Y4UlBtWkwwaTVmNWdrUWFqZk5RZzAyT0JKVjYtTVYyYU14S3lMOUV2aUc4OXI5NC1pVFJUSE9mQzlDc0x4VzlnYmxUaHBsbFpFRVpyeklUS1BkWkRPNHdXLUtWSmVtS2huaEQ2WHl3NEJGSFI5SkZ6UjhBcXU0RnVJMUphWFctMGdoMElXXzdjNDFSdmx0TG9RcDBqM1BfeTg5MVNSSlBydDlBblB2SHpWelZtNHBzTS1RdF9kQ3JmYm9KQjd3YWg?oc=5,,
"Fri, 13 Feb 2026 08:00:00 GMT",Coelhos,Recife entra em estágio de atenção devido às fortes chuvas desta sexta-feira (13) - Folha PE,Folha PE,noticia,https://news.google.com/rss/articles/CBMirAFBVV95cUxNWGZ3X3h4dU80dHZIY1ZmZWIyOF95a1pfYW9ZODRMMDFXNkN6cDZaYVJYVzhpNHN3M084eXFzRWtRX3hTRWZ0QVQzUmtxUVpuWVZiSnpVTVhVWFBUUEd6dmZLWTRnTENOUEp2NVZ4VDFFRU9OUFJWRF9lVjVBd0tXSXRVeEhQbzVQNlNiekFrQzRUbE5Lb20yMk1DcWt3T1p6dnJCcTUzaDk1TV9J0gGwAUFVX3lxTE4wZ0lXLTRZMFJxLVpMblIzU1ZqVkZmeV9xQWw4ZVFaTWwzYVF5anVvSUxmMW9XUTBTRkJ4RzYwUFNORE9HOEgzUFJYdTlDMkZoWU8yMkhNNDlKazhWMTZLVlA4Ny14dmE1TmVHZXl6ZThGT3BNaE95Ry02SlhaQi02ay1hN1JMUkZlVlFRZ3ZIUjV4YTNNa2l0b1RRcUpWdFlNU2hJNGk2dGludVdTOW1h?oc=5,,
"Thu, 23 Jul 2026 11:57:06 GMT",nao_identificado,Chuva: Recife registra pontos de alagamento na manhã de hoje - Blog do Magno,Blog do Magno,noticia,https://news.google.com/rss/articles/CBMikAFBVV95cUxPUEtDcnhMdHBQTUFOcVBzMkRNVWk0ZWU3ODlPU1d2c1lhS2F4YXh0Yi1aR1lMSmFkWlgxdlhUUDY3OEVVQ3BnSmc5aDlIbjc5UmNyWkx4OVh6ZWdKeHV4b0l0c1o0R1gyS0NKUXJMSmh3SEs2OW1MdUoxRktpaXNoQWxBWGMxZ01nQ3hpRU5DSXE?oc=5,,
"Fri, 31 Jul 2026 07:00:00 GMT",nao_identificado,Chuva intensa e maré alta causam pontos de alagamentos no Recife nesta sexta (31) - LeiaJá,LeiaJá,noticia,https://news.google.com/rss/articles/CBMiwAFBVV95cUxOSURvRGdrNzJQamlrLWdvWlRwWkZHVEpaRFlPUjBjeVhMSzdQaGNhSVVqQk1ELTJUN1RLSDh0eEVNLWNFNE9JUHl1ZncyQU1hdk9hbTRNRWZLbXhWTEMxdTY3VE5RaUZPcVNTay1OWWhRY3JHWjlKZ3pOekljdnVra0p2c1NMMGFkNXBtRWJfYzdwQ2g2bW81QmxlSWppbDFvZnNpWk1yd014Y3ZlNWVCRkdwdUxiSUhQSnVyRS1HNlc?oc=5,,
"Fri, 06 Feb 2026 08:00:00 GMT",Boa Viagem,Grande Recife tem tempo fechado nesta sexta (6); veja onde mais choveu em 12 horas - Diario de Pernambuco,Diario de Pernambuco,noticia,https://news.google.com/rss/articles/CBMi6gFBVV95cUxQTW5xWk0yOG1hSDFobUtjQVJTcEF6bkJHNENXamdjMEhwSGNISFZsSFI2TGw5bDhBTXJDNi1BYV9iX3M0UEtkZm4tUDVTZE1BYkJ0UGFQU1dFcHJwYUdGNEJxY0hNQkNTRF84WHNualZPRDJxN3hOOFFUVUUzeU04ZnJaRUtLUTdqWkhFME9EWWFhNWtvMVhQV20ybTB2NndCLW56bzVlTkhQVlZ0U3I4NHRYYkNVTzFLX3Y4Q0JHNDI1ZEVZNWxweU1ZQXY4ZWYtUWRibDAybUIzV1FyRE5iZHR5enJjMGdYaFE?oc=5,,
"Mon, 25 May 2026 07:00:00 GMT",nao_identificado,Chuva provoca alagamentos e dificulta trânsito em avenidas do Recife - LeiaJá,LeiaJá,noticia,https://news.google.com/rss/articles/CBMisgFBVV95cUxNV3dXenEwNi1WdHlRV3NHYVBwQkNxUHJWSHhodWc4aFprSUpFMjlRSGQwLTA2bnlGRVVGUlB4akJWQmtmanlTU0dfTGJESDZzMEE1cEdudUF4ZkRndUZnTEQ3eGxDN2tDN1ZGWm1sVEwtbDlpX1B0TE4tTDlHS0lOWGRNLVQwdERHNnh5dUUwY0ZkZXRURUFkVEQwTkJBb3N0MDFJb0E4VDFVUWR1Q29GdC13?oc=5,,
"Sat, 02 May 2026 07:00:00 GMT",nao_identificado,Chuvas deixam alagamentos na RMR neste sábado (2) - LeiaJá,LeiaJá,noticia,https://news.google.com/rss/articles/CBMipgFBVV95cUxNd1phSGJCR0phOE4yY2I5V3d0NVNKWEF5WnpSQi1SNm1KOHFKcFJUTTVjZWthWlgzUmhibmYtRjh1RndGX0JrOE1MWDFNNTVMZGtyUW90NnoySlUyM1BTcE9XMG5GMXpweWpvZzZjQ1psUWVfVUVsS2ZfRkI0OHBjdTdxZWhqRzdvR3lsZERNRXFjUC1KRzgwMTcxMUxvV1AxdFR3UDFR?oc=5,,
"Tue, 04 Aug 2026 07:00:00 GMT",nao_identificado,"Trecho da Orla do Janga cede em Paulista, no Grande Recife - Diario de Pernambuco",Diario de Pernambuco,noticia,https://news.google.com/rss/articles/CBMiyAFBVV95cUxQV1E1Vnp4LWNsaktUOUlTRnF6M1Rqd0xpd0U5Vkpla2hLM3VnV0VFVHBpbGQyRVhDUnc5SE5NNzNta1NpNEdqNExTaW0xcURuTkhaTEt2RzMzQ0lybzQ1djcwRi1mN2FQSkR4cDBiNXJFN1daYVlNVi1XRVlfTXZRcXJwaTJ3V21BX0wzbmt1dWJMeG5SU1hIRXRyLThVamlxNFhxZElScDRhQ3hKUnNjRnNveDBMQVp3QXBPWkpvTUtGbXJiSk03VA?oc=5,,
"Thu, 23 Apr 2026 07:00:00 GMT",nao_identificado,Alerta de chuva intensa coloca Grande Recife em estado de atenção nesta sexta (24) - jc.uol.com.br,jc.uol.com.br,noticia,https://news.google.com/rss/articles/CBMitwFBVV95cUxQLV9NaHpNcGdfLUt2MXRKNUU4UURvSFRkdXgyRU5yLXVDQVREYktkZzAwRkQzRGNCV09Denh3SV9KS1M0RzhHX1Z6QTd6eE5iQW9xRkdYRHlDQ3JEcDN1VGpkWl9hUjB3MHRUWTY5QUpEOHYxZFR1MEdlZlFqVkRFeFVsXzlKX3Raa0RlMzRyaTJxTTAxOWc1ZkNONk1Pc3ZtM1ZoVGpRS2tDTG5wdXB3VGpMYXp1dXM?oc=5,,
"Fri, 06 Feb 2026 08:00:00 GMT",nao_identificado,Temporal atinge o Grande Recife e deixa vias alagadas nesta sexta-feira (6) - Cidades na Net,Cidades na Net,noticia,https://news.google.com/rss/articles/CBMi0AFBVV95cUxQLUE4RUZXUzFhRDJsb0UwNFkyNEFkVWlUeGJUOUJkQ0xyanNYOHZoOGxlNjNIVFZzekRsM3NFR1laLVROTzl5eDIyb3pWTW9fVjg0VWI1Q1Ntb0hRd0ZPTjE1bDNEby1YOVExT1JtY0FZNjk1eHFudGhuVmlNRUpPOU9lYm01UmpOTFR6c3NGS011SG82VnhVal9TTHktLUQ4anQzUXJuOFNlbGJTUTA2cDF0QkZiUnVlR3hiMG5hRnlGcl83bllPQWZsOWVSWVhu?oc=5,,
"Mon, 28 Jul 2025 07:00:00 GMT",nao_identificado,Defesa Civil reforça o cuidado com as áreas de morro - recife.pe.gov.br,recife.pe.gov.br,noticia,https://news.google.com/rss/articles/CBMioAFBVV95cUxNOHB3X2N6YV9KT2c2WWhrdjA3bFN0OFl4ZEg3U1RCd3NITnk5Z0xMRHVlN2RHaDQxVmJ2NVVweWk5VlMyNTc3VFFQNHVfOERkbGlDRkxyTTZBSXJURDQyZFNXN3d2VllmTzhjOGduQ0xrOTc4N0hQV243b0xRaTJaYXlkMGE4WHFNME92SmFkZWU0dnNmSjBzRTJjdzRfdWRY?oc=5,,
"Tue, 28 May 2024 07:00:00 GMT",Afogados,Chuva causa pontos de alagamentos no Recife; descubra quais são - Folha PE,Folha PE,noticia,https://news.google.com/rss/articles/CBMiqgFBVV95cUxPcXdvMHp2RnNBVTB6UjBKcWNQQVRsYjdtdVhJNEIyR1V4ckw0UDVpMVJnMUdGTUlRM05oWU15d2dpV0RibE03R0pwaGFieDFLN3ZxR3ZqZ19MRFcxRUtXZUxtYUVwYUkxN2lYV3pxNjU1Zy1IbTRRZG1YbDFCS2Iza3lhVFJ3dERQQzlENlp6RzcyYUlxVWxha0hBQUxHU3k5cVMzLUxhRl9JUdIBrgFBVV95cUxNT2VPT2xpb0xwSmJMQmhfel8xel9OTG4xZV8wc1FLTHl6MWIyUFNvYzJuNHpuYVRhcDQtYWJidEU0d0gwdG5tSWNNZVVCUkRjQWhVaVA0MV9JaDNsM0hWdmpfS00wVWNwUGNZaTY2c3ZhaF9YQjd3cDNSRGJJSThjNXA3ZWFKSzJucVFyWE4xWjdZR2pYanFMemVfdHVmbXI1V0RiUnN6el9CT0tHZ0E?oc=5,,
"Wed, 21 May 2025 07:00:00 GMT",nao_identificado,Alagamentos no Grande Recife: veja onde estão os principais pontos nesta quarta-feira (21) - jc.uol.com.br,jc.uol.com.br,noticia,https://news.google.com/rss/articles/CBMi0wFBVV95cUxQUzlLZjYtZkV3ZjFoUld4Q0pyYV82c3h6OUhwX3p6ZFZ4WDhMVzU0SVItSEJJem9hUzB0NENlVjR2T2xUSVVJNDE3ZjltSEhnLTRJTFFRNWdINEF0RG95NUV2LUs2Q1o5ZzhVUFdvZU1jdWQwLUdoOWItaDd0dlZXMlNHNEJncjVaa0NIVEN6djRMWml0OFFSY1VRMzZ3ZFA5Z2wtdGVzZFhkeHJVS3dYS0lnT25JVVlYOGROSHE5NFJZWjk0SDByVExaOGJTMEhmX1lZ?oc=5,,
"Mon, 28 Jul 2025 07:00:00 GMT",Afogados,Chuvas: Recife e Olinda apresentam pontos de alagamento nesta segunda (28); veja - Folha PE,Folha PE,noticia,https://news.google.com/rss/articles/CBMisgFBVV95cUxNRzNBUFpmSXpNbmhyVU5Td3lLMTd5QWNVREluX0VlZG43QnBVMnl2eVc2OC1LMDVkWkE5V0VMMW1sS1g4WGV4anFpclQ3TTFrNUFaclBhWUhMdDg3cHpjUzU1VG9QUmFjU18zVXFkQzlrTmVMUk1aZDBWbnZSZ3dPUVFsT3llNVdqSHRvUGptSjVVYkhIUy13VjA4Y2YzV1M5Q0phV0lrUV9vZEhqWGNUZHhn0gG2AUFVX3lxTE1QWDAzRUJ0dVp0WllvOUdFYS0wbmtMSHhUTTMyS19MNk10ekllUTgza19ReUgwTVFwRGNyci1TUzI1X0VKdzRCU0FwbW1hTTV2Nmx6VmJwYkt1by1RcmlUV2p5YVJMRkk3dkhRTFlMOWRMbVRNZXNIc09CQTZEREc1TWZNOVZ2MXhtSzVJYzNLbmdRNW82RF91MXNWcFFGRk16Y1VEdEdEWjRNOUw3eC1DM2xkYUtR?oc=5,,
"Mon, 28 Jul 2025 07:00:00 GMT",nao_identificado,Chuva no Grande Recife provoca alagamentos e suspensão de aulas; confira previsão do tempo da Apac - G1,G1,noticia,https://news.google.com/rss/articles/CBMi7gFBVV95cUxNd2JfYjJHLXFNdVhMalJKUlplMUJwT2VrU2Z2U2ZkeGkwV185QnVvM3lfUmhaTGZLa2lpcDNvS3pHRG5sa1h4emJ1YzJabkM5b0tHZy05ZkwxY3VybXR4cGhzaDBQSU9aWEhOZWF6dUtqM3FSb3M3RG1kR3NUcWctTHY0dVNGQm5mV0hiczIzam05RGZsSEs1RWxTczRmWjNvd3RHcDVFQzBaMkF4U2dWbUNCSlU1QUU1NUdDaC1rLU9oX3RFNUNJNnZ1RkR6S3MzVFBzcGd6aGZYczZwRHhpNjRhQ1JWYTlwSWk2V2pR0gH8AUFVX3lxTFAwc2FJVDk4NlZhWUtzVkNOR3VmeExWRkdvVUhfWjNsYk50cGNyVl9nWlJ0cXFXOF9Zc3Zjd1NJQTR4Q1NDS2twa29xaW94MUp0cjJ5Rzc5VzkwNS14WldEZmY4SWYtcWg5V0d5aXMzeWFGbkZGSWJyMjNuNndxVjh3RXM0M1J0cFprVkxDLW1MeHhZWUFWaTNCTmZwMFpjRkZzaUg4ZVdFNVRSNng4R0dTOElkRUwxcDZIelZ4ajJ3QVI0MkotdDRtT0p3bEJwYVlRRlpuTnpkRW9LV0dwYkZ5eXg3ZzBaMndQTHhqNjZfX2hLTmRWM2lLUnYzWA?oc=5,,
"Wed, 21 May 2025 07:00:00 GMT",Afogados,Chuvas no Recife: CTTU divulga lista de pontos de alagamento na cidade - Folha PE,Folha PE,noticia,https://news.google.com/rss/articles/CBMiiAFBVV95cUxPZGdGQ3hzR2ZtNGY4SXBZYnpXcnJWSlhHZXd5OEw1cVhPSWQxRHJjRlQ2S2JoQUh6TFVTQWpLMC0wWFA2bDc5VXlNWWZwSmJRakpval9ScGxCc1ZxZ191VENJR2xBZE9vUjYwckNQaW92UFMwUjhDTUFNemFMSDBmVVF6cXRSY3hh0gGMAUFVX3lxTE5UTC1WeUw4ZERkTFFncGZpYnk2NVFJNHlhakY2RjZJRHpCVFNfcWhiRGtpZWlfYkROYy1GRHBueXQ3QzJyb0liSDhPaHprZmgtN0NrbjdqdV9jdkNLV243V2dwcmhYbmxZS0xUMFhQbUo5Z3lDVUc1NC1YQ0prMUp5VXVwX2dzdEw0SDBu?oc=5,,
"Wed, 22 Jun 2022 07:00:00 GMT",Areias,Chuva causa alagamentos e transtornos no Grande Recife; veja vídeos e fotos - G1,G1,noticia,https://news.google.com/rss/articles/CBMizgFBVV95cUxPekp0cEpreGFGaDBQUnhsMkRHTlE2SUZUVVcwRkl1TDhCYVQtbUNMbUg3MlJsLVBOS2Nua252cTY1TWt2WnBCRGxEaGRqb1IzSXRPbXJnRmJVN1E1V1V0bXJGdElEZDRYYmFrNkotUlR1LUJRczBfU3lHN0JsaXp1dl8wTWdQd1QydW9pWEJiUTJRUWRscnhjWTE3RHpXVU5sblNTSjdNMG1UWmpFakRDblUxeGpTNFpMamlXQzRTVnB5Tm1FRFNCTnlRSEFCd9IB3AFBVV95cUxQQVMtVXlMVG0xM21mWEE4S2lQdjlNcmg1UlgxMXBhUVV2RmtxVG9SNW1XT2dIRE1wdlo1NWpoNUtiVVlsSTJFNmU1V1NnVUJjS2lZUzNrN0ZCLWJsTmtjMGtRc19ETWR1TnlGV3ZhLXZJd3hmWGY5SEZFbXVIMC1meElJeXUwblo3WjV2NHhmQ1ktWGQ5YTA5VXlBRjNmUklaUDRGTGowdnVhVGVJMml4UHJBeHVRY0NDQ0dHVW90d0ttUTMyaG9IYkk4S3Z5OG5WSk9JYTEyNld4LVpK?oc=5,,
"Tue, 22 Mar 2022 07:00:00 GMT",Córrego do Jenipapo,Chuva provoca pontos de alagamento e transtornos na RMR; veja maiores índices - Folha PE,Folha PE,noticia,https://news.google.com/rss/articles/CBMisgFBVV95cUxQb2dJZUdpZGJvckM2NHlyYVlOdzNXeFh2aE43MWozMXNzS09BbS11MjRBUnRwOU1PZVF5RWVnZW5CTnlRSDJsdV9udkcySmdvckV4YXhTUjFVT3pmNGJEOGZmdWREY0lWU0h2ZTF2Z1dJNXVZbE9KVV9KX1lidHZ6dkhONEpMVmtCN3ZxVUd5OUdmTzVRVXFMazhZazNTUEx1R0FDeThpUmtrSFhoYmVFQURB0gG2AUFVX3lxTE9WemR0V01ueW9JQk5iZlpweThrdUVVbklHYTVwMGlESHBqQTRld05Fbm5teGhsUl8ySGtYVjZwU01sSGpINWRwM1YtbjBLSHRsQ1BPaDlZd2NPV2VSdEFBVWFQWjh6UDVoZzFwRGwycUxnTEhpNTFHaG1uTm5wYThJUUYtelBZcWZrZ1NPa25WVkdETjZUQmdudzcyRUJHTFAtaUUzOXRfS1BxUGVtSUJCeVU0ZVJR?oc=5,,
"Wed, 05 May 2021 07:00:00 GMT",Encruzilhada,Recife registra pontos de alagamento em dia de fortes chuvas - Folha PE,Folha PE,noticia,https://news.google.com/rss/articles/CBMipwFBVV95cUxOVlotN0FBS2xVdUF5MHlSOF9INmR6aWhvQXBJX2dLRGZ5MXVoRGZkREJlckpSb1lnVGd5TGkwdUo0TVlqU1ROaWd0MTJYNzJLbll2UzI1d3NscGFyTm0zczBZSUlyaFZjM0dHZW5ZSFotb0RKWWFrc3o1MFVkVGc0amRiQkhVdTY4MC1kUHdPclNkYnBqbVdoSHYtRlBrSXJCZ2hKY0NJY9IBqwFBVV95cUxQb0hxT3VaT3MyNU1rY1M4U0hpN0U1c0pneW9hMVdwbV83al9wM2lfRktTU1dfTzlEdWJjUjc4QnhhYVFJZlNOUExJeEtKTW84d3plM1FBbVhRTFlvWUxVdlhQbGVLVmJ1LURkeE9tLUtkbnpneDFjaUJxTi0zME41UHVKV2xQdVJxWVJvVTkwc2YyUnNELVBwZENKWHhfSGxzdG5Od3U1SVRUQ2M?oc=5,,
"Wed, 05 Feb 2025 08:00:00 GMT",Afogados,Chuvas no Recife: CTTU divulga lista atualizada com pontos de alagamento - Folha PE,Folha PE,noticia,https://news.google.com/rss/articles/CBMijwFBVV95cUxOUUt5TVlJMGdoTEhKa1BWM05YY2N4c2d0TVZYVmkxLVVTVEh4SEVkZXltSElMeWxNenc2dkZUc0hSR3I0Y0lmUTdBN2tWUDV6d0JmUVVSdUlBc08tSm9wM2JyYWFQeWJIcmtVQ1Z2c19NVnlTRkM4WUllb0RkYWpZTGNNY1g5UzB3c3E4V0Rub9IBkwFBVV95cUxPbzN6cDMwVGg4ck5SajEzSkRDUGd1QUlFWENRMi1PaExaSjBrZlFxb0hsRnFrY2ZjcVdwdmp5LUZPRmRiS3NaVnRDSTRUS1lnUnZndFJnNHdWUlpwNWxBb05EWUxtS0JQNkU4OFlMUmJPNzVrU2pxUTFUbzJRTTdUeFl2SHpjcFF2NUhRTjhmR0NJTHc?oc=5,,
"Tue, 28 Jan 2025 08:00:00 GMT",Estância,Chuvas: confira pontos de alagamento no Recife; Cidade entrou em estágio de atenção - Folha PE,Folha PE,noticia,https://news.google.com/rss/articles/CBMiggFBVV95cUxNR0RPeFFzSFkxYnloanZNcGhmUktNZWl5WGtPTWZzY3R6dVdLcmZFeVNVMkZ1NTF4RVlMb2dab2M5V29yRHhSQnRKU25BQVpuNDlPR0dfeUpEZEZMMmtaM0RVMzM1MXZ2MnROeHJRd0dnWmRiTG9XNWliRm4tWG9LdzNB0gGGAUFVX3lxTE8tSGRyWnRiM2NkN0JDRzFqTThFQmxnWEg1WXZJN0FaSHNqRl9lcFFrelUyN1h3T2F5UnhKZ1dCOWhhakZEMXBqNEJqUmJkTkgwUmNlc09OZ05CRmhZRHpKZlgzWFpuSmxGNHhPUXVhUGFMdzBBZk5HbnJGdE53LWpWZzd5TFl3?oc=5,,
"Thu, 06 Feb 2025 08:00:00 GMT",nao_identificado,Alagamentos no Recife: veja os principais pontos nesta quinta-feira (6) - jc.uol.com.br,jc.uol.com.br,noticia,https://news.google.com/rss/articles/CBMivAFBVV95cUxORW5KblRVWVYwdHdxMWRVSzItVEpIbWE2eUdTQjhLaUlzUTdaV2NCYmFpU3puTXlLTDBZMDZUV3IydUNjV1hxMnpOamtCNVpYM1Rfb3R5QUt4cFVjU0Q3YkZsQVlNZTZEQmlfT25sbTdIS0k3X1dSVUoxbDNCeDIyaEV0QU9LSGVjTWlhbW05N2dCNDVORVg4bS00bkdEWE1NWFIyODIxdkl6ZGo3RnJMWERhd0NkNzRaa2N4UtIBwgFBVV95cUxPbjNpY0xkUk9NWmJfQk5XZFFPWk9UaEZaQ0tocHJQb1F4MnRkek5TT2lkY1lfS2xpOWdXQ2ZMeDFLZHRROE1mSTNZTTNqSTZiVW1nVUl5Z3RmRUNBNmYtWXNSUHIzelVvYzlLRGFYNEVjMkpzeThZWS1WLVpoT0lXcktLcmlzVlh3VnRCaEVPZHEyaFNVZDh5U2h0Yi1OcHVCM3pUZzJRVzBDY19yUVBTRkswelVPN3RTVWFUZDlNVVJCdw?oc=5,,
"Fri, 07 Jul 2023 07:00:00 GMT",Boa Viagem,Recife entra em estágio de alerta com chuvas moderadas; confira pontos de alagamento registrados - Folha PE,Folha PE,noticia,https://news.google.com/rss/articles/CBMisAFBVV95cUxPMVVzZmRRYUplaFRBdnM5YUdVY2RSMTM4QTlaX1ljSERzSFljMUNJMDlzZjU1UFdhQmVxNnVVNVBWc3ZIb3FRWjU5alJLb2xRNlVRa2dPUU0wOEZDR0VXMWcxcjBpVG51bG1IN0NTZjg0b0gyeFpsdTVMTTRtWkxQTzY2VlBhR2ZpV0NiazVuUldOcmhPTnRaZ2pjSGItQkpiejc2WjZGN3p3RUIwMWFNYdIBtAFBVV95cUxPTjB3Yk5KVFlGLWpkMlhzcFdBU2tjR1c2c1lIMkNod2Zua3FUOG1xc3A2V2JUaDhBMmdIcHpCRjFjaHU5OFpZaHVGMnI1MlpnQWFUZnBadGtOMUZjaERjVUxOWk44eFROa0o1bTR4OEx2OVJOYmZmcXQ1MTQzZF9qc24zaS1VaU51dERSQkNlTTBEMVVOX3lTU1djSGRuUHQxdlYwbFAySEtzWGNza0lBU2M5N1E?oc=5,,
"Mon, 03 Jun 2024 07:00:00 GMT",Ilha do Leite,"Lixo boiando, água invadindo ônibus e alagamentos: chuva forte causa transtornos no Recife; VÍDEO - G1",G1,noticia,https://news.google.com/rss/articles/CBMixgFBVV95cUxObGczdVI0RlRZWkdHOF8tSjYwb055TXZwLU1QRXdOVVR3eWJRY0ZiYVg5Y29sSTBYVGIyQkdEM19UUS1FT0lLMWdtX195TWVLOHgtWnVSTzRzX1pETUN5Zk9Pc0ZRdW83QkRGZ1RkUi1ScGRBQWJkT3M0SXZMX2d4TUJYWUtQWm1VSjFTUXU0aElJU3puS2lNLW9MNHVINTg3Y0NlSll4NFNXU3BlamZMS3VoOHpnZllONm5kVDRNaDY5MDczblHSAdQBQVVfeXFMUHNQQ1RqaVdaYTdqMTYwUGg4TUY0UXZIaUFTS3AwMjlqNXd1bk5fZV8yTjhYR0JlanFiTWVFYXo5RGhkalhpeDI5SzRMZDR4Y0hRQ1dnLWlNODllVHdScTlBV0VDazhJTzVTX0g0SmY4eE5vNHB5eWlQV24yQzI4WXZLUHBBcVlhVjZNSDFsR3YyRVp1MUpuQUM2azBUa1hPTFdreUUyNzZyMUYwYVh0V2NOa3dFTnBnTFpXTVBuejVYM0k2cFFHUDlxOEY0NDNwSThtWmM?oc=5,,
"Mon, 01 Mar 2021 08:00:00 GMT",Encruzilhada,Semana começa com chuva forte e pontos de alagamento no Recife - Folha PE,Folha PE,noticia,https://news.google.com/rss/articles/CBMiqgFBVV95cUxQZmRYalM5MWs2WWNQTVR1cUhaRmJVdmJ6N1gtUXBUR3JZSVFfdlMxbm5Pc0c4ZlNMQ1ZCUi13RXpFOU5UYWt1d0hlUUxIWjA4UHB4emQwenhfU1g1UUo2VFJnTEtrTXI1bVhrQTZkSk9lSzhsaW42dTJieVdUbFYxdmk0NVViMmdFOFZINUN4RGNKaFFiZlBXT0liNDdoY0o3MHVIYXpVelprQdIBrgFBVV95cUxPSjdFc3huUy1oX0RiV3FDZkt5dURUajRFdF9jaWRyWXFjTFU3WElSTm1URU9PN0FfdHgzbVFLeEx6SXB4OGE5LTdIN1lUMmFWS1hieF80SkRHMXA0eXk0bkVaRXlZVjJYT3BxQ1VGeUNiZEpOQ0Qzem50Q0dfZ3BZa0ZsQTZwOFA3NExiVXdlVldfaWVNa3dJbkxHeWtpdjY3NTg5NUdxalMxbXFyYmc?oc=5,,
"Wed, 25 May 2022 07:00:00 GMT",Afogados,Temporal causa transtornos e pontos de alagamento na RMR; veja onde mais choveu - Folha PE,Folha PE,noticia,https://news.google.com/rss/articles/CBMirwFBVV95cUxOUC1zQUdEMDFHQVREWmxaOGdwQ2JtYXJwRUc3TXhFb1VPSkhPZ29NYUJSUDhsdHk2d0RFNFdmWFhrRFRoazU5MnY2SllITkdCQlVFc2pkSGx4Qk9FcDVYUkVYMFhESlh6UjFCb3FPWjNlMFI0ZWpZU0RmdFRYZ2twS1FKZzBXZTlRR2NwTm5zOUVkdTBmY3FCUEtrWEg0YXZiVC0tX1ZlRE9tdGZlYkww0gGzAUFVX3lxTE1JMVVwV0ZudTVtM1Q1cXVya05JZFF0MGtBSGVIMGl5MUV1UW9LRW5YYUZybHpvREs5U0l0T19qcGxYZ2tGRDV0S1gzSDFnMVI2S1JkbTBlY0x3bE11SjY2dTVkOFlERk5BeHhwaGJsTUFFSTVzNHptQVFrUWdfb28xcHA4NUlqb21kODRBTnNQb0hsek5JOTFDUUUzX3RiV2hfaGFtTGJWLS1GcHJ5VHNMUEg4?oc=5,,
"Mon, 13 Jan 2025 08:00:00 GMT",Campina do Barreto,"Em 12 horas, chove até 132% do que era esperado para o mês de janeiro no Recife - Folha PE",Folha PE,noticia,https://news.google.com/rss/articles/CBMiekFVX3lxTE5QLWRuMlpwVHhmR09oWXJaYzkyVHpxd0drMVBsVVNKMmFSekVrVWJOT2piUHJXTGg1YVdIN1VsS1lvTWc4Q0s5Z3dXWGtqaG1pVzBtT1VDYjhjbnc3SXU0aXlUX25jR2kxRnliWi02d2VSWFdILUNqd3Vn0gF-QVVfeXFMUFFMU3R6Qi1Oc1ZmMDBtaW5CZks4bEFXZng5ZUFwQ2pXWWN0RlM5cUlCeWtQNDFmUGFSb0FDQ0U3WktMQV91N2NUa1NheWxJTFRFS1VtWlhfMEpFcEZWakdMYzlDclZyZHBjZm5XVjRiRXA2amRzWGhBZDAtdjVn?oc=5,,
"Mon, 06 Feb 2023 08:00:00 GMT",Areias,"Segunda começa com chuva, pontos de alagamento e transtorno no Recife e RMR - Folha PE",Folha PE,noticia,https://news.google.com/rss/articles/CBMisAFBVV95cUxQanljc3FQbDZJVkJNdlg5NE9CTG9fX3pCY0VwZmtVNm9LVDZXc3Npdk5UU0RHUTlpY2lnVXBWdGlVVzdabWVYTXhzbFBrSEVXYXNKeURiWGQ0ZUhkQ3ltaEJ0cUwzUW5USDEzRUx2TWM0MFBsdmZxUWF2enZMSURJU1pweVFfaVNTSXUybldJX1FTTksyUy1lZElNNlBkZzIxZTJhMW5haEMtdTd2TVBNbtIBtAFBVV95cUxOc0VfTmdTeFBIcXJ0aXZWbmQweXAySVRLSEZqcXpkLTJhVklVSGtZa0Vzd3pWdmtXT0FFOWNLc1daQ0JiWWtydjFfOEg2MEhRenI4cXJydU0zd2E0WS1Wd1hJa1FpeEwwQkJKa3g5aDJvSVNlX1JCZ3labF9ZbHdxZG1DTzdNWlh2N1ZxbVVla3ZXZ1EzeUxjb2Fmc3c3RGM5alBrOUVuSldfTzM0Zy1WTkM0cE4?oc=5,,
"Thu, 24 Mar 2022 07:00:00 GMT",nao_identificado,Grande Recife tem mais chuvas e volta a registrar alagamentos em casas e ruas - G1,G1,noticia,https://news.google.com/rss/articles/CBMivgFBVV95cUxPWTNoTFg3RmlqMG1taHlDNlBhNGl1TVZPZllpdlFYZXBBY0sxYlVaZWxNX3RSMmxVWnNycmd5STZ2ZjY4OC00a1U1WXV3VG95QVk2ampWZnZiYVo2NW9DbU1aTzJDOXFDWU1GTmU5Z2ZWMzVGQlpvZzJqOXRsTDVsQVZ3U2ZhWFVqVjdmSHdFc3ZCa0RFOG5kYjcyWmpJa1htM3BQaVY0c0hoUmtrODltQkd1YlMxcmR2bG80M0d30gHMAUFVX3lxTE5NRktZNHlWbDJCMjJnLTQtSmZ1djBFTExfazVOejVUWGNLaTBzRXpRV3BRUGdLZHFfckNWbmRYZUxtTlF1cG1LSGVWeWU4WlQwaWNKZG9OaGh4RUpLczFGMHZzVEIxQnZ4d0JWVjByRVlOdTZBalc1eXYwS0p4amFOem5iNEhZclVTV0ZLUUR4c25Md3EwVEtUc2Z4c2Q3bGNoNFBWczNaVFdlaFI0aUZmWDVLN193NVUxc2J2RmY1U2NSWklHSE51TGFtdQ?oc=5,,
"Wed, 01 Oct 2025 07:00:00 GMT",nao_identificado,Pontos de alagamento causam transtornos para motoristas em Olinda - Folha PE,Folha PE,noticia,https://news.google.com/rss/articles/CBMiswFBVV95cUxPak03dmZuekFNTnpKQUkza1lUNDEyRUtDcTRiZTRPZ3lLSlhrMDZZYWVHX0dsOURnVHZ4VFQ3VzBwVlh0TTJvQzgxQkxoSGRmcWNodkpyU3dCZmd1TFZuUEpyUEdyOGN0OWZpMlBmX3N6WTJXNTJCWjg2MEZBeFgwNWpfX1MyWFVyN0RacjgzNXBaNUZUbkUyRmZzaG5fV3A0SThZNDR5NlZTQlBPai04Mjg1b9IBtwFBVV95cUxOYWxuVUl5RDFQX2RYZWVpRmYtdGhhVGJZWWJHSkFhSkJ4aTVuOUgxejFJYjc4NWRIY0s0WEtVdFBCWmMzTjJ1YW1HZmtybDJtMUt3Z2FYR1hDYWRndDVBNHh3SHVxZER4WllZUmZFa0tWeGhEWjlYRngzZjBhN3R0MFh6RmJfLUZNejh4c3l5S0hiYmljT0ZPSzViUXExRGNVWXhoeUxacmJvR09BNjJVbTY2ekMwdnc?oc=5,,
"Fri, 30 Jun 2023 07:00:00 GMT",Boa Viagem,Chuvas causam transtornos nesta sexta-feira (30); confira pontos de alagamentos - Folha PE,Folha PE,noticia,https://news.google.com/rss/articles/CBMisgFBVV95cUxQMkZtQmVaRjVXUkk3SHJOM084Nkx0V2RTaVRSbW9sWjBJakR5cHFVVVpzWVdjd01OM2ZDTUZpdTVKT0V2alRrbE1kc1ZWR1lLN2xpa3NqLU5vSkx1S0xWOHR1SlYxWS1saHFRVTQ0Q2dMQ3QwZmlydXVGRW0wSHlvZUtlbXdhV1hVb3I3eVFIbGZ4RV9QUVNfc09BTDV5RmllZW1ZRlVabE11N0pHX0NfMFRR0gG2AUFVX3lxTE9qUnNHbnhxMzUtM1kteXBDMEZhOThwb0JKN3o2Q1hoLUpKeE9VM1hpd0ZvTGM3Uzk4OEg4WG16RUxSUElnbmtfY1V2ZlpzUGhBcllRbEdBVWluWnUzTUhFc0RJT1lkaENzZEMzOVQ1dDVfVEdGTm85S01BQ2VDdFZvSVpCbVlLc2hXNlNFWkVDbHNaX2lXRGhFQnNJZGNOdUtoclBxZFB2MkhBY2JpZE9pSmdHVk9R?oc=5,,
"Tue, 25 Jun 2024 07:00:00 GMT",Afogados,Chuvas no Recife: veja os pontos de alagamento no Recife nesta terça-feira (25) - Folha PE,Folha PE,noticia,https://news.google.com/rss/articles/CBMiqwFBVV95cUxNalAzUzIxVHd0V29lOXlpeE5jM3VHTW50dUpRS0VxVE8wamRsakJja3lmbGpFZy1kaHo2eWVQc3VqZW9qQTRsckhkNkM4QkZDQy02SjM2dmVnUkVXTW8wak5sU21Tb1Q1YTY1YkdVYXQtN2wwQUZLVTUwbm5md20yOGwzSTNsa1ZjdzNYdlhfdzBPek1GMmNDRGYwdzJOOTVsOUQ1YkdzZG41Wk3SAa8BQVVfeXFMTzlSandpcjlmbTdNbTRNZ1BqUmNKVkxjbmlXay1ReEp2RDJnM003Y3BDaEt2T0Jxc1pSMDljUDJPU05jTTRnM09jR0VJbDJBVUdmSG45b2JIYnJCVWI0UUFHUWFwbzY0T3pZbkpzYVp2UjNpQlVRSzYtQmt1N2M2anpBNzVaYmV6ZWYzazMyNU9lWDBpWE1KMmtfX3lkakt1ZWx0czdvVlRTbXBoYTZsTQ?oc=5,,
"Thu, 30 May 2024 07:00:00 GMT",nao_identificado,Chuva deixa Recife em estado de atenção; veja pontos de alagamento - Diario de Pernambuco,Diario de Pernambuco,noticia,https://news.google.com/rss/articles/CBMi0AFBVV95cUxPVlJjM0xMYzVTeHhaUDU4QmpqYlF2Zmo2UWJjZGdsOEFwOTQ4Y0d6TU9rbk05YnUyc1hTV2FGSDc1MGhnMVN3TmNFMEVOcWpVY3V3aGwzOWRGME5paVlsN1BkQWdsYU5SclJpV3I3bTBQSHM2YnQ2Z05nS040a01ueTVHbG5IeDRYYzI3cndvZ28wSTF0bElBbVdYSzNSVTFlV3QzczRtWFBnemYwUWt6UmhKWXEtVFJnLUZubzJyVVFfYTRVUkVkbE9wWW1zVkZ1?oc=5,,
"Tue, 02 Aug 2022 07:00:00 GMT",Derby,Pontos de alagamento são registrados no Recife e Região Metropolitana nesta terça-feira (2) - Folha PE,Folha PE,noticia,https://news.google.com/rss/articles/CBMisAFBVV95cUxOQjZfRUUtdGdMSlNDdDhybE83ZVJJdlh1bFFMOVEwVWFCVTJtTHQ5QU15UV9vTnBLZzF5eUVJUHFVbzgwMzktdHJyMUhPRXB5RFNTSTdVQy1LTE5Xa2I0OEZNU05CVlVOdGlnYWphb1dNUE1lSExLRTE5WHByT25ZbWVlQ09ZTEhXRnhXNEl2b3IxMU91Q2pJV0JJcXpLb1NZa2tLWFVvaVc1N3d2ejMtUtIBtAFBVV95cUxOZmoxUk5sWl8wV0FvUW05dFQ2MVRkNnVVblJ2Wm9WUER0UkdIdk1KRHAyOWtXLWFzVDdwMnB1eGV1Z0wtelZOSndmS1RWMi1GUnMwUVNFbzNQNWZKaFZqWWhwOHpNT3ZNOFVnTGNlZnhzcmoyMGVhTmZ0dEZoTDhuRjBFeWw0S3p4UVVQbGtWYzFWM01vdTlWUm5ERnRKV0pvWEN0dlZUblBVdVRodFVkdndLRlg?oc=5,,
"Wed, 14 Jun 2023 07:00:00 GMT",Areias,Pontos de alagamento causam interdições e desvios no trânsito do Recife; saiba por onde não passar - Folha PE,Folha PE,noticia,https://news.google.com/rss/articles/CBMirAFBVV95cUxPaEs5N2IxZUdTNm1fU2dvTTBMZ1F0UzJKSEE2UnFfVU82czZfaXUwazVPclc2Z1RDS1lpQ2VkMENHZG5VYWd0dW16S2hkUXN0ZWJuSTNQQXpCdUFZc25nQ0hxMzh6TUZHRW5NOUVVU0l5eV9zYVFta2s2d0FkZjVIR2FkbE94bWd5aEEwcWtyWFA3ZGtza1VhQnFYMXROYVMxcUJDUHdodVpHSGxY0gGwAUFVX3lxTE1FT0JWUmtnLTBVeEwzdjhidUJfVS14MFRCRHFLMF9qRUl6c2ZOOVRORWZMZTZQQS1YcWUwbHZWRGZldGlpSmFtZW9xVmhETGNETThRc3Z0ZXNxeGJIVWtVS1lxY0NTc1E0Y3JoaWE4ZDYtU21Ebmc2eFNFZ1dfUHRkZ0FfendNRS1maF9MQXh5blFnUGttVC1KdHk5YjFqNDZMcWF1SXE1NzBNUm9EUFNr?oc=5,,
"Fri, 24 Apr 2020 07:00:00 GMT",Casa Amarela,Chuva causa alagamentos e transtornos no Grande Recife - G1,G1,noticia,https://news.google.com/rss/articles/CBMitAFBVV95cUxQMWRReEdoSVZvc0NRRFhFejEyanVMMzUySnN2TExRZmE1dlFWQndlSWxKWmtzUjE1OGliZnhNeUg4a2JiUWo4M3NNMF9hWll1cENwalhJZUlLQ2ZVSW9nY0pTMFhwQjlhX1RLTTZESVFERmNQNVFxWkxyWk1TU19tQ0QxY2NsNC1uVEp4dFpCRDBveWVZQjBBVVlkcDhMcGdUMTZVbGF3SjJvaWJBbGZWMjdVVnrSAcMBQVVfeXFMTjJ2NldHYTNoOXgwVjFrbUpWakxoNllyWno3anNMcXZTN1p3Z2tFUkZGSm02dzlndFFYcHFVTzJOemttNmZwQjJKVWdjcE9SVS1KTUJUa3VoU2NaSWZSUmJkdFpMREdWZmFEZnlmSWhMbVV6MFNzU0FITFFCNGc0dUEtRThMTUE2UGRSRXQxTWJsZnRTeVpxWUxMNUJVWTdaRVFRczBxWmczLWlITmFHMEM3TGlVYkRDbXp4cExKOW5VM3pR?oc=5,,
"Wed, 22 Jun 2022 07:00:00 GMT",Estância,"Ponto de alagamento na Avenida Doutor José Rufino, no Bairro da Estância, no Grande Recife - G1",G1,noticia,https://news.google.com/rss/articles/CBMi3AFBVV95cUxPMEl4UlF1U1c0MTRFNUc0MjlkLXZfWkVxMGxyeXlOZUNRVFNtclI2NDNjR2lfX3VYUjdLN0FkZEdSbENxY1VBYVZ3UkJzVHRJMXNyaVlTcUhIX2lFNkxQVnpXSmcxZ3V0U1AtcDB2MVZwX3JLOGZzaW53bENFR3p2dDZ2VkUxZmhJcmFJNVI2ajhQOF90QTNpcm9PMUR0QjNSdzg3Yl9ZanlfUkt3YUNFcmYyaUZGeUxCUTRuamhpNWtOZjNhbnM0Sm5XOTZjZEotUzdKUWFiM3NkQm1v0gHrAUFVX3lxTFBEYmtDMkZXeE9kZjMxYjFIbGN2aFAwd1NkbGw1a3hqXzJyS0pSV2hhX0J0Q0x6dFNYc08tbXVfVHRtZU0wU056RDY5eXNxT1g5dnVFb0dtR1BvMHA1bkJFZnVCX2NlNG93bnF2anJhTlQtMmNTa2VJLVFOUG5heGs2VE5xQXBtaXpJanQ3ZVFiaGdBVWI4RTdERXZyOV9wQzJVWjRDdFBEZnNjQUlkVDdfdktBMW1iNERseUx1a1NiQnRCM3dYejU1eHpobXJvVTBGMU1QR0hFWkRPWjlqams5ZzNsUzB1YmwzRWM?oc=5,,
"Mon, 03 Jan 2022 08:00:00 GMT",Afogados,Chuvas no Recife causam transtornos no trânsito e alagam casas - O GLOBO,O GLOBO,noticia,https://news.google.com/rss/articles/CBMiowFBVV95cUxQQWliWXBqelZRclVONXNYSm1yQVZpOXNEM190a3dzTnRTdjEycmVrSkE5US1LTU1fczhJVTZCd2NmbDQ0eDAtWHVMOEdtTDNPSGdFSXJ6Q2hQRzJYcmNNLXBtdUk4aWwwQWdnaU1kcTZRZ1JTTnktZ1JBdFc3aUhMNWdRdXV5dktoRFl1V0dFbFVJTEkyQ3ZpRW1aRW5nTnpQREE40gGyAUFVX3lxTE1kZ3FBQTFPMU05QV9UVzNNRWg5UXltQi02TFhjMk16Y1Z2V255dnl5MkltY1ZZcTQ2WHBWdjFoTWliN1JjLVJFUGVHcV8wOGVCWEtMWWtrelRYSUJBdnY5Y1ZhaW1GZmprNE9HMTRJSGJjaHRFdE5LU0o0VFAwdEhEeFBxYjJ5aEtXWU9lMEEyTGtPclhjNTBiN3U2NWdPbDJYQlFjQnZ1ZFhHMk5MT1RTTWc?oc=5,,
"Fri, 30 Apr 2021 07:00:00 GMT",Afogados,Ruas e avenidas ficam alagadas e engarrafamentos são registrados devido a chuvas no Grande Recife - G1,G1,noticia,https://news.google.com/rss/articles/CBMiwAFBVV95cUxPMndqa2JSS3VzVmZPeVR0Tm5VSy14dm9uZTdUN3kzVVFQWkcxc3hxalVmVkEwN2RkOXBnLXk3d2RuaFh6S2llem1hZjk4WFQtOGZiaUZ0Zll5eS1kTHBLUjNvLTZxTXZJdG1wbHRQT2NSWHRYMVhFZzA3ZEF6bmdXbkhwellfcHZ5ODVkMHppbWlodmdNTzlvLWJuR2diWU9EbXpYZW90emMyVkljOU9ZNlZ6Qkp3OWd0NkxJQzEtMnfSAc8BQVVfeXFMTnN6NVdxelJOSnVTVGpBRXZuUXV6WkF2U3VvZl9tTFZsY01OelU4blQwei0xRjVtV3JuLTdzUkl2NFpZNUlvUWVRMVlvYWh3MS1YRzJ3T016MDYwdTdKeWttN3hfWkNCaHhyUkRGazJJVU90Yi0teENKd2FnaThqaFFJY2JOU1J4VWRDOFc3OUptUFBpSUpsZVlyLWE5RkVoSlZPNHlxOFlNNEh3a1FRaFIzVENnczZqQlFLNWp2LUpCbFRVX2w2b29jN19pcGp3?oc=5,,
"Sat, 28 May 2022 07:00:00 GMT",Boa Viagem,Alagamentos e fortes chuvas paralisam linhas do Metrô e fecham três terminais de ônibus e shoppings no Grande Recife - G1,G1,noticia,https://news.google.com/rss/articles/CBMijwJBVV95cUxPOGZTSmV2b0RaOE10cXlBRjAwXzBHYTVLeFlkVUFJTWVkMGgycElBMllJXzdZc3Y3VjNwNlhnbFhlR2lfWUthQjNxVGRxY1lRV01PMDJzcUdqbDVTcEFqbzJjNHZRNjAwRk9WTk8wMmtMaXBRalFCYmJlZnVrMl9ZUFNBTW04U0J5Y3dhcl9rZVkxZ2lPV3R0NGdKRG1ITUV2b3BwenZTSlIyaFVzY1ZUSW9hRFkteWpiZmNNcVgwVnlJYlJSQktyazdjekJzczFqRTlibTh3SVlFTkN1UDdxcFI0UURZc1BEQ1czQWRJaVNpN2M1V2QtbU1WNjBsRjFJQlNwUE5BYnNxTHlQbkdj0gGeAkFVX3lxTE5sTjRyZGNadG5Sd29vdU55bExUbG5aUTFYVkhxSENLUHZRUjhiYndqSGVseXNTNFJxNV9OQ2ZhNEhIS1FEY1IzbTN6YXZwak05Q1JYbXd3NGhFWFpRZmRhWVhkbVhOWmRGTFQzT1ZkQ2pKWDB3Zy1YdHpDcmVueEUtemphVGpDUnFrbGRPaUlZa0ZQMWF2RG1MU242WTlPaU11RGdSaUVzSzZFdlB3SHBCUEhBT2wtOERwYUJXbVlYcjBaOWRXems0M0F3TEhueHJpejJPamhFNWt6TWIzUEtBN1ZnVm9yejBCYUtJSklhcm9ta0VULVZrUTJoRWJsbVBmelEzaUhuT1N6THZUZ3dXU01ORml2M0hUVkFBalE?oc=5,,
"Thu, 04 Aug 2022 07:00:00 GMT",Jaqueira,Recife e RMR têm mais um dia de transtornos causados pelas chuvas; veja onde mais choveu - Folha PE,Folha PE,noticia,https://news.google.com/rss/articles/CBMirgFBVV95cUxOSm9Rb2laQ09lemxWajduZnNMN1o3anN6TG9QMXRJVXdNSjlyRHNTUUFYVWR3eHhxTXByTlZBcG9lSjV4Y3JaellpNmhPVXBNSDlRVkFSbWZzeHFlQ1FQTnN5aVVQbDRZbzF6dUFnSkJXMmtibnRRY0ZkaHhSanlMeFRvLThqa2NTUV9QU2VPNU81SncwVUg4QmxDOFJDRUZraVhydmw2azlubjdlaWfSAbIBQVVfeXFMTTdIbjBHNFBXSThMX0tHYW12SVpTTW4tY3NYV0Z4a0R1U0oyNHlaZTVscldNOXdKMGZpaWhUc2d4ckpsQ1dWWDlvSXJpblRuQV8yWnJubDY5QzhaZlhTTkl2TmxRVHpjS3FYRGRVb0JMSERrYjE2OWd5MEhWcHBod3VIVmh3ZjFOcFR3Z3NDcVRFSTdOWGtkd0xfeGFSVGYzeXF4b1hreEExYU9IN1NwdEZIUQ?oc=5,,
"Fri, 12 Apr 2019 07:00:00 GMT",Boa Vista,Chuva alaga ruas e causa transtornos no Grande Recife - G1,G1,noticia,https://news.google.com/rss/articles/CBMiqgFBVV95cUxNVGJZMVlZSGZJVDhmbHhlZ0w2UmdXbm5lVFJvNDdVOHFMek8xYWFVcXVqSWg2dEc1ck1saGZreU5pTVJySzNFYmJGaUVNV3U2TjF1VEhMT0dnT2lMR01FMWZVNl8ydnFFd2QxNGkyeFFkbTZFUVplMnR2cEF5aHRnR3hiOEVlNEhBc0tKR0lPb3ctZ3pGSHJQUHNqSDRwTWQ0aldLLWdvMG1Ed9IBuAFBVV95cUxQY1RkdTZzUVQ5YkxaNG12SXZLREdxdTVUMEd4TFQ0WUtkMkJYT1JmQ1hhWGU5NWZuU3ctRUJhYUUySTNQVkRTbTluY3FyamdWdmtfTUxsMUdxMHlTU29lam02eGNYQnRJWVhja1ZUSThzMG9kaU85bEZOemRmNGZja2lRM21LMTZMMl9NSHNaQlpHamhQODI4cm42NzBOekEwUnRVVTVmY084b1JlWFE0ajNMakxlcWww?oc=5,,
"Sat, 28 May 2022 07:00:00 GMT",nao_identificado,CHUVA: confira onde há pontos de alagamentos no Grande Recife - JC,JC,noticia,https://news.google.com/rss/articles/CBMivwFBVV95cUxPMWViNkVDZDVmbGlRZks4eVdQTjBxM2UxLXJKSFBteVNNMmlvVEdXMUxmQ2wxTHNOMC05enM4b2lQSWJEdU5YeTVWN3pCQzI5RHVyUHZWU2pKWXBScjgyU0ZYYUNGNW84SnpIRVFoMEx6VkowLV9rV3hkcGlHWHBMNU5oLXlpMEZsUFJVejJZSGJETkVhZ3Q0MEpXeXVpelRmYm92X0E4YWV6c0drVDdFTnlxYV9JZ0ZYemVmUEZYNNIBxAFBVV95cUxNY1RxR29obDZWMm9xTWhYVlhRUGs0dE5TeU5BUXN1ano2LTU0UXhKMHM5UDVCQkM3M2VXQkJfcy05Z1Q2dU05UURtM0lZVDdQOEdHNi1ZVzU5ZHdWLXVmaG9neU1vUW1fLUFEdXVNU2RoTnN0RGFpX2VVVzFTSjRGWGdWYklWMkJiTFhUUWdGUURzaWk1LUFIZXpLYXU4RnBraUdMcVR4OW1UMzRVancwYjZpaWhKaFdhVGRtZndEMVpsRk1B?oc=5,,
"Sat, 07 Apr 2018 07:00:00 GMT",Jardim São Paulo,Chuvas provocam transtornos no Grande Recife - G1,G1,noticia,https://news.google.com/rss/articles/CBMimAFBVV95cUxNamZUZDhZZE1jQWtJaXk2TVI3NXJjb3V2Z3RIMWtUZV8tak1aOERILW1FbkVEWnBiTU9zc2V2dWI4SjhVMlUyYnNMYmh3YUx2TjQxVUx4cWdNSTk5TVA1UnpQR2pSWU1aRjhnMUF2QWpiY245N0IxV0RvZVpXb1Nha1dsYTloNmlNMTRlWWxqWTdMZ1BYa24zQw?oc=5,,
"Thu, 25 Jul 2019 07:00:00 GMT",Passarinho,"Mesmo com diminuição de chuvas, Grande Recife conta com pontos de alagamento - G1",G1,noticia,https://news.google.com/rss/articles/CBMi0AFBVV95cUxPbWNJTmlQcjB0QUg4UE5UOUlfXzJEdVNJMVZHN2t3bEpQRENlZ21VNXg1U1FuNlBHcjZjc2tLQ2twTDdUUEViT3NwOTQ0cVNtcExBcUYtdS1ZMDdrejczd1hReUNDSTFTalhjUUV3WUFoMXRPemNfdnVpS2F3UFFqRlFPRWpzOW1jcGh2UFVnUDMwYU9KdDR6Z2drMFBJWGViS1BhR2dFMlljc2ZBbVpUXzZBQXFnNVB6SVNIRGpiR3Q1MmhvWFc1S09WVHNveDJq0gHfAUFVX3lxTE5jV3A2czdXaHBtSGpKOTdldnFZR1cxYllKQldfQnZhR0w5WU9qTE1JNnpPWW9MZlREbDZBZ2FmejZ0Y3JmOUtHN2hnVE5TRWwxZTNkVTVPU2g1eVdYdXhLQ0h6UEJ1X0Q4akNCMEZ2dHFIaUtYcnlCXzl4TTNwNk5RSlV4MEdkSElXTGtxdE1xV2tNTU00QVdWTnZpZWxOUmNibE5ib3I2Y05lLUZocnJHb2luQzhtRlBkUHNBcFJva0xRcEhXb2gzMXFSSEFWUS1KcWFjUmNqcmF2X1JUbDQ?oc=5,,
"Fri, 16 May 2025 07:00:00 GMT",nao_identificado,Chuvas no Grande Recife: confira pontos de alagamento nesta sexta-feira (16) - jc.uol.com.br,jc.uol.com.br,noticia,https://news.google.com/rss/articles/CBMivwFBVV95cUxPYzFfU1RlVDYwSFBKNzkwVkxLejdNQWFZQzRtbFltTWhHTWdyWG1wcHZHMnFUX3VlWU5wSk5UdzA1QnFqdm5ZanRxVTBra3FZUU9nbG1USEw1RmtvS3dhMW92OWNZMHd1cURZLW1JZG5Ud3hKcmNiSkdQam9aS0k2bGVXSmJTblZPV1pzdGFCQ3ZnZk81MXdRNnVSMjRDTEdKWmdZaHRvZnlzZk1nanZtMnhkaGVjMzRqSk1GaEtPZw?oc=5,,
"Thu, 13 May 2021 07:00:00 GMT",Boa Viagem,"Em 12 horas, Recife registra mais de 36% da chuva esperada para todo o mês de maio - Folha PE",Folha PE,noticia,https://news.google.com/rss/articles/CBMisgFBVV95cUxOc2h1aU9YQU5YdkhuOE9GeUJjckhmc3B3OUtFVTFlSDhQaWFGRHQ2YUlWempyUFRqRW9QX0NoRG1hYl9fTEpNem42dGgxb3NyeUxYRktabU8zWUh5NWRwZU1jSGFXVnNidkJmcHBkZGFOUG9RYU1McTZNaWZuYWdLWm9qQXZDU05BQlRwOXJvTjRLQUZIX0xQa2ozZnNReDE1SUlkNURNNk8tR3J4QlEwRm930gG2AUFVX3lxTE5zM2VtVF9tck14Q0xSUmptSXFvd2lTMXRxWThGa1VEaUdHX3d6NkxSTU80bE5OV3RfUWVCZmFKZElEajg0SzFfYnpXUy11ZDBzeHpCMXlJNXlVNkNLUzdhMmJaZjE3VXhlQUlxUzRrSnQ2bzJ3S2lzTEMzMGJ5M3J0UklGX3V2dWd3SndPTnJCY0wtYUEtdXd3VHFYdGxaVnhsY3RVTXJLQmxKNzRVX3ZZMHkzM1B3?oc=5,,
"Sun, 11 Jun 2023 07:00:00 GMT",nao_identificado,Olinda registra pontos de alagamentos neste domingo (11) - Folha PE,Folha PE,noticia,https://news.google.com/rss/articles/CBMinwFBVV95cUxNcXEwZnd1SEJRT19jc2JmRFJpYVRzYXNaOF8zOXNlVUtnWGNQcjVkMEJ6WHpBMW1IaFVhS1hmaFlUVDNwbzV6b2M3Y2hYdVliT1pNOFk3MmEyV2lUdWFBd2QzVnBzRkNDZFVYN0ZMdUhDOTFxMGtZUl9aMm5SeUcxSDZhRFhWV1czT3pDTG1GV1hWeHFOd2x0QzhDSFNWT2PSAaMBQVVfeXFMTk1kRDRHU2FNSzZiQmJxekQyZnRoZ1BYSXRab09vWjR5RDEwbFNmQjdVdFlWVUlHRkZCMlNnMnpONUJzdUhiYldsNlJqTkFjWjBjNWNDd2Vvam81bW5pNk5qZEhDY1FHalR1Wmp0TlItcmMxRGxCWFVPTlk1WkRPNDRXMHhXcVJMMXNNTW1jNklHeXpjRER3ZzU0TUVDc1ZndGZ3aw?oc=5,,
"Tue, 04 Apr 2017 07:00:00 GMT",Boa Viagem,"Prefeitura do Recife soluciona ponto de alagamento na rua Dom José Lopes, em Boa Viagem - recife.pe.gov.br",recife.pe.gov.br,noticia,https://news.google.com/rss/articles/CBMiyAFBVV95cUxPRURnOGl5b3ViOFZBanlYMmdVRi1oSjRHaTM5UTVadGVMaFZ2SnVxMk94ZFdYVVVyZGR5cURFSG5uWmlkWF9BYWFEQXJ6bVdMTG9QUmxVUHlXVVVQNklmb0NpTGRIUWtBVEk5VEx1dEpMUVV1UDl1VTZRVHhzWDJVaTByV0xhZjlqcUljeDVJellIY2pzQnY3aEdXTzJZUVRCbm1nYU52Mi00SW5HYjB4VklsSDNNRVBGTmw1SHJYdnUtRW5tZm81Nw?oc=5,,
"Sat, 28 May 2022 07:00:00 GMT",nao_identificado,CHUVAS: veja imagens dos pontos de alagamento no Grande Recife - JC,JC,noticia,https://news.google.com/rss/articles/CBMivgFBVV95cUxQbjN4eE92ZF9ZNFB6YnphRVFnQm1yOS1wQnMyaFo2dS1Kc3JINUZVV05kYkpudzNXeFc3V0hjcU5jdXg0SG43OGhJOXBNM0ZnVGNzZnNUWEctY2NNSkxITVhONElvZGNYdHlKMkl1VGI0ckN3cGVnVm9OazZWMU4zRllsbTJCTEFVRFQ2TWJmaDBONUNjOFI5Y2padkZkd05TUFc2c1VOeF93VXhZalM2bDZ6Tm0xNl9fM1YwOW1R0gHDAUFVX3lxTE5ucnB2VnZ4NE1sTjJFQXVPQ0RMd2ZUUkdGczRwOU1iRS1IVUFXOGxmNnFEbXZ4emxrVHJVd0tsX0xwdUM0SjB1Z3cxZWd3OEQzQnlCRU03WDZkYzhyUElaMlVycFhjWldEbFNMcllJQnctQW5HeTRrY2p5RmRZclhPS0dhRVYtZXpGby1ueURBYVFfMV9zLS03MnhmQzdFTERUeTdoTzBpUlJnYk9wTmFoc3MzRHhrQTJJM2pwUmRWa0VQZw?oc=5,,
"Mon, 11 Mar 2024 07:00:00 GMT",Areias,Bairros do Recife registram alagamento por causa da maré alta nesta segunda-feira (11); veja - Folha PE,Folha PE,noticia,https://news.google.com/rss/articles/CBMiowFBVV95cUxOUVhLbGNxNnU2ZzI1bVVUN1ZUZUd0Mlh1cjhWNlVBYy0wMnc0d19GUjdURHNaR0VESnJqZTNxQTllZzJkMTZUM0ZVN2twYUdNd0JFdWlieklzbkViRWlzUGRlUmU5aXllRU13QmJrbEg1MUUzWVFOR2EtZVVXMDRPcDZPektaZEFNTHNjb0pZSk83cDQyRzlXcmpSdlNsSVhUYmo00gGnAUFVX3lxTFBhWVRfdU9USU1zV0Y2aW9XcEU1ODNhVWtSNlpnMGMySTdxQVMtMFpneWczRlU4MEZmRGZzb1pPOUZIcm1fTWNkOVZTaGZmZmFFeWgtSWxBU3BPUlFDLWh6bmdFOXY5Sm1sVUNfMjVHOXExZkxwTUJCWGFiUGRSVEdoV1pZd1N6bEtVTU0wZ25oOXp6NlFWcnRWOXkxYXpuTXN6MzhwUnNv?oc=5,,
"Wed, 14 Jun 2023 07:00:00 GMT",Afogados,RMR e Zonas da Mata Sul e Norte registram pontos de alagamento; saiba onde mais choveu em Pernambuco - Folha PE,Folha PE,noticia,https://news.google.com/rss/articles/CBMisgFBVV95cUxOU3RMeW14b3hFbDNUY05GSzEwdmczR0xWT210anpSWVlkblIxUnlJV2dBSDVudHdiN0JFZC1oZjM0d1lEeWtkMXB4VmZoU1M3ZnVzQ0l2bDNFVnh5d1pSVnJib1ZNS3VKVHJja3Bjc05VYmZpa3ZFaEZkanNsMDBZd2hucFZDS2lURms5NGc5RkhvazdTMlMxWDh4aTIwRVhBdXd6Rllpd3ZlbUtCZlBhakpn0gG2AUFVX3lxTE1TTU5mMU94YXpxdGVSZG4xMzdqa2drSjdtbG1xSUo3V3Jlb2pMTkpuOWFiSURwVXlZRTZQakJVcFlsRS1ETFBCOGdwUXZTd0laRmF2QmU4bmE0ajRfd1Y3ay1EYWhJTFhVeUxTcTV5YVo5QlNWYUktV3VCNzNjSk83UmpGWkd0MUpPdnowbTdsVW1maEFVS0RJMHk4M2NIcTdxWF84SU9idEtZaEU2eURUOEZGbENR?oc=5,,
"Sat, 22 Jul 2017 07:00:00 GMT",Imbiribeira,Grande Recife registra pontos de alagamento após chuvas - G1,G1,noticia,https://news.google.com/rss/articles/CBMiowFBVV95cUxPMnY0eTlhNlQ4c3RYb1pMSVN3UUNSY2Q5dEpPNlh2d3ZCZTYyZTJfcFkwb1JZWlBOTUpteDd6Uk9TMjVuNEZ0dmFfWmZDbnBSVUo0M29OeGRzLW1KSHRyM001dENuUURMdG9nX2RRcDNfTWYtdVNEX1RWTVd5Q1VYblpWcHVYZnlmMFZCamg5OUlSVmlzQ09XU19OU2hXXzlfQ0ZN?oc=5,,
"Wed, 29 Jan 2025 08:00:00 GMT",nao_identificado,Chuvas Recife: confira onde há pontos de alagamento nesta quarta (29) - jc.uol.com.br,jc.uol.com.br,noticia,https://news.google.com/rss/articles/CBMitAFBVV95cUxPVk1Samg5dlFUeFppWHEtRVNoZGZ4TDlpWlZHS3BnVUV2aXNIelZsY013ODBiNFRpazNyUkRRZHFCMGUteVJVcFlMbzAyX2lZbTZYa2t6c2lqeDlJemtVdHpPY1B2am9uX2Z4WFRCVUxfNDhveU9KRGFCdFFUeVY4OTFDV05UOFFqN0Z6d2NmdVhWUXNnWjlpeEhyX0wyVWxXd1ZvUGtaUUhhQnZJdTFnLWQ4TWvSAboBQVVfeXFMUE8wTm9DV1JuWUpBZGtxWDY2VFRBWTd4M1c0VkZHNGtfcVdMUlF6WGlocmpsZVNRWmJkUUx4XzI0V3VyUUl0RkNaTnZSX3d0Ymk3dDJuVjQ0cUlCd0ZfbHR5OHhSMzdWNC1ycHhCWFI4aGxxekRrNU9pNHZweHV1ZUZiaUhFdVhScVhDek5qWGJYVTVUaUFyQU91QmRZcUVEX3I5d05MeHNxbGZiWEV5cmpra1ZsRjEyNW13?oc=5,,
"Thu, 15 May 2025 07:00:00 GMT",Torreão,"Chuvas: Recife acumula mais de 160 mm, suspende aulas e serviços não essenciais - Folha PE",Folha PE,noticia,https://news.google.com/rss/articles/CBMipAFBVV95cUxQZzZndmdiSnktWFB4MXF0Y0dZbUVFQnRvZmJFWUdGMkd6aUlLTnd6S2lRc1VMdy1nbE5xdVY1VVlBcHFXZ3k4NG5LcVVnbGNQSUJXa096UGd6NnhRbGd5czEtVUxEMm84QVY4YW01SDdIS0x1U3owUHVEUEswZm5oeWF5UXpqV2JJMWhOaXIxdGZaRFo3cEMwbmprdGQtQnlTMU1IVdIBqAFBVV95cUxNNnREYkdUN3BQb1R3WWlBdDM2Q25HVE9ldGNBbllqaFpQbDkzazdBOG9mTTBhc3Q5WmtyME9RbVVBVkN5WDBaeVAwOG5VeEREbjFwVzhydEVuenBZbHAzeFRHOVVsVE1BTmtEQmNfRllQUF90Rk1Zd3poTm41YTZwSklDZGJMLUFrNFdQUnhsREdGWjdJWGRMZGQzV3hudzBXWF9QRC1CNTM?oc=5,,
"Thu, 06 Jun 2024 07:00:00 GMT",nao_identificado,"Recife entra em ""estágio de mobilização"" por causa da chuva; veja pontos de alagamento - Diario de Pernambuco",Diario de Pernambuco,noticia,https://news.google.com/rss/articles/CBMi0wFBVV95cUxPMHF1bjFhc000U2pELTA3SlNuckpBX2xzQi1Ua2ZDRGtPZWxzb1RYdTU3aExnRllRRlgzeEU3ampDQ21rZ2R1aWkzd3BwV1RrWHlYRExmUXVrZTkzRE5iTEpLRW56cnJRVUQ2Vmx6S2lQTXkyaG5NRGxmSlVheUk1Z0c3RXNmcGpkc2FUczdPc3ZVX1ZxMmdDVmtoS1NHem93RWloSGE4aEJXWVdsUkpSNzA0Z2cxdTVjZ1ZJcjlGaUpEMmo0Wk0wNmdIV2IxRTlvSnFJ?oc=5,,
"Fri, 16 Jun 2023 07:00:00 GMT",nao_identificado,Ponto de alagamento na BR-101 causa retenções no trânsito em Jaboatão dos Guararapes - Folha PE,Folha PE,noticia,https://news.google.com/rss/articles/CBMisgFBVV95cUxNTUJFUElXUGEyQWdRVVpCQUd6X0MwTnZzd19zajZYUm5mZkJPcTdWUEVfcHdLZXk1bHNDNXVjcWpDcW9sWkJ2Mkh5a2l4a3hHclZvckRzTTdnSURVQnQ2MGZiQkc0REo1bHVZeFpsMnRqdUg0TXB1TEotY0hkQ3dBbEVaOTFQUjBwNko0Z0dITmZ4cngzZ2g4RW94aUY0OGpodFJrSkp2YnR4YnlORVIxdER30gG2AUFVX3lxTE9xRFZLVWhiNDFtaW95UldIRmNhQnFFTXdyUmZqN25HYXFKd0U3NUt0NlhiVmdpbHRaS1EzVWY3Zmc2dTRMU2dycGotM1JsUS04XzU1c3hzQW93RnNNX2JlZTZGd0NuTWJOS05heXBCbHo3cGdiWm5fLVNPYzRiSll4dVIxU2JNZjRLUXp1bjlLM2hZeWNsTWYtX2YtLXlLLVpUdVplb1ZqVkd3TmtyVnpGVC1vSDlR?oc=5,,
"Fri, 16 Feb 2024 08:00:00 GMT",nao_identificado,Chuva no Recife: veja pontos de alagamento hoje (16) e onde mais choveu em Pernambuco - jc.uol.com.br,jc.uol.com.br,noticia,https://news.google.com/rss/articles/CBMi3AFBVV95cUxPOExCUVJMaVJqbnpZTG9PcnBUNFYwV1oxTUo0NWxRX2NEUGNRZVhGSDA2MlRCUmgyVUctSFVrLVMtNjhRWDlkNkdNVjhqMjUwX0dUZUoteFpPLU14YXJhNlZydHhyQzQ2UFhRRS1VSG1GWXo1MWxfUWREWEplQmN2bHRpSFZ5UkJFdFg3NFJRYnNTUVFuV3VNX29hLXBRQlY4Vk1KdzVxV3lFT3djQTlxLUZnX0VuSl9BckhkbW1pRFZiQ2wyQTNQZjlNZ3BMNU9UcndWZGZPYS1PdkE30gHiAUFVX3lxTE8zUzJQUUh3a1BaYTJQdXBTWGRPdFE0eE9hb2VwVnpzWUw3OUt5ZzV1c2FqNG8zTlNoUFp4TVJ0akg4UFA1T0diaEkyNmhaWmZTTXBGLVIySGJBVTB5WFdMYkpybTBIZkw0VkZRQ2YzM2NBbGQybHhQaXM5NFc4Und2RnVESmNaaHc0NmFObm9tMlZtQ2U4OFlLT1U4WVkyaXNJMEZaSlBmSTIxczNCZnRMU2ZuREtIdDRYeS1yRnVUbjl2MzI4UXROdXBnRFFzeldkamEydW45cDFFN2s5YjRxY3c?oc=5,,
"Fri, 03 Apr 2020 07:00:00 GMT",nao_identificado,Recife e Olinda têm pontos de alagamento após chuva - G1,G1,noticia,https://news.google.com/rss/articles/CBMiuwFBVV95cUxNU19OYWY5QzZST2FEQXNUcGNQRzZWZFN6b1lHUHZlc25sbFl4UkxJaF9kVTVvMlQzbm90RUp0UnJmM01hdE0waEdJTWI3ZVVYZ0RWcWlSMDlsWldnWFBVLUJtbFFocFZpLUNhVEJyYUwxdlhzeVNFbGZnRGQ1blVmU2ZaUUc1YjcwWWpGanBlbTRzLUZGVWpmVnJxekd2QzN2eDVJSTBoeC1KRy1scWdDMVRTZmdWalR4aDdv0gHKAUFVX3lxTE91VW9xZE5iRDRhaEhWb3hCZUtwaUg4MURROUZDc3hjaWZDZExTVnJMZUVrV2dQVXlmVjVoQmdTT1o0OGtXMXBpMDJVZy1ES1Jyb3pjT1NlMXhCaE1meXJOSUEtTkVWXzVnOHVfaXNlVWJUelNscmVJZDg0VThZZTZkeWEzTlRUQ0JUekpiN0o4a2FhRGVmTzJCZk9NNFJ4WnFTeXktbHhjeTdkSWY0d0dPS2h5NW9Obk5pazdMaVRmSHpIbXJFdFc1Q0E?oc=5,,
"Fri, 03 Jun 2022 07:00:00 GMT",nao_identificado,Chuvas: veja onde tem pontos de alagamento nesta sexta-feira (3) no Grande Recife - JC,JC,noticia,https://news.google.com/rss/articles/CBMi1AFBVV95cUxNUEtpR1UzQktPUmpwZmpZaDhWT0VaMjNNc0lSTV9xSmFuRGN6eUFEQjlKQWpyaHV0V205SVUxR2MzektXNWFxSEkzb2ZpMXZpS0tDeWxPOFJyTVdaNXVQMUJ6WG9EM1hQUG5haEJ6ZVQxNFQ1aTRVeTJ3R19xUENnZGpiR0p0Smt0WHNoRWtpRzZJMDJHcGJWTlBsNXN1bVB4Z2YzRHAzWGt2cVUzTVllWkZpMmEtM1VtZ3BnNzZnMEN3ZkkzYWVhdU9YSllYNlFUX2VxSNIB2gFBVV95cUxPdWYzVHRNUHpQMUZEaWdFNTZ5empuV1VhZXRmVlBONG82aDduNVV2ZVdmOXluYmo0X1VkYkdCcVVuZmNjTGt2Y1BtTmJGZGtYOTlQNkQ4Qjk0a2FzZUNNYk13RFFKdGVxci1xWWVRX01rNEFnVFVjQ1VQTnlobnlIdlJKYWVLX3g5TWc4N2VYUEtQcFV2cVozTVRWRkpJOXVJMkU3eTd5cWpXMkpWdnNSVk85ZkNlSjdKbFkxTmFaWGRfRGlzcDN0VzlXanduQ0otRTZEbXd2WUh2Zw?oc=5,,
"Fri, 26 Feb 2021 08:00:00 GMT",Cabanga,Temporal provoca alagamentos em pontos da RMR; veja onde mais choveu - Folha PE,Folha PE,noticia,https://news.google.com/rss/articles/CBMisAFBVV95cUxOblVTdGtMOTgxcFpPSk1IY0F4VVdDRE9BdEpObFhxczVXM0dZUE5WMVZydVcyYjlRMGE2S3FFb0Q1bUVUd0tmOUYwVVE4RUZ1em9fYk9ZVDhRS0prLWhPMWF5ZXFudzZveTM5c3hrb3pNMWNSS29NU1lrcXMtLVZWX08tRnlJMmczTjVSdDNOZEd0YnBaRk9NUmRMc2NXWkF5aDZXZGluT3RCeGhCMlo5aNIBtAFBVV95cUxNVWZ5WHRLTHJvTjVLTVhiRmRVN1RGTDUweDBCcFJuc3g0akdfYl9RYlRVOVRKb2ZQeUhMODVseTQxbkQzM3lBWVRKN2FfWF9pcDNQZFFxYXlBM0RuLXBTcVhnUW15Tzlhb3BVZER3S1o1aHF6U0hxak8xckQxZHZBSUFBMllWSDh3ZkZ3eWl2STU2b1lxX0xWOWtRLWc5VE9iMzdSNHRFY3c2WVl2LXgyXzFKQ0U?oc=5,,
"Fri, 29 Sep 2017 07:00:00 GMT",nao_identificado,Parceria entre Recife e Olinda resolve ponto de alagamento em área de divisa - recife.pe.gov.br,recife.pe.gov.br,noticia,https://news.google.com/rss/articles/CBMixAFBVV95cUxOQ2JCUm9IalJsNkJqSlBtUHlhUllzaG90c2Rkd19yb0NwYzhyZVJzbE1PZEd2a1NWdG83SF9pSFZmZ01VRV94b1NJWWUxRWxXUENsRk9uaWR2TzZmSk5uczRTc0VnaElSN2RlbU1LVVRzSWhFRHFUTUMyaU12NWV4Z1JfeVJfZlgxRnlkYzY1bzBLN0d2aHBCd2pzVXoxUlN3Tjg0ZDZaTGhKX2hiVnk0YTdIZ3JGVWFFSUc1ZXRxaFRBNlpk?oc=5,,
"Wed, 22 Jun 2022 07:00:00 GMT",nao_identificado,RMR registra fortes chuvas; acúmulo é de mais de 115 mm e há vários pontos de alagamento - Folha PE,Folha PE,noticia,https://news.google.com/rss/articles/CBMirAFBVV95cUxObHd5bUZSeUJMeERSUDgxX2lONmdHVDRQS3Jld0dpQzdEV0JPZUF4c1dUc09PSGx0S0JSUFJKdkVaYVdNemtpekNNT0VlOFc2SUotNHNJY0Y3cXFGZUg3SnNESDhQT2tIREx3NlpjMDFGR1NJS3ZQN3gtVk96SFR4UlF5czM1V2o3bXNRbFF2VTVKeUNaYkN1UHZmX2JNb3ZYZm13RDJvSVFtTW050gGwAUFVX3lxTE5WOGlCLXZYZUpEcExnOHBTdlFfeWNZUVFxanpabjhHS0pic01HckZCSV9VVmVTSGhXMFFmMWt1UEZkUWRBaEcwTmgxZWh2eS1UTkdpYW96Z19rWUlReEdVamJoYVlsZXZTdC14NnlmMXE4S0FNQTlKa0Z2UDJiQzhvaDdaT1lVV2J5V1h4Zi04OTF5cVM2Q2JZSU5IaHRuUTdaeHA5VkRkcFotQ19LVGVO?oc=5,,
"Fri, 15 Aug 2025 07:00:00 GMT",nao_identificado,Olinda registra trechos de alagamento na manhã desta sexta (15) - Folha PE,Folha PE,noticia,https://news.google.com/rss/articles/CBMifEFVX3lxTE1Hbko4eWl0ZzlwSjhqY3lkLS1IZ2tWM2xibElRMWlSX0h1TU9XalFWME9kc19Ec095bWh0a1plc3V3M0FtVTdMZ1hsT19vcW5uV0NDbmwwaGFhUjFlTmN2WHR2aUJLVnU4S2VRMlQ5d2NIQ25GdnB4bk9JTXPSAYABQVVfeXFMUDlqTFowR0p0TGxfOEk2T3FrMURNaHEyYkxGVzg1RkdZbVNCdU9YOTNTSXNfSW5VVVhrR0dlR1cxNVFqZGRvX0FFWHIzcm15RXpsMW9heWNaVXo0QU10ZURORVZZOXJHVFdMWThfRWNsMnVfcGd2cDVoMjNEYlVwNC0?oc=5,,
"Thu, 04 Aug 2022 07:00:00 GMT",Jordão,Mulher morre após ficar presa em carro embaixo d'água durante chuvas no Recife - cnnbrasil.com.br,cnnbrasil.com.br,noticia,https://news.google.com/rss/articles/CBMitwFBVV95cUxPYUt2dzRLQUpJTDRLVUFzbDBtRHQ2aHdkUjhENGJtSzRMbFMzNmloZTRycUlkeWRYUmxVbnpPaW1jTnh2S29MMUFRWWsyWEptYTVaa2RMSU1SbEl0bTJuU0ZaSXpZMUVadUNlU1kwclJfQVYxR0VEa3F5Q0lKRVdReDc5LVNyM2Nta2I0R21lM0ZiemdXWTRMYlB6Wi05YklSWlJ6T19iV1N1ZHdiWWJBYk1KMzR4LUE?oc=5,,
"Thu, 04 Aug 2022 07:00:00 GMT",nao_identificado,"CHUVA EM PERNAMBUCO: confira os pontos de alagamentos no Recife hoje, 4/08 - JC",JC,noticia,https://news.google.com/rss/articles/CBMizAFBVV95cUxPY1E0a0s4ZUtEZGVGMFo2U1QzTEVvVzFWSzhaS2NLc1VQVlJQYmVqWGQtaGQ1TjVlSVczLVlheE43czRCVDk3NGRnNTk4MlVldVEzYS1NYmhQOWxvNUtycXhIZ2ZQaDJRRjhwR3lRVHFlMkRyd0tSUzhEeUFVTmtDVmFTMzFEWTR1UUdXemY0bjJoaWpmQ194amRWczlTY091bnlJcThIUTVRZzVjNFo5czlBd2hXM0tYY3RQdUR0Y0MtQXlQMFpxTmJBUlbSAdIBQVVfeXFMTWRTdnNhOF85V1U2aUhFUWUxY1hKQlBYbFBBSmd0ZXJXQUFDdUdmWlU2M09HMFFsM2pSejlpZlY1NnNfVE1kQ2p4bmJlZVJQYjdvbEtsV1FzMmV1ZVVWVGliSWZmalNvTWlLVlV4SXF2SnQ2RmV5Ri1UN1QzTklPeHlsRC1BQ01JU3ZUNEZ3Rm0tbTB6MmxmM1dyRXM4UUhSMk1HR00zYWZSN0IycnZwMXV1Nm15NGZfeG1sLXNwSHFzZFExRlRVTFBNUHBxajdMRllB?oc=5,,
"Thu, 04 Apr 2024 07:00:00 GMT",Afogados,"Por fortes chuvas, Recife entra em estágio de atenção; confira pontos de alagamento - Folha PE",Folha PE,noticia,https://news.google.com/rss/articles/CBMisAFBVV95cUxPOTdzTnBzZ3lZam9aZFV0WWRDZ3g2blpfUDBwZmkxbkxVc3ZIT3loUnVYYWNkcW9UM2MyYVQyYXdXQW1GQWZPME5VajhkaUlRc2xFTUVRZnNaT09sOVFsdGc3RzN1THRqZnNhNW1GanQyV1E1dHNBZVp5d3hHOEVmd1A4ZGlXbUkwcmRTcW5kaVJWOWpHREY5WWdFTDNIMGowZWp5WHphTDNRRUluVnMxSQ?oc=5,,
"Tue, 06 Jun 2017 07:00:00 GMT",Pina,"PCR inicia obra para solucionar ponto de alagamento na Avenida Antônio de Góes, no Pina - recife.pe.gov.br",recife.pe.gov.br,noticia,https://news.google.com/rss/articles/CBMixwFBVV95cUxNZGhCVnlDalNwcjBVQVBiSGVfMUxydHZLVGdJd3FIY0FUMHI2WkxoUFByeEpnZjQwV3I2cXdROUNoQmNrejV5Tmt1dGlVMVVlV3Q3eVhlUEFDWk5BZ1EtaHY1MVBYM3V2VG1rV3R6Q2pxYXB2eFV6YllSaExBLXhmN3psQzd4eEIyM2JzX2VYc0VDRDhDakdCV3ZNbWVsUlljaVpZdzY5djFmMU1GX2tYUUlvRTFzSmJ1bUtKVWg5bV9XeXdSQV9R?oc=5,,
"Tue, 02 Jun 2026 07:00:00 GMT",nao_identificado,MP libera recursos para atingidos pelas enchentes em Pernambuco e Paraíba - Senado Federal,Senado Federal,noticia,https://news.google.com/rss/articles/CBMiygFBVV95cUxOQTNDY01sTnRkSE13ZVF5YkhsOWxOYUdYejZ3ZlJQcFVZOGdqdGVYNTUzd21NVjAtc2o1bjZXUUc1eEotNUxIaTN6a0pqVDhZVWtlQk05QThmTFlycjViZW9JeERldXNrRlVVazY4VFN3WWtmS0JlZ3pjN3pPTnBsck1TQ1dsOFdnbGNXMzBBTGZEc05Gelkycm9QUXJla0Vxc01YTEk5SWp1TDJ3Rmd0dkFxaFpxcjRfb08zTUlBZmhEVUVJSUx5c1ln?oc=5,,
"Tue, 18 Aug 2026 07:00:00 GMT",Guabiraba,Pernambuco tem alerta de chuvas intensas e rios entram em nível de atenção - Terra,Terra,noticia,https://news.google.com/rss/articles/CBMiggJBVV95cUxOcTgwRWF2bEtmaXFjVGcxU0hCMjZXbDZlTjJ6TlZhUjY1MHYtSzBiWHFUZ2djdkplWjM1dmVzcWdmcVhqZHFfaGJhQ3V3bUQwOHphYUZrQ1d1NjIzZUJGdVY2cGlNcW1Fb3VlWmZ0OU1TSzZfVFRwWWRwRGVnQjB3SUp6Vk53c2k0R0FKNm9qNkVoU0d3Ti1zdl9QQkJDN2tyODUwRUFuR3ZKREpXSFczLVhiSXZaZ2ZndGhHdFNIWlpNdnM0U3VZR2ZkYnpKeUMwbV9ZN21BTlcxR2tZNHlqdVAyOUJPZHM2RlJ4aUtMNHhXaVQ1U0gwWk01X1dodHFwN2c?oc=5,,
"Sun, 28 Jun 2026 07:00:00 GMT",Várzea,"Moradores são resgatados pelos bombeiros de bote após alagamento em Santa Rita, PB - G1",G1,noticia,https://news.google.com/rss/articles/CBMi1AFBVV95cUxPQ0liWTJkMDltY3hCYno1LUN6T242d3VGb3pORmpFN21qU1RHWGZBblJBUGJBbHlrbXp3OTJiVldnc1MwWnhBdHhWQlctMWFDNkdLbHM4UHZ0Y2dveGRaNWNhUTV3dzNwdm13WVdTdG81T3RDS0phMjRzQURFRkd2M0xHU2tqYnljaFdRUjFTLWRkd1RRc3p6eHY1WE5HRllTakFza2h0SWVUMXM5dlZDbWU4UmxWMGY5NnB1VWswRjB5RmNLcDhVMTlqYmtQV3ZwLVp0cNIB4wFBVV95cUxQUzdlMnhXNDVBd081S0UxOGNnVzNKai1aUmN1UC1rWl9USl85S3JXX2ljYmFlelVZVkRXbWV4WHRmYnNVOTJORVhucUg2U1hjNExHcWNUcGNWQUZMR2tySFFrY21IcWdfd0F3ZVhBckZ1Sm5hUjdVaF9lU3g2Zl9NMmNvOEFkLXdyWHZuVkJEYk5sTmZQai01UnpFcG9DRkNsMUw3d3pjd1B5WFQ5Uk5xUU1PRGVIc254RERoM3hPUEw1VzR2VVlUR1IzTE5PNy1mR1hVZnNHTFBpWWRyMjd6UUVwZw?oc=5,,
"Sun, 28 Jun 2026 07:00:00 GMT",nao_identificado,Goiana fica alagada após fortes chuvas; Bombeiros resgatam ilhados e governo mobiliza equipes - Folha PE,Folha PE,noticia,https://news.google.com/rss/articles/CBMirgFBVV95cUxNSGU4Y3YtZmhJb09fYkRJeTFTX0s3NmRXSEctdXVmS2RCLU1fbEZ3bThBT3h5MDhQeG1ST3RqUy1VbkRUQUxkd2tUUUt0dUdHYzlYcXZucTg2Wi1PUURrWFV0M2owRlJmUWU5N01EVWN3SWdNYjFQSGlPYnFLcElNVE9qMjA3b1FYT0JwRTc3YW9pWFRnYVBXMHlDUDA3aWR5dk1jS0VwMlJ1d0xMVkHSAbIBQVVfeXFMTk42V0JwUXp3STZjTVFvOVNVcUhSMkN3SkNwOUhJMnlJTlB1amcxaXk0MTk2Njl2eHY4NDZOUlhjYmhHckhTcEptSTJLamV1NmV1LS05aDY2MFpUaHpmdjJJYjlBalhHcktjc21UVFRRUE1Hc0NTVzhLd0J6OEV5dnVjVjE1clJtTWhoVGdYRm55UGRyX1NoZ2ZiMkhiZVJNc3kxN3dsWTVtTHY0TEd6a1RCQQ?oc=5,,
"Wed, 19 Aug 2026 07:00:00 GMT",Ibura,Três regiões de PE têm alerta de chuva moderada a forte; saiba quais e até quando - G1,G1,noticia,https://news.google.com/rss/articles/CBMi5gFBVV95cUxOTThNaXJSSnF6SW5KRGQ5MHp2R2RxVHF1eS1rT2piaUFkWVNIZWZ6Q29UVWg2azd3QUdXNVZ2QlJlWHhoWS00OTR4bnNaLW5HbWV4Q2hlSUt4Y1lRUWEzdFBqMUJKZ2YwbFJEVXo4T2pYbEFQTEtwbldFYS0tYjBFZUJIck50VVF2MjRDYnRxTkhyYjRub0g4TmFaa05hZjdQeWFhdlpLT0ZsdWNGQ1dZR2c2U19KRXJ6bXkwU1lZeGwwaDhvaDk4TzlmRXVtS3RMSXk4bjEzeHMzb19qbWJVMGR3cUxqQdIB9AFBVV95cUxNN0dCQ2VfTXpiVFJZcWdManBEWmN6bGg2aC1vQ2xBWVp0MjlROEE3a1kxOG9idFhLQk90dG9nS0FGaks5UU9EaUZzWV85UHpISWtfQ2d0Y21BeDZDWXU5U3R1azZsQmd1Wnh3ZGk0cnVwdGJreDN2MlM3dkdSWFFBRUhpdEJYeDJOZTdlQkQ3eGpNVjMzSHR4X1AwWGkwa1dDNVhUTnZncGNDZ1d1eVpUS3BJWE5xRThEWkxPdUQ1Mkx3R2c4ZG5FdzZUSThGT2M1d1BnNzdXQ3BKMk1UVUVOcHVwRmVfMU1OZ2YySHlHb29CQk5R?oc=5,,
"Thu, 23 Jul 2026 07:00:00 GMT",nao_identificado,"Canal de umidade favorece fortes chuvas em Pernambuco, que devem seguir nesta quinta-feira - Folha PE",Folha PE,noticia,https://news.google.com/rss/articles/CBMirwFBVV95cUxObnZmWG5ZVTV2eDVIb1JuX0txU0thNjNhenI1dkxCemZxUXFCNzRrWHU4Yk1LV2FudkNDbG5tUDBVcHlHNlEtNTlOcUdCdHVrY1M4VmtEZmg4UkZONk51RjRjZDFCMnZkQ202U0hueHRROWZSeEp5M3dTLW80T1c1eFc5ejBzVkw0OFY3X1F2Z21vVzNXX1VESmZSTWVQVV8yak9RRm1JY0o4NmtwNXlj0gGzAUFVX3lxTFBsU3hwN1hFVmdUaTFBVlA5Qk11dkIxRS15dEROZmZUMGVQT0VZWXVlU044N0I5NWtic2ViNTUtS2FvNGRYdUlOMG1oZ3FEa21Xa0llaV9kdkhpNXpJRWp3OVRQWEJpa2pRSWs3LUtvSVJhbU15SnlRcE5pSDRKOU9IQ0tNbEZ6LUVXcUFFdy1neURoQ0d5X0U1LUZNaXJycEFMV25MZFh6d3BISklKZ3dBeHhB?oc=5,,
"Sun, 28 Jun 2026 07:00:00 GMT",nao_identificado,Goiana tem bairros submersos e 500 desabrigados; Defesa Civil avalia prejuízo em outros municípios da Mata Norte - G1,G1,noticia,https://news.google.com/rss/articles/CBMigAJBVV95cUxQcmdxZFU1ay1BbzRFMVd4N05FZjBPYUh5cmxSSWR1QUpFcEliRnp3bElKdUZOZHNlRlFsblhwNGtzNF80YzdpZi1MenZQUFZ2OUpMWVE5ZzNsbW1sakhNd3pERkY3N3AwbndSZXNwQURKN09tbjBSRzVtcGd0azI5UW44b3h6eFlWTXhYZkhkc3Bvbm5lQWZTcktCN18zWW0wal9zWDAwSTYybm56NHF0U0t3Tkpyel9KQy1uMTVseENxZDdWUEdIUzhLb25Zd2NIdzU5bjNwLUFOMDF4YU9KVXlPWHNQUkFzcnlDQlZGZHdYb2JRdmlVcG45TVpKOXF30gGPAkFVX3lxTE5mQkdWZnVHM190dTRFRmt3UFNCY2QzQWlRZTNqVmxPaVB1SVYtOEswZThfVGJTTTVBbjNZdW4zQkcxLTVaYUlqT1dmT3NSV3FNR01vT00xM3pRdVlOdGlCejB5eEQybktWVTZTX0E2b1h6N0tPSUo5YUdzaGplckZMaUNIZ3BVTDJLdk03YXZ3VnVjakd1ZThITjVnckd5YTkyVWszbEVkN3RUeFVWd1BhNkVNbEVQaHRxMXVOZFFteUFVc1F3cEZMajJjdG5iWTNHQ2RPXzVTbGVVa2JTVzV4d3BMeDNpNmRQeGh1SHlYam1qZ3JyQVVOS290TkVyZS1yNm0tS011eXhHWHhld00?oc=5,,
"Sat, 27 Jun 2026 07:00:00 GMT",nao_identificado,"Rompimento de barragem provoca alagamento e deixa trânsito lento na BR-101, na Paraíba - G1",G1,noticia,https://news.google.com/rss/articles/CBMi2gFBVV95cUxQYUphZkVzal9weVlMRTd4Mk0xZzE1OVZzbGxzWlYwclQ2SjZ4NG1EejhIRGtXcUFEeG5rT1N2QWVUamNZc0xPejNLQUdwTGFUV0Z6cUttZHV2NjYyOURiQjQwemoxbkFZdnVDQThweVBTN3c5S09zNENCR1c1MnRlcTYxaC1nOWE3ZGM4Z0JSNTNuTkhLZG1xTm96cmExUE1vckpGSkhrRFE5VUJmV0d0TE9LaEtWV1REUE5PdlRyQTFBb2daNmdTQTNsSGhTUGQ2YkhvRVhybmZoZ9IB6AFBVV95cUxQcGxQMERnSWE3TmFLdVg1Wl9SbC1nS0FsWFgtZmk5VWFCZWtGVzBadUtGQ3FBQUFuOGxaM0ppd1NraWNXakxUd1NCZ0pMWjBycjg5MDV5LUk3QmxybWx1NGM5SnJGLV9RbDlBeTNUX05tSHlMQ1lDN3Budmtjak5UUnlWMjNmWG5UenZIWHBiYlhyblQwVFVPMWRCUGJVZ3ctUUxCQnNZX3ZwZzBUS19DY2xfMXA3SUpzQjBPWFhsOGt2TzZDNDV5dmp1VGpVb0w5bjZVRXc1QWZlbmZ1dW84Y2xWcjFSZ1RP?oc=5,,
"Thu, 20 Aug 2026 07:00:00 GMT",São José,Homem improvisa ponte e ajuda pessoas a atravessar rua alagada no Centro do Recife; VÍDEO - G1,G1,noticia,https://news.google.com/rss/articles/CBMi4gFBVV95cUxPX1NRMzYzRkxtX1JZWHNHTW9ueHIyUm9fNkJjR3M0clNIdG1ESkZ5Y0RjLVdBRzljcTd6eG1VbmcyLUoydjAtVWhTQURSUXZOX3VVdWpYVDFwN3FIendQMHl6am9jNThIcl85Q0pjMFRfVGFGamE4cGJKNmpCWUdKejUyb29kbXQ1aFFBUWhOQy1lVkZaZzh5RzRpU1J5VzBTWDlJaVA0QlJwYmM3ZFRhLVVHOGhoemRlM2FPUTZjZl83aXVZYlV5SkVmNlJOOE50VjhUQ1dqRDRxd3M5UEtjWmR30gHwAUFVX3lxTE84S2ZmSGhhTDc2ZVpENlU2eE5pR0ZRMHZ5RExScjQ5aGR5QjVGSmhWd3lvb2Z0VG5lME5za1lmeFZvLWNtU3BIck9NYmRrR041a0JwZlV6ZDE3QXNCZ0YtRGRHTVk4Y1pmRVFaWUtkQmtaY3A2WWRVam1DREQ3aExfcFdDQ3dKdXh5NjM3RGJVazNjbjE5bmxFQnFXYy1fT01PQTRhaW91VDFHcUQ2QURJaUU5eXQ2dmgtVTBUYVU1eGdKUlVpNElrLUlXbTNUbF8yMzZna1hNb3RFNnM1SWZhdE5rZzA5SWFZUl9Xa294WA?oc=5,,
"Tue, 05 May 2026 07:00:00 GMT",nao_identificado,Governo reconhece situação de emergência em mais 22 municípios de PE - Agência Brasil,Agência Brasil,noticia,https://news.google.com/rss/articles/CBMiwAFBVV95cUxNUVozUHBTNnBXb0N0bkhpczNWUTE2TG43dHZxT1NYRUwzRXd5Q1FFNmhldjZBdzUzd01qS014R1g0czlLX0hzSFRZX2Jud2J6aGsyUjN2MzUzS0V4RW9KdmdsRFdVSTVIRklnckF6NG5WQ21VODc1ZGl4NVM3YUplckdZZXd4WXQxUGh1azN6S0s2TDB2ZzFuLUplZEpCY1ZGTVFkd3hXeGJ3TjUteUN2Uk0xaXo5T1pNWHA1elVPVlM?oc=5,,
"Thu, 20 Aug 2026 21:20:04 GMT",Peixinhos,"Sem auxílio, famílias de Olinda ainda sofrem com os estragos da enchente de 1º de maio - Marco Zero Conteúdo",Marco Zero Conteúdo,noticia,https://news.google.com/rss/articles/CBMirAFBVV95cUxNakJxbjd2TXM2aWxiWERfSU9ScjZyYXFudW9pQjNfbzd3bFJ2OW5YdFAtQkd4eGhLVlFDVU5saHRNV3hqcGlvVzU3M0M3OTlpNU95bnhlVjdtRUNBQThad0hfWW0xb0gzSVJXSnVBdHc3d2VJLVJaSW5aNE9GcEJKb1hmM21yMGFKNDV0eWg2U09US2hiU3JhSWEtZ1l6VFdUY2VWWTNKeUlQVjJu?oc=5,,
"Mon, 04 May 2026 07:00:00 GMT",nao_identificado,Temporais deixam 13 mil desabrigados e desalojados em Pernambuco e Paraíba - ClimaInfo,ClimaInfo,noticia,https://news.google.com/rss/articles/CBMisAFBVV95cUxNaWo4eDJ3cDFWVHhScU96ZDRjc2tSTVBMOGpiaUFJbGdNc2pOTzBxNS1xSm9CdmJKT08wWng0SDZ2Yjc4R3FTQWZzMU5CVUNMMGxkQ2dOWEprM1RPaWRhc2VLVHNsVlR1aUk4TkhTbkpOa1lrNjlmNmhhUzJHZlBJbFdmcHV1QjJNXzNHd0ZUa3RHZ0hUYlVVcXdvRkp3czVMem5NNUNXeTBiR2pheUxQTg?oc=5,,
"Fri, 01 May 2026 07:00:00 GMT",Dois Unidos,Alagamentos e deslizamentos de terra deixam mortos e desaparecidos em Pernambuco - G1,G1,noticia,https://news.google.com/rss/articles/CBMi2gFBVV95cUxQVkdsTkFlY1VWQlNsQTg0WHhiU0FfMTU3VTY4YnNTalM3U2diQUU5YXlDQkNWS0F3a3pBYVJTQi1QOEtHQzhQRDBBeGtrYW5EN0lTcTUyZ3ZXdkJoaXc2UEo2OHhTZWZvZk8waTJJTWsxUWJ3T3Rsam43VDk4VzFyczJ4elI3MHhnYmxjdE1wTGFYZFBONlpaQldhWVF2ZUQtbmM0bnItNk11VDVkZS1NQkt6WVZGYjhRTEIwQUhmdV9sUjI1TWkweDJtMDBtLXJhU2djUV9wYkVTZ9IB6AFBVV95cUxQb2hsY3NPcjR1Z01FemVXbTVMOUJxdkU0UEVJVFJHQ0c0azVaWG9nZWpFc0JmM1JPODY2YXBxQW45Rkh4ejJUQU5QOEI3NW1PXzlNOUp1ZzF6SjJvcVhybWRVYXZVLWVwREVtQ1FWdzNlVTVEdjFRTnZYVG4ydnl2MnhpX1Y1bnlaSDNlZlFUNlRNQkNZcmJ1VlZVbXNveEdRUHA0X24tTW1JY3h0amp5c2gwSzlDazB3bjJkYmxDTmFiNUVEVXYtWHFWLXFWNzZSR0RsVVVoQmJKUElIXzFUM1RyVWVhdG9X?oc=5,,
"Thu, 23 Jul 2026 07:00:00 GMT",Guabiraba,Apac emite alertas vermelhos de chuva e inundação de rio na Mata Sul de Pernambuco - Folha PE,Folha PE,noticia,https://news.google.com/rss/articles/CBMisgFBVV95cUxNS0ZvYnlzTHp2ckVZSnN0Y1E1TGVJZnFONGYzSDJaZE1kenJKc3JfZzNPS1FPSk1SLTk4aWxWa0pma01iSUllV2VYeTExejF4N0F2dEFHNkl4TEhnMmRYTkZEcEFDS2RzZU9QME8wTGU0NUtKMkVUaDVhbWZRUDJrVVFnMHd1M184MzZDZXdDVGJqTzdtczUyQlBJbkRtVGc3UkVWT3FteE93NXpuLU1kQkxR0gG2AUFVX3lxTE1RbXhtNG1pR09DTk01bkR0ZXFMaW1HbE1aTjRvM3RmLXhhelgwUHhiTHM2RjNrM0xpTGlPZld6M2x3NjVCTUI0RklrR0VOU2dOM2NfemxNd3QybjcwS0pZU3dVZFBSMDQzMGk0OG9vVUx1X29pNHgwdExNZGw5enBkamJtTDdiQy04UWNaUGNfNDZPeVJHaDEyVU5pT29VOHBzeWdFSTA0ckVWYlFNTDYyQW5BODdR?oc=5,,
"Tue, 04 Aug 2026 07:00:00 GMT",Imbiribeira,"Av. Mascarenhas de Morais, na Imbiribeira, registra alagamentos nesta terça (4) - Folha PE",Folha PE,noticia,https://news.google.com/rss/articles/CBMisAFBVV95cUxQa2lxbXk0bTgxYWZnMGxZWHU0Q19MbTZaZ1J0LW55c1RONkFidjNmVFZhRUVlSTJuWGw3dnBZS3FwUDRuS2MxNV93VXJoQmV1Q0FfZWhWTkFLbkljSWx2R0Vubi1LOWZvbHN2eXJBenZxUUVaRlAwcEd5U3loZXhoVWNSWWg1Sk5Tb1JUa3hmUmpQX0NCNW40U0RXMGVMQTUxeENWRjRIWkZXWV9vWG1mR9IBtAFBVV95cUxPWllSbndIdEFjQUhNQTNiWVdGTGNpRFhMTFlsdC1UMkNOQ1ZfYjBkc3lxWjRsSFpKZWZ2aUhEcnJENGZPRU1waDJOaklQR3hMSExrLTFjYnNmN3MzWFFFTV9xUnVYZ2FKNk9Ia1FxZ2xGcklWU3M1RFI4cG1lTHp0a00zdV95bXdTeVRLQXR4SXpsWVljb2dLOTdDZ2d3WXV1ODIxem5BeUNlSkRTTkY5d05RZWE?oc=5,,
"Fri, 22 May 2026 07:00:00 GMT",nao_identificado,"Paulista abre cadastro para auxílio estadual de R$ 2,5 mil a famílias atingidas pelas chuvas - paulista.pe.gov.br",paulista.pe.gov.br,noticia,https://news.google.com/rss/articles/CBMiugFBVV95cUxPWEdfTjhlQUNpZHg4MjE0S3AtdnEtU3p4SWFvSnp4VHYxb2IybmZaeVNwT2lxSFdoTElVZ3ZtaFVsdE5VRlVkemVqcXdDQS1uMlQ2dzI2bVNpYVJ6a1dpNXJaZERaQlE1SVp2RnQ5NjJEcW9SOFJmN0FuNG1fWDVFR2UzbW1MUm5aUWxUaGFwU01hSldJYTF0UklJV29WUEl5RlJZcVRjZmF6cDFYMGJTVnlkMGxRNEhZUlE?oc=5,,
"Sun, 03 May 2026 07:00:00 GMT",Beberibe,Chuva deixa 27 cidades em situação de emergência em Pernambuco - G1,G1,noticia,https://news.google.com/rss/articles/CBMivwFBVV95cUxPSUR6Rm1hYnU1Q1hZelN1ejZIRm5ja3p5SHktcmNPcFRELWhYb1ltNDRGcDJnZ01HdEJ4X3p6R1dJY1JIdXZpR3pVSlJGUXRQbGFuZ2dVYXV0ejcyTVczNVdyaTBhd3BXb1RQWlpXTjMyZ252am9JTm5rMFh3b3lBbF9QcTlud0FYVHBzTmI5U2tpQmRjcndkYXVOMkN6QnBFenRvb1pZWHhaakczLXVEOW1aTWVzemE0eU9xVkJfd9IBzgFBVV95cUxOMzNKM2pFY2ZlbGllbTlpWDF6YmtQMXJoVDlTbGMtaXRWMzdZbDFMVHM4WFI3dFF6c0ZaR01wLUExMlpBbDlUVE84aFVYZmFpMW9XX3AzYk01N09DYUpfclFjekhEeDlxLW42cG9ZZUtEYVByRThlZ1ctNlJfWl9mZVo4NWhXQ1dkY3ptSTJLVWpsWGQydmdZYnRNUjRSOWIwdUJuWVpHU21kX05QSU5HLVRRQ21NVHJIY3A0MUNjc19lVVFKOHpXZDhzWnZBZw?oc=5,,
"Sat, 27 Jun 2026 07:00:00 GMT",nao_identificado,Fortes chuvas causam alagamento e interdição de trecho da BR-101 entre Paraíba e Pernambuco - Diario de Pernambuco,Diario de Pernambuco,noticia,https://news.google.com/rss/articles/CBMi-gFBVV95cUxQVzNCOFYwZFc5R01WcTNpVDRMVmE3M0lWcE5TZFhWdnE0MThORzJxQ1VkQ3liSmRsVG1iS2FOVC1aLTVGZWdHVUxmM1RDdUZCMnhwM19TM0JyWTdGQmlyYk1rOW92Z0p3dVBxNHBnNGZabnJzR2w0cnV0TUxiQjF2eHlTbm93S2p6MTA0clc5MXpNRnZhWk1xdFBHdWxfd21YQzY5Yk43SWFCdFlRbG83NXU1Q3dhekFWVDVKVGtQSlpYd3FBTTZ4MGNYVEZ5WE5ha3VKUGhZcXJsVGdBZ2g3RmtqQmpMdklZU2JPd2ZsYm9mOHVZRlRBTHd3?oc=5,,
"Sat, 27 Jun 2026 07:00:00 GMT",Jardim São Paulo,Vídeo: Casa desaba e rios transbordam após fortes chuvas em Pernambuco - Terra,Terra,noticia,https://news.google.com/rss/articles/CBMi-wFBVV95cUxPTV9rTFdiemF6T2NuTlh0cU5pSFROX04xdjBGeGlRQzc1Ync3Y1BxcUI0TzJOV2JwVEdQMDZoT0x0S1N6WHZBVnlJb3RsQ0pyNmluY2V0VGRrR0lGM3NjeDZmUXdjSFpvVDRaNUp4Q0FxOEd5MEF5M2JXUWxiaEJOTUFNWGF2cmlNeXgtcE1QLVdfaHd5ZW9fVTRab0Z4QXlXRmhTcnNOOWtqcXdPb2F3V3oyS0pvSTFzLU9OMkl1TEE4bXphejJrZ0RIcUpsN3VodjJ2LUM0bWlNWXp1TGZYcEZqSzBtMC1JQlJVWnlLMHBBNFVFeU9ZT0lZMA?oc=5,,
"Thu, 23 Jul 2026 07:00:00 GMT",nao_identificado,"Chuvas deixam Pernambuco em situação de atenção, com rios cheios e risco de alagamentos - jc.uol.com.br",jc.uol.com.br,noticia,https://news.google.com/rss/articles/CBMi0AFBVV95cUxOdTd0WWp1eFVzN2NDNDN1a25DMHV5cE84b0JKN0E0bEppRHdHeU5NbkUtb2wwRDJ3R2lhbjAwR21oWDdKekctbk5LdVlmdERKczBRWWtYY0tlQzJzYkd3dVR6TWc3UGtLZ3VHaVRoTmNnSXVSUm5wRDdBRTcyRzNZMl9sOU9sVDR6Z3NtdDRZZFVFOFlJSElxdGxOc0FIVGsycmRkQm1ZTDY3dGpxQmZSeXU2bVhKV2h1M3lCOVRlNWI0emtZeTBwcks4Qm5qOHhr?oc=5,,
"Mon, 29 Jun 2026 07:00:00 GMT",nao_identificado,Chuvas deixam mais de 3 mil fora de casa em Pernambuco - Brasil 247,Brasil 247,noticia,https://news.google.com/rss/articles/CBMilAFBVV95cUxPamY2d0tsZ3hUa3o4cjk2V0dlQVBuUGJRWXdLUWNJNzZ2UThUSjVqczJnWUpfQUE2LU1uZzdNTm8wRTBBVEZTdGNKVnE2NkZoZWdRZDZTN0wxQ1JaOGdkZ0FUZDdMWlpxSUhzQzlOV1d4bFVMSXBrV1A1cHZTandDbzJqSnhDR1ViYjVLOW1aem9Ta1F3?oc=5,,
"Tue, 28 Apr 2026 07:00:00 GMT",nao_identificado,Chuvas causam alagamentos em Caruaru e cidades do Agreste e Zona da Mata de PE; VÍDEO - G1,G1,noticia,https://news.google.com/rss/articles/CBMi5AFBVV95cUxNcWhtVjNMY185UV9JeV8xek8tQlF0Vk5GNnNHLVJibm5hclpTd3dxX2Q4YTlpNHhyNHhLTFdLUVhQSFl4UFpKaXRKRU1LbkpjOC05ZWd2el9oMlh2aGRQQ1dJV2lYdDMtbzlJXzIxdTd0TXY3bF81MFd5WTNSb3pib1hSTVpTdTNlMTZXY2tvTmNDWlpFQ2pobldWT1N0WThua2piNjV0WExZSGtCdWN0TlFzbk9DQzk1UHJzNkttMFo0a21MWUVqeTZaT3Y5U3dVNV9WaWFqandZTXZzM3ZDN2Z3cETSAfMBQVVfeXFMTThlZDlwWDZNODUzZkRLRVFtYm93OUxkam9CN0dwX3VqY2dTVWUxQm05MzRiNU9QTUdfUXhuU0p4bWJ0RVZPcG1tWGJMRmxwMko3X0JaRXFGVkhEY1JSTEFqdjRGNTZ5WFR6T1Fia3ZDenlPY3lBS2xhc1E0bTBOZFhxY3hObDI3ZTg3ODRiY09rWXFVem4xRUN1ajV6QkxXZlZycGI4R1Y4dGhmc3BwNFZxb2xyVEJmdmN5VnFtOUFKcUlsTGRDQmFFcWxJcGViU0ZnY3pVd0t1QlFwcXptSThtQVBlMDdjUVhxVXBmTmZXLW4w?oc=5,,
"Mon, 29 Jun 2026 07:00:00 GMT",nao_identificado,Enchentes deixam mais de 3.000 pessoas fora de casa em Pernambuco - Notícias ao Minuto Brasil,Notícias ao Minuto Brasil,noticia,https://news.google.com/rss/articles/CBMitgFBVV95cUxQRkN6MENQQzVfc1RtckViYW9yM2lPbjZPZnkzWXc1X1VoZmxuOVc3ZW9OaWc4MjhjQUlGUk5rSFdFYUk5V2ZQSmQ5dDIwMWVJUk5tMFpuU0JCSjNES2stUTM2ZWZCX2pyRmN6VFkxXzNRVEZvXzBvMGkza0tmSDJDbmN1UkE2RmJXVUVNeGlmSEljVEJLTXplSEtvcDZWeFFvblZMdV9lN3M4SHNpVm1tQ1A4ZFFwQQ?oc=5,,
"Mon, 24 Aug 2026 07:00:00 GMT",nao_identificado,Ivan Moraes propõe uso de recursos federais para enfrentar alagamentos em Pernambuco - Diario de Pernambuco,Diario de Pernambuco,noticia,https://news.google.com/rss/articles/CBMi6AFBVV95cUxOXzdON2JScWo4aS1LRzNnY01WVGxRUEhOQW9URVExMVpMNzZfeHlnbzhtVzVHVkV3VjBZNVlTRGtzWFVuTnVjNEhQVDNSeEJyZzMwbHpJSjRXcEF4QS1VUHBxVEFUUk5vNzlnazBlYll5dEQxWUV5OFpsZHpBS2dTdjFwOXBONkc2Y3ZDZlpQNE1sVnpiakRKT29fUnFlVjd0VVhuaTQteTUwenlxUGRlU3c3U1Bib1dxQ0dEcklJMFF6VFNrSVdtVXh2OXdWVU9xRWlEa0k4Mlh5V3pHY1RnOE15eHRFdDhE?oc=5,,
"Tue, 05 May 2026 07:00:00 GMT",nao_identificado,"Chuvas em Pernambuco: governo libera R$ 1,2 milhão para cidades em situação de emergência - G1",G1,noticia,https://news.google.com/rss/articles/CBMiuwFBVV95cUxQWm9wNHpObF9wNXdrT1BzOFBXemstZEpkM2owZXJ4TElMX2xpUmF0U1l1dkozRVliX0xfaVl3SzRJaUdRMTBIcVVuUWsxV1l5YVY3QUtjcklMNlBwLU1vQUJXVExzUFRpSENWTVNvWTNoMk1GVnBNNEk3dy1YNDJFYXZSemVXeW9KYUx1eWt3VHRRSVVXOGNQdTIxUEY1VkpvYlRDcTBGTVdVSDAtbXBmSnByQngyaEphYkNr0gHKAUFVX3lxTE44Zk8ycUxEdm9NWTRwc185VDUxWHlCYkpreXcxUUFYQWpGS2FJTTI3R1hPUnltejhrRHlpdENTdlZlUVJmR19IN2RCNHZTRnR3TlR2aW8wVGxRRUE3TWM0ZzkwZzBiRmFqVWhWeGdkRkJUMzVHQlJORXZEZFdLaHBIcWVOWWg0WG41WVJFbFk0eno1dFNQR0hUWWVIek5Fci0teVZJblpHUjRLRFJVTXUySno1Yy00NURIbnkwWmlNR1pST0Rsa0NDWkE?oc=5,,
"Thu, 23 Jul 2026 07:00:00 GMT",Guabiraba,Rios em Pernambuco entram em cota de alerta; Apac emite avisos com possibilidade de inundação - Folha PE,Folha PE,noticia,https://news.google.com/rss/articles/CBMirgFBVV95cUxPejFybVZsT2lqY0xJeHMzN3ZCSkk2ZkxfQ3k2eE1VU2JNUnNXYXVHdHFNNUxyNm5JWEVyYlZibHdUOW1SS3I0aFh3WktDYjVuWDJtR3BXa21Gc00tcFo0aG9KOW9FYnYtTktLRHktTUtzV2lzdzYtMjJYWnpCbWRjcmMyZjdCYi1PakxjRHNBQUxSSTZoc1ZjRUF5MWZiNVFBWDZ2c1hlX0lOb2hGN0HSAbIBQVVfeXFMTXJ2dTRrcmV1bnY4cGpxMHFuMzk2R1ZHWEszelFrZl92aEptZGwxQUp2RlBmNERJVG5LRm5hQ0ZVb0JtVXNObHVib1gwekVrLUVoTVYyUEdaaGVma29uU0ViQUY1bGlwMU5EekI0clVCYlA2MDd3Q1doX3Q5Ym94WVptSl9sT2h1dUVQbTU0YTRIb3A0Q2hYOWNYNVEzRUJNUzJZSWRNc3pDc0tDaE1CYklRdw?oc=5,,
"Sat, 02 May 2026 07:00:00 GMT",nao_identificado,"Bairro da Muribeca, em Jaboatão dos Guararapes, ficou alagado - G1",G1,noticia,https://news.google.com/rss/articles/CBMitgFBVV95cUxNYVo0MjZrSzZZM19fSFV2bFNoMjEzYUdwVWZWdEk1aE1CMzMwdldYUHZEdkExYk14Y1NEZjB4aldMbzlWWG9IYmJOWU8xdmtrSlMtWDc3a0pxM210LW5IWDdGTTI0ajBBenk4cllJZC1uUDR2WkliTWV2NzVYTUdOQ3RQalF4MEJjb3FMeXlFSV82MjdTVG5vMVhYZ0ZNU2dkQkZra280Zml2N2hXaGFMNEpnLXZTd9IBxAFBVV95cUxNbHdXb1Z6SlBSOFVLb1ZxSXZac2J2SVMyUVBRNGpsYUhxLWlhU2xJeHl6WGN5dkNMeTFwNm1RNU9sLUtWNlU4bnpxLVV0blpNdjFLNGl4MFBTdlctMnRmSHB1b0d3Tkx6UHBHcVZublNsR0tGenZTdU5mem5QQ0RSZFgzZkJTQU0xSy12S0J0VDVnalQ0X0x3cjlNUlhMX0JjMlVOZTBHWmpWQTlvcDR6NF9qS0hDcnRXeXJvU1RENXk4b2U4?oc=5,,
"Fri, 01 May 2026 07:00:00 GMT",Passarinho,Chuvas: condutores tentam passar em áreas de alagamento em Olinda; vídeo mostra idoso em risco - Folha PE,Folha PE,noticia,https://news.google.com/rss/articles/CBMirAFBVV95cUxORF9WODVkdGJOWWp6MWRqczB6NkhHN0ZmUzM3V1Rrb05XVVN3NzVMQml0ZEIxUWNndWtGZ3dnV1NUb0FMdUVnak1veVJxbVdIN1dlSWRIWk5GVUVrbDlRVnBOU0EzbEU3VHdkU1A1SnAydUZfQnBlX3pWMEdsQnlFVDBaM3dDbjZicGVYNkQwZ1BXdVlUckVmaXlQRFVJcVlReF9EaTFTV0pZSWhX0gGwAUFVX3lxTE1TUXhPbnNyY29qRl8zNUNvRkFTM0VPazdkeXJKRDY2WTU2Mlo5NTJPY2x6ay1IVUdpVjEyc3A5WGpLelZOQVFma1h5d0UzSURaeWplaXZ3bGxxMXI1LXV2QUlGQVZ5VW9UMEsyclRwRU91S0FRV1hsemxidXJhSVFvbkM1cHNNMlpNYjBUMG9JQW9XSUxwcjZNZ3ZaVkMzeGYydzZqam9LM3RaTWZISUpN?oc=5,,
"Mon, 04 May 2026 07:00:00 GMT",nao_identificado,"'Cidades cresceram e não se prepararam', diz especialista sobre alagamentos em municípios da PB após chuvas intensas - G1",G1,noticia,https://news.google.com/rss/articles/CBMiygFBVV95cUxOZVJfU2Z4ZDBJekhwUnprc2V3TmtFVXNLRE5IaU9qNWNPYVNhMS1VUkN5bF9UNFZtUmdzbW9GZFdFNlZQQi10U1pMQy04X29zb0djUDVUVjIyYzJSYndkMUNRRTNfQjlNYVAtN1dXb1hRUWZBUUVPSEpYbU5ORWFWYzVaSlVuNG5MdEM5elRuR1Bpb3cxNHdLWXd2N2JMNVhPblcyMFQxMmNZZUtVMWwxVm9FNlNMUHc5ckRZcEg2VVJlMFZuX203aHRn0gHYAUFVX3lxTE93ZDZlYnk0N3pVUV95LTJXOUVuZ3U2emxPTlMzTnlURkc1akl5ZV9wbWlmakttUEhxaDUwUTQ0b0NJb2xBTWMyOFlhSVpjV0dtcUZNSXZ2TjBpREtuLTN2LXhzV09kSTI3UjNyUFlmbEFTWElsOTdkQS12bjN4QnZrbVVZaE9VVmN0eG1rYk53Z3AtMTFYQVE4Wkd1ZjJGbE1QVnlJRU5yOFpDVGFkMExkRVN5M01kQjBrVVBYY1lOZk04TGlzUVdFSmhRLW9tbnEzalZFZm40WQ?oc=5,,
"Sun, 28 Jun 2026 07:00:00 GMT",nao_identificado,Enchentes escancaram desigualdade climática nas periferias brasileiras - Alma Preta Jornalismo,Alma Preta Jornalismo,noticia,https://news.google.com/rss/articles/CBMinwFBVV95cUxQek9ZR1hPRlhWX0lYMHJ4THN1ejltUmZzRnM2ZThIb0N1UlRxWnNNYUltMVR5VXhBVDJHZjFHQUVOdFZEY2I2Y3BWT2FtUXgwclZ0OWRCWE14MlRZTEFLX0ltOGxNLThtakp6dmNhc3J1WkgwN1ZXanpIV1hWc0NraGtCQXZuMmo0MVBmN005U2hGdnpGMmRBOU43QTNmRkk?oc=5,,
"Mon, 04 May 2026 07:00:00 GMT",nao_identificado,Alagamentos deixam moradores de Goiana com prejuízos após fim de semana de chuva - G1,G1,noticia,https://news.google.com/rss/articles/CBMi4AFBVV95cUxPOTY5djZucGlPVFJVa3lVZ2FBNGZhQmJtbFpVMjN5ZTcxSFhGaHdSbTJMSU1rNlN2clpWUENuOVBLaHd6UU1Bbm96SHp0X1VzM1ZMNmhDU1pWV3FwM1BmNEpVNTcxbTlOTVZiNkdoZTNrNjMwRjdFbEV6cFoyRFA1UjMycGlTenBYTHFQQzA5OFNFZWlyN2JKVlhoQWE2ZU5fTlZvU2YxVHlXNTM4OW1VcXJfOXU0T09FWjRsWDktZWVTU2FZZmV0MzlFVnFzM0RISUk2YjlReU5veVNSWHhkSdIB7wFBVV95cUxNa0dYY0szT0dPdVlJcWFES1JCZDJ3OWFIM2Z4dnhodDJxaWxCNUVYWGZRR0NqNDFpVERKQVBiZ1VQeXVrTWJJYl9Ecmx6XzVxX1Y0SGNtOFpZRU94ak1YUHItS05xaE41aHo2Qzg4MzVSSHRUdDExTHRxa3JuR0FSbDgwWjNBd3lCM0lmR2RWQ3hibFlHdkI2eGIybjc2QV9tUkNrVWFoUjFXS3h4VHpacG5KMmhsYmRWcnFzcTdZUkxuNW5aOVBPUG9BOVdZdWwwbk5mZnFuNkFBdEl4X1c0QU5tQVNHNnFMQTVjUU5Zbw?oc=5,,
"Sat, 27 Jun 2026 07:00:00 GMT",nao_identificado,Trecho da BR-101 entre Pernambuco e Paraíba é interditado após alagamentos causados pelas chuvas - Blog do Magno,Blog do Magno,noticia,https://news.google.com/rss/articles/CBMiwgFBVV95cUxPUTVVeG9mWDE4anFpSkVoOGZidEs2UWdBWVN1eFVsMTJqcWZNWFFMdzFRS2M0REpaTE4wWElmNjVQdEtfNmY1bVRseUJFdTMzc2dXUDBIS0szdVE4QnlqQ1R0eHFlaFFFRy1PeDI4UG1CUHl3blRWY1pkaXFaaE5nSUI2aG9jdWd4Uk5BWUVROUdSU2VnWEdDTTdRQmZ6cU9iNWE1YUFIRnZzNXF6dVJwTVdCekppSmp3NVNxb0xRbkNRdw?oc=5,,
"Mon, 04 May 2026 07:00:00 GMT",nao_identificado,Chuvas deixam mais de 7 mil pessoas desabrigadas em Pernambuco - Alma Preta Jornalismo,Alma Preta Jornalismo,noticia,https://news.google.com/rss/articles/CBMie0FVX3lxTE5OS3lhWmg4VFZiUkxZdXhaTjg5eXp0bXVZNUF5QTNFbTZ5NGFCRkk4WUFacW1BLUQ5S1Btbl9fSEcwbW9jRjlmTnpyQ2toc0d4ai1MX2FocG9BV21fQ2JMZEZtSjBsaTQwekZYT2MwTUNyNlhDUUFiSmEtUQ?oc=5,,
"Fri, 05 Jun 2026 07:00:00 GMT",Boa Viagem,Alerta de chuvas coloca 35 municípios do interior de Pernambuco em estado de atenção - cbnrecife.com,cbnrecife.com,noticia,https://news.google.com/rss/articles/CBMivwFBVV95cUxPWmZpendYWXBnZ19ZRkdvVUdydjJiaWRtcVpkT3BnWWUwS3M5RmcwTXZ3VGpsMVV1ZFZzVHdNblVMdU9lSTFsNHRaQ3A3ekdjTGsxQVNsRkZBLWNkLW9EM0JWSTlBR2VnU3FlMV9fZUZtaDZhdk04QjgyQ2l1OF9ocDd5bGpwZDZwN255d0lucGRrUnJuUTdWaF9qXzFERUVnMm1hMUpOZlluMDdZVUxSQUo4dENuRXFycHFRSjBGYw?oc=5,,
"Tue, 05 May 2026 07:00:00 GMT",Curado,"Número de desabrigados e desalojados após chuvas em Pernambuco volta a subir e chega a 2.882, diz governo - G1",G1,noticia,https://news.google.com/rss/articles/CBMi1gFBVV95cUxPNzlLSEx5Q2JtSXZWVWJQY3M5T2VpQnczUU1CQnEzRjRORU5nSW1yUjMyaTNGdzFydXV1TGVodVc1aVFDNi15S2NUMkdqNHJpVklaSG1aRDdiQzNrb0FFREJiU1hkLWNjOGxpU2ZQUXRJZkhoaGswZ0tWNm5XbzdPRnM0QTdUZmdiTkpqU3lPcDJ1Mmw5QmRjTUFxb2Rxcl9lNUc3OURRSWxra3BBR201dnlOaXZVeWI4R1pCVVo4eDJxTjAzSUZ4aU9mV3R2a2gyY2hHaTJ30gHkAUFVX3lxTFB3TmVMZld2YjlCMjdMTFR6dHZOeF8wSEhCbVZURjVFS2dZRWVIcWVVcFJ2YUhqS0xSNE1oNVZyTFgtSlhUSWxqT1VQUnp6eUR3T05hRjc2NGZJQldDS0NFTTI1bDZEcVBscVFfMk95NU1kaXZjbHl1X09EQ0pzSmJtdEpUWTBKeUJMUGV0YWNoZG5KZkJrVTRiRmhpanJrZjRXamtVNlF2akc5N1B6SnhvYTI1YURUamJVOEZuQ3lrYml5NHVaY0hyVG92N0NFWjlNd3BqNWZUTVRtaFNHc3plcXpsUw?oc=5,,
"Tue, 18 Aug 2026 07:00:00 GMT",nao_identificado,Chuvas em Pernambuco: Apac renova estado de atenção para chuvas e amplia alerta para Grande Recife e Agreste - jc.uol.com.br,jc.uol.com.br,noticia,https://news.google.com/rss/articles/CBMiwgFBVV95cUxPSThUa0hUajlhTUxHLW1kenZtZWZlR1RnR0FJdTBlUHpWdjktRzdNODdqSFI1OFJOWFUzRmJoSWlFN0RrTGU0ZFFrZkhQZUF4V3BkRHpQeVJRM0t5Rk1VWkxBY216aXRuU0dWeUxxUmJCNXlRMjZRb1dKc3J4aktJYkpKRkxIUWdmMU91RDFGaWExUGdmbGFRSVZIYmE0MkljTk9hME9yc3JERTQ4Y0dwa2xvb091bUZ4UU1rZjdyM3Nqdw?oc=5,,
"Mon, 04 May 2026 07:00:00 GMT",nao_identificado,Chuvas fortes deixam mortos e milhares de desabrigados no Nordeste e no Sul - vermelho.org.br,vermelho.org.br,noticia,https://news.google.com/rss/articles/CBMisAFBVV95cUxQQXhuTkFNTWlZcmxGdjJmOGQ4M2tuM21aTExTaXFmd1E3QnBIWGpQR3RvTzVycHpJNW83LXVLVlg2U0NVSldNTGNhMmFDRDdtaFVNSXBzVDRIdHhzTnpiaEd2Q09DNnRGUWx6U09maDZtUndGd25rQmVpREFCVWZIalV2TVNUT0J5NmdSemR4QzJldWhxSDNPUlZVbXdldFVsZUloV28wZG9Jb0hjTEtmRA?oc=5,,
"Sat, 02 May 2026 07:00:00 GMT",Dois Unidos,Sobe para cinco o número de mortos durante temporal em Pernambuco - CBN,CBN,noticia,https://news.google.com/rss/articles/CBMivwFBVV95cUxNd2U5SjZXNzFVVGxvSnRGSkVheFJjekIxRElKM050OENHRUJNUTBBbzBXZks2SUxjMk1DVWhYeDFHZkpKNlZ1TlZTdFJBTlRJMGFrdV8yV1BIMFlfOEFrS3lnOFkwc2xPeWxKZ2FnMF8tTzRBX2gwcUJDeFlIVkFrT2NuMzVZanBkQlhYLUhaUERNbUNIcC1sWjkxdFFTMGNndUhJU3FxZ2ZnMjFza19kZHByMld1UERheHVlS0ZLY9IBzgFBVV95cUxOcHNiRy0tZmYxWmtwQmhvcU9iYWtpTXBxSzNvLXAyMzZ0MFZ3UTd6anE3TEk5UHZEbmJDMUlHa1NQOFJCOWJPOHdFbTZta3JjTzFFX2J4NWVoQ1hzaGlkbzIyTERldmZ3aHVrTDhOUzhzUGdWTVJjaHBhYlJQLVJmVThBek9HR0hsV1ZEaldhU3VrWWFhcTZheVdJMDVqbVhVc1ZlMF9WTjZSZmtTUk95NlViTEJoMTgtUzBDTEgtNTNkaXN6bFdsa19xSmlMQQ?oc=5,,
"Sat, 27 Jun 2026 07:00:00 GMT",nao_identificado,Rompimento de barragem provoca alagamento e interdita trecho da BR-101 entre Paraíba e Pernambuco - O POVO PB,O POVO PB,noticia,https://news.google.com/rss/articles/CBMiwwFBVV95cUxQSzFGejVsc2lPR0lpc0xCSWM4TFhNZkhoUDl1ZGFabmVHLUxfVFM2Y0lIUlUtazZYZVp1eHI5T2JpdkVXY1pscVFGXzNjc21MNlhqV3Qta3plb1NyQ0RRRHpkYkZybk5VWlZHZVBiU25ldV9oaEU0VWFrakMwd1FPQTQyZ2V6dktRVGpIdG9feFJZcVNkM3UzR2FxSGlfdmhwb1FWZjlfQl9scDJiQ0FLZnZWNGtkeHg0SFRlVVlERlRudkk?oc=5,,
"Mon, 04 May 2026 07:00:00 GMT",nao_identificado,Inmet emite alertas de chuvas intensas em Pernambuco até quinta (7); confira - Folha PE,Folha PE,noticia,https://news.google.com/rss/articles/CBMirgFBVV95cUxQMGRiSmJzcEVVcjYzSFFsZTJaOC1lcWZzT1Zncm9SWS1NNEVNSmNsMGNWWk9WNU9NSTF6MC1aMEhybmk0VjA3UXp2NGxUQ1BqSFhKSXlYejV4RmlVRVdsNGF3MDY3bmY2VktvQWhkQm1TNVVVMWdSM2lVcmxQQlU2ZkRmc0RoSFA4aUNYNWdiMHFxSjhUM3Y1bGNWWjA2d2NaTU1yVkNQYVJJdkprTHfSAbIBQVVfeXFMT2NLenkwNHZlbGpMMzZQVjlaTnNMYWtpbnJkS2Jnd1A3bVZRdmt6SW9lb2pQZC11WEQxb0oxYzNvaXNpZjVYc1NjQ002bEszUm9ZNzdJajE1VzFKRkM5RzBORGxHVkdQN05UVUtaQUhTUHBtdUNGR0V6VmhxOVFMVm1YVXF5VHF0d0RzVlZKRFhRMF9OUDlIQ2Z4SzNUZmtHUUN5M2JiRnVtc094NnBHajJSQQ?oc=5,,
"Tue, 04 Aug 2026 07:00:00 GMT",nao_identificado,Apac: veja onde mais choveu em Pernambuco nas últimas 24 horas - Diario de Pernambuco,Diario de Pernambuco,noticia,https://news.google.com/rss/articles/CBMizgFBVV95cUxONFZuYUdpZ1hpR2pDLXRmNmNjSFpYWWhReVZzalJkZ01xZElnN0F1WE5xY2JYamwtSXNpVzRaYnRqQzdsNzhEY0FjWGpxV255RDlYbDZGVFVXcXBjMGxFMUI1UEo3emhsblFXZ2RZQWFtU01WaXEzZkpmWTRHY1BnZXBESmNYV1E0OVc3V1J1YzhXeXc2ZTRDVW9OeldYdjBWalBZUVh4QmlMQUVSR0lxR0JhZWQ5LUpHNFBCZlJkZUhjcmY2ek12NUVuWW11UQ?oc=5,,
"Tue, 12 May 2026 07:00:00 GMT",nao_identificado,Inmet emite novo alerta de perigo para áreas de Pernambuco que já foram afetadas por chuvas - VEJA,VEJA,noticia,https://news.google.com/rss/articles/CBMiwwFBVV95cUxQTVhDZVRwR2tXTTM4U0oxcXk4RzRwQzB3Y3psbl9kUXJEUUhtN2NSWVVyN3RXNVZJbDc3Ykc1SU9VWFFDLTRfX1lzXzIwa0tWUzFfQ2NVNVN3aVJNZW5kOWswdU9YTTRsSnBmX1ZjX2RKdm5kMXRyX0dtSXVFSEc4MGlWcXZfbTk5ZTd6aTBVS2dlbXkyZ21QTXFsVkE4aDB2SVdMNTRWaE5wWEpBeWZ0dVIxZlRhYjVPblJ6NmlmV3VjbWs?oc=5,,
"Tue, 05 May 2026 07:00:00 GMT",nao_identificado,Chuvas em Pernambuco: estudante cria sistema com IA para antecipar riscos e emitir alertas em tempo real - jc.uol.com.br,jc.uol.com.br,noticia,https://news.google.com/rss/articles/CBMi-AFBVV95cUxQTjlBQmhlX2RDaHJwRV9Hd01OYlhjT2Y2dFdfOGtOYmxzR013SXZVYmI4MmhTdmVXZnFUSW1KOVFxVlJtOTd1ZzVHaWZMTFVnR25IU3Y3MDFDTGFDUWtYNDR0UHU1Vng2Z3owZ0NQYnQ2bk5ReWloZjFZcDFORU5fcU4wRUZELUVtVl9PS3RzUllDcVFDNjUwZm5tV3ZUNjBxbUxnRzM3a2tjT2ItNzZ1U3JpMGZ0MGR4TlhXOFpRQkFHVGhjbFdMTksybTZrZnpWZ3BiNjhON29qbEpyRnlMZWI5Q0tKVkphYWtZdF9EZTJCRnZtMkQ1ag?oc=5,,
"Mon, 04 May 2026 07:00:00 GMT",nao_identificado,"Emergência por chuvas em Pernambuco não é desastre natural, mas político, diz ativista - Brasil de Fato",Brasil de Fato,noticia,https://news.google.com/rss/articles/CBMixwFBVV95cUxPYUNZdTdCNEpYNnUyX0RxMl9YX3FYVkNBaFBCdnY2bE52OTUyT1dyUkhhYVlYYTZ0SDMwSGg3em1rU0xQWHZ6ZlJOWnk0SWhaaXpldnVVRVdxSGlMNHdSV0U0TUpRdWJpQnlGelpNX1pPRm9MOFQ3bFREdlpsWHRWSzhMNms5WHBNajNxbTVFR0trUTZRbWphNnJ4QUMzNUhIejNsZ0hBNm9abFhXeUtLWTJ5ZzBFNi1VaEUwNHBwaTNnLXdPTDJr?oc=5,,
"Mon, 22 Jun 2026 07:00:00 GMT",nao_identificado,Por que as tragédias provocadas pelas chuvas continuam se repetindo em Pernambuco? - LeiaJá,LeiaJá,noticia,https://news.google.com/rss/articles/CBMiwwFBVV95cUxOeFlWMExsRzRMMjZQMEExMndCM3VyNE4xbTA2TU4ydU1sY2prVmlRVzBwTGhaSmlaaXlZQlFNQVhRT21MXzdQLWxHSnh2ZkItdUhMblcwaHU3RWs1UkhOTUJ0M0t3a2VSOW5vRFJ5Z1ZaX1dPMFVrX2phQndQTU9IOTdpQXhBZkROUkxZY2VqTXlFMGt0UVc5b2tZRUVzTkxMUm8yQTg4UkZCbHhCQ3hVZ1VUQUlEVzVRRHc3NnNsOEhNeVU?oc=5,,
"Sat, 27 Jun 2026 07:00:00 GMT",Guabiraba,Chuvas causam alagamentos enquanto APAC registra rios em cotas de inundação e alerta em Pernambuco - Blog do Magno,Blog do Magno,noticia,https://news.google.com/rss/articles/CBMivwFBVV95cUxNZmhzMlR5aUd1WjBGTHluR1UzeGU3RXZRTzFsc0NaTWUzVnE2amdNVUVrRWNmbGw2d253NUJuM1pPVFpBak1MQ0xKSHdBSFhtQkFJazBfTWxMcjhvWWZnRDJJSEYzM1N6S244YmhpSTgyQlAyMFhMYlZJNmwzSjdIdzlyaXEteVUwOFdaMVlqOTBpMVVYQXVRaXRqTlp6ckdxQ2JMVk5FUFNUS1NEaWwzazNwaWRTb05oTHpSYWU1bw?oc=5,,
"Fri, 15 May 2026 07:00:00 GMT",nao_identificado,"Indenizações de seguros residenciais têm alta de 296,2% em Pernambuco - Diario de Pernambuco",Diario de Pernambuco,noticia,https://news.google.com/rss/articles/CBMi0gFBVV95cUxORjkxV0UwWjZlVGQ4cFdTd0xfeGxlYktWekZxaFV1cmk1UlBfSnpoeDhsQTJUVTVmWGtHci0wZUd2Zjc3VW9FLWFLcGdTVU9hRFhwa3NicThlaUxLUHRIMjdHUnNScEZrSG4xbFhETU1VS1kzZnYtbHVnLTB2dWJhOVdfSklzYW5zLXBkZUJKeGFIUFo1aEpOOGo3bDBxdXpXT3pyUnJ5ZHBxQWNPU0s4ZkExTmgtd095ak11NDF0WHZDWURaR3ZTb0ZCcGhvRzBTU2c?oc=5,,
"Thu, 07 May 2026 07:00:00 GMT",Boa Viagem,Governo de Pernambuco mapeia obstruções em rios para reduzir impactos de enchentes - cbnrecife.com,cbnrecife.com,noticia,https://news.google.com/rss/articles/CBMivAFBVV95cUxOX21wbzF3SG1GR1IxN1p2SVFra0Jiem9tb1Jwb0NwMGxZM2R0UHhPQzUxSGZReDJUQW5FTUlFdVNURGRLTmFnUVZWN2x4LWRwWmxNVDN1ak50TzRTbW5KMWNESFJwcFFvclBIS1d6ellNdkZvYnFnV0hfZVI2WHNsdFNDV2xaWEp5ZlFzdnJwVEozYkpYWHpLc0c0eGZmbkJRTVdvNHdfRTdUcE1td0J1R1dtRms3VWNHa1ZKbQ?oc=5,,
"Tue, 30 Jun 2026 07:00:00 GMT",nao_identificado,"Temporais causam estragos no RS, na Paraíba e em Pernambuco - Instituto Humanitas Unisinos - IHU",Instituto Humanitas Unisinos - IHU,noticia,https://news.google.com/rss/articles/CBMiogFBVV95cUxOWkk1WFRnb0Z1YTRFR0NIcDVPbi1rS2N1eXhrVWhMVjJSSlVxZjNPQ3dKU1Awd1cwNEFtdmVOQ3hqa1RqVlQwX3pneFRmUDZ0QmZ1VGhDcEhGQlNIcjl4TWtLc1pic1JFbVZMeDZrc19KRVVzbjk0X3kyYVY2bktpMzFwZFVBQmZjZmh3dFItS01mRmdRTkhwYTdjc0doSmJTN3c?oc=5,,
"Sat, 02 May 2026 07:00:00 GMT",nao_identificado,Inmet emite alerta após chuvas desabrigarem mais de 2 mil no Nordeste; 6 morreram - InfoMoney,InfoMoney,noticia,https://news.google.com/rss/articles/CBMiuAFBVV95cUxOWFpjbzZuRFpCRHp1THlNT0NOT0U5bDEwNGtKYzZLMGpXZUtYN29jc0c1RUhsUXBSVk94Y0hjRVdtaURfeVVJN1FDdmdLS2xRSWZhMHg1TzNFUC03ODlZUlk0ekhKNERKSWFfMzVnN04tUU01aVFONGlQVEpqU2VWMXpTM2hBNVZwSml5Sk5PWnVfTUZNallQcVRpWVlfZmFCbkt0dnhsR0hEcTRKaUc0U1RzdGx1VHB40gG-AUFVX3lxTFByOTlqM3VIU1drVUduN2FyQVlQTTgxX09mWF9URGZMY3ladnNEVnowYmNUN0dTVE5zTmdhWHdVblhObTRUUmg2S2VwT1hQZ3R1T3RjNm9GNFpyb2tQNVUtMzFCd3hCUTRKM2tkRlpsRS04NUl3cjU5TE1JanhDS2dhMFVSby1OSVN2ZFVSRzZ1d09CZnZrTDZscVgtV1d3ekRXX0ZxZEhtWm5hSUhNcnAyUnhyd0ZSQTR5NFdaM2c?oc=5,,
"Sat, 02 May 2026 07:00:00 GMT",nao_identificado,Chuvas deixam rastro de alagamento na cidade de Rio Tinto (PB) - G1,G1,noticia,https://news.google.com/rss/articles/CBMiwwFBVV95cUxOVjNpR2tjOXhsQ3lwS1FyVFpQS3QzT1ZtTElEOWNQMDdoN1dKa2Vsc3NuZF9ZMHlwbnk1T095QldvWXRhalg5QkVOalZfSk12SXJLZzFubGFOZ2szdkRXeW5WQUd4UTFoSng0dGFYbVNZT1hBZmpGN0lWT0o5X1dScS1BRUtPMndsc3J6aXNHbXNOY21fcDdYQ25mdWtidy02NjF0bzhldExQUDE4RDFmS21YUjYwWF9XaXF1TkxEWTZYUXPSAdIBQVVfeXFMTlZmZWpJNXg1bHdrZGJuQ2Etb3hGNGJBRzFpbHh1dGpBU01JU054MEJ0NDM5aTNuVmRhRFhtOXZzTGh1aFJpeG1jVTNuUlB5eEN5QlNTSlRnN3VHZDBPVGdTMjJLdXJHd2dRRkhOOW5hc2RRRFRtSy1zaVVIQXEwWElYaG02YmtqSHhaSmtrTy1PRHRaY082cHY3NDFhSlFXVEJaa0hjMVoxR21rVWhnQnNIX2JKY2NvRTl3blI5aHBJUXpFdjBDdEhZal9wR2hNWmtn?oc=5,,
"Wed, 06 May 2026 07:00:00 GMT",nao_identificado,Chuvas em Pernambuco causam alagamentos e deixam milhares de desabrigados - R7,R7,noticia,https://news.google.com/rss/articles/CBMiwAFBVV95cUxOQTFjZGZwdjdTZURldWtybWJMR0tDRGMxNEo1Yk9hekRkMERLdFJTbHZGaFhtU3dDamZTQXRwUTJ0U0lBVl9EN1c5VGRWOU1CeGVmVEZZbm92b2hPRk02VE9UelRWSHhyWnREMkVYUU1YS2wzcWhQQW5ZSDB1b1UySkFIQ2JlUEVOdzR4RTA5WnNIb0hCOFVMbTdoY1cyaVBweS1ZOW50XzJJeHVpRzNYdmktYml3Wm9NYktMVncwc0U?oc=5,,
"Fri, 01 May 2026 07:00:00 GMT",Dois Unidos,"Bebê, criança e mais duas pessoas morrem após fortes chuvas em Pernambuco - Terra",Terra,noticia,https://news.google.com/rss/articles/CBMi-wFBVV95cUxQYXRHakM0bmU1SGlXVG15emZNRGMtVGZZRF9IZjhPeFNWdHNuUi13U3lCZjRmQWJ3ci1tVGl3bnZMakF0eEZFYURpX0JfemVlX2M1WE9uU1VMRlhIdm9JTFl0TkhfdmoycEx6bE54ZTFQQnVISExZS1R5U2NEM2dlbmN2SFhWeWZ2QldpSHEzSGVwX29UalNTcVhkUU9uUUNBSEJpWWFOdnJ4V1Bld1JyUDd0eDFZYUhETlZWVThSWG1DUW1BSEk4cDRtQ3psM1A0T3c4VVJhS2c5N0I2NU00VlFtVV9qYUZfdDZMMUh1djhGODRyZG1YdFFjRQ?oc=5,,
"Fri, 24 Jul 2026 07:00:00 GMT",nao_identificado,"Inmet alerta para chuvas na RMR, Zona da Mata e Agreste de Pernambuco até este sábado (25) - jc.uol.com.br",jc.uol.com.br,noticia,https://news.google.com/rss/articles/CBMizgFBVV95cUxOUEFUUlZ6Qml0Z3hkdUFFa0FoQ1NieFlrb1lfa0VIakNrRTZCMFctMTVmODdjZHJmMkh1b2FNc2N6NG5rbWZTd0pwVllJbXhfSEdUaVpLOUM4emlEQ3hrUGR4MXZDaHZydGN5Q0Q1bzRCWmdfXzlGT1QyZk9ESDNIQWlwR3lwXzZ5MTNkT29DYjlmeU93U2dTdUZVTU5NcTBSdW9jZ2NJcm9nZ0ZDTzRSbXV3c2NjdWUxbmhjVGxqaUx1WGNySlFPZzdpOHQtUQ?oc=5,,
"Fri, 11 Sep 2026 07:00:00 GMT",Várzea,Recife capacita mulheres da Zona Oeste para situações de desastres climáticos - Blog Cenário,Blog Cenário,noticia,https://news.google.com/rss/articles/CBMitgFBVV95cUxNZWM4WTZFRENGa25MTFVXZnN2SzV5MUU2akZzWGp1OEw1ZjZ0dXdKOXFKcG1rSzFfQm4xQ2tYMGowQ3Q4Y2xzUnZpVGtMQnFrYVNpcDBieFlsZEtXOVZqRm8tNVFvbE9pQUpsZU93TkM1aWhRY1hrNWVnOUZ4NTdtR09zTVItRnE1MkFFZ29ad184bmR0YmVPaDM1NlJ6aDMwN3ptSGxNVE50V01yaktjNUk2bTc5dw?oc=5,,
"Thu, 06 Aug 2026 07:00:00 GMT",Linha do Tiro,Recife protege mais uma área de risco na Linha do Tiro com geomanta - recife.pe.gov.br,recife.pe.gov.br,noticia,https://news.google.com/rss/articles/CBMiuAFBVV95cUxPM3R4RmpDQTNHMFR0cWNMeUl2aTI2TGZlWDVEQXpWSzJ5NnhnRkdrakdYaldESnZvV055WTlqaDlDRXBsc21oVkVwT1pkQVN5amNLTHVTR19MTWg2OU45SUc2U3dLV2MxVlNDSm1NWWp1UVpoMGwzTVVqbmZ2SGtBRVgwMElCdUFnNkxRejZ2Y3dhYzF0ekdacVZNUjdfOXNaWWxMbGpfakFOLUlIbEVhdWJOMVMtYWJj?oc=5,,
"Sun, 19 Jul 2026 07:00:00 GMT",Boa Viagem,"Defesa Civil do Recife notifica donos de imóvel onde laje desabou, na Boa Vista, a apresentar licença de obra - cbnrecife.com",cbnrecife.com,noticia,https://news.google.com/rss/articles/CBMi6AFBVV95cUxQX0ZERzlVUjY1Y1ZiZzA1NEJhWmd0ZlFCWWdLbVRwakdFYTMzeGtoLVJYdUZzalFoRXFDNTFUWjVYa2QtUm9jU3Y1MTJsWUdfSTRjYm5BNUctY0tDNzZIb24tNGF2bmhGRHN0S3JqZS00aDZ1bk5aY195eGpXTGtEMkN4dXJETlVwelQ1eDZycEtUekZoR29RRzhBSkJDR25rRWhiVDd6TjBLX1R1SC1fQmMweFJyUUxRNS1hSWlrVHVYQkZkRjdmVDdiVkIyT2NYTWF0MDFTOTVjQl96c01faXZrVmJJMENP?oc=5,,
"Fri, 01 May 2026 07:00:00 GMT",nao_identificado,"Fortes chuvas deixam quatro mortos em Pernambuco, segundo Defesa Civil - VEJA",VEJA,noticia,https://news.google.com/rss/articles/CBMipgFBVV95cUxORjZCVDhPN0xpN01mVVVLMWpraTVSdG1DVk5tR1h0a0hHeC10bWlwd3I1dEU2amJhMUlna3VEaHotZk9sVk5yMVRyOXFKdlZCTy0yTkNjT3A2ZEppYnVYRmpjWThFdGVEdndSU1VZLXRhT0xfeXJuWV8xQVBXbVVnUzhEenQxemRLWml3NjRJbjBuX25aenFIeUlOVF8tcktUc2RPcmdn?oc=5,,
"Fri, 01 May 2026 07:00:00 GMT",nao_identificado,"Defesa Civil de PE emite alerta ""grave"" de deslizamentos e inundação no Recife e Jaboatão - Terra",Terra,noticia,https://news.google.com/rss/articles/CBMikwJBVV95cUxPVFZ3RjVhYVNTcnFLcjlGS1Fja0ZndEpVbkxQTFBIWlBuWDd2SjBucURBY3FiVEI0ODkya1pXc3B0VlBOUnRMRzRlVTdjUWFPeFdPV0c0TXhGeUZ3N0VSV2xfR1VPaG9fbld1NWFNUnVyN3EzUklGNVktQXNidUZnSUNqQUo0N0hWdUU4QWlOVmNlcFBudGsxblJNdkhsSktvSDhNV0lsT0ZWRkxrZThQQWNDcmY4WUhuZG4zTjlNZU1zQVJXOWplWWVKV1gxMVRfX3g4VG1wMjBOWUVlNC13RmRhTEdSWjZ0Q1JkZUg5amlGbEJTX0ppSGhqVW02b29HSGdmbWtFMzE0NWxqRjMxUDhzMA?oc=5,,
"Mon, 17 Aug 2026 07:00:00 GMT",Cordeiro,"Igreja atingida por incêndio passa por nova vistoria da Defesa Civil no Recife, nesta segunda (17) - Diario de Pernambuco",Diario de Pernambuco,noticia,https://news.google.com/rss/articles/CBMi-wFBVV95cUxOZmxjY1NtM1RZVjh3bDNuVW5OQWczdTVJRnR6T0h1WHN1djRJZFhoQ0xDVWtnS0JDSGY3cmdzeWpCeVptSUJqanJRVVd3bWhJYlU0c0JZSjNhRm15VVYzNXlRSHZEaTFiV1lUUHlURy03LWctVDJmUk9idkhwcHQxQ1BpQzIzbmRncEgwN0x1QVhtbTNHQU9sRk5PZGNudzJiNDl6WG5NZng2cjRvd1B0QWh3MmpjVVFidHlCeXQ4S2gzTXB4bHpaSG93SDJjRlItTmRVTGQtdDB6SlNTZTV5eGdWWl9XVmxqQWo4TWhHS2RmdjdoU2szOFRsTQ?oc=5,,
"Sat, 18 Jul 2026 07:00:00 GMT",nao_identificado,Defesa Civil fez nova vistoria no imóvel que desabou no Recife - G1,G1,noticia,https://news.google.com/rss/articles/CBMivwFBVV95cUxOY1pzZGNRNldKeG00bElNdkVveDZ4T0x4YnpFblJ6eGVLajhIYS1HaW9MYzBMSDYtbU0zUE12ajNlSUVtRjdJaXQ4MW1WMTRuOERtek5HQTR0Z3lOYnFNZnRwaG1aVklnZnFPVjcxOWhMVzFVUTU3dGtXYzFlOG5ScmJ5QTIxeFp6Mm40MHptbFdQalZYLWZSXzNFdWU3UTNjRFNuaDJ5SXdWLWFTZDREUnByczhKN1RXc3lTWUxOWdIBzgFBVV95cUxNMHVjemxELW94Umx6OEhEZkFuLWw2OHIxeDJPaklZMlFqUnBCb1RvSi1WeEQzUk1Pb3FraTFQZWgwaXlLcUJ4TFBrUUJjSEk5Yk05ZnhXQ0t4UXhJcHFaeFExNURuMU9oMG5fbERYdUhhTUhrUm5xNE5sRGs3YklPLUd2U3lFb2FGXzB3UlQ2ME04RGhFV2lVNnhpaTNodkdwUF9iV1NJMnFTUHhpSWtfeGFQZUlqS1dpYUNqSEdNQ2huVldGQmdGZFRNa2Zodw?oc=5,,
"Fri, 01 May 2026 07:00:00 GMT",nao_identificado,Defesa Civil emite alertas de deslizamento e inundação no Recife - Folha PE,Folha PE,noticia,https://news.google.com/rss/articles/CBMirAFBVV95cUxObFhINE9jeDhySVdhZHo0Qmk3OVJkZmJoSUNDOWh1andaMU1QenlRWlJLY0FleHJQd2RySVpLRWI0T05yOXE0LWlaNU5vM3ZRMG1leDRUeVYybDNwTmFNYWw5LUtnNHZzVUpmMHFxdTk5X2dpV0xVN3dSTUh3NXFyaS1uR3dlQXRBRTA4b01Yb3FrZGhrelRNbmFhd1BZdDlrY0NQbmVaNGpRbTdZ0gGwAUFVX3lxTE9FbFBiOVVTV19nMTJScVJ6TzRET1hrZml4U1J5Q2ItME1qSHNYX2lpZ3RfNFd3c2NXSXdqaEdubmNJblhJdHNUdDhUX0RtUGhOaWNvbktKT2ExdGxmb2lGeTJ1bXFlZDVFUTZkRmo2d3VwS19ZTjRKUDZIeDNYQ2QyZ01ybGxQMmw0R2VGano4WXRzeklBLXF0STA0aWx4MEF5YS12YkxST3VLakhRSzlV?oc=5,,
"Fri, 01 May 2026 07:00:00 GMT",nao_identificado,Defesa Civil de Recife e Jaboatão dos Guararapes alertam sobre risco de desabamento - Blog do Ricardo Antunes,Blog do Ricardo Antunes,noticia,https://news.google.com/rss/articles/CBMisAFBVV95cUxPX3JMR1Y0Qm5Cd3E2VjNqYWpqdDVpczV2a1FvbzUySzBrVVBua0Z0cS1VVjdjeFlYMGp1bGVuaDNkWDBJT1VIS3I0RExZNFI1Ni0wVGlOY3JpU0Q0ZVBoNDlyT09RNUY5THRjUTNCRlBieTZvaGtTX0NqRFBBVHJ3Tm9PbWRZbzZzUGc4OGpOTVFiTVBld0dIbHRmeFVkR1FBOWlOWXdDekZvS0xjSmcydw?oc=5,,
"Sun, 28 Jun 2026 07:00:00 GMT",Boa Viagem,Defesa Civil de Pernambuco presta apoio a cidades atingidas pelas chuvas na Zona da Mata - cbnrecife.com,cbnrecife.com,noticia,https://news.google.com/rss/articles/CBMixAFBVV95cUxNM1JCamk3QUpqU0RLTF9RSlB6Rlp2RlgzS3pfWHlzVmRQZFZ0MnpMeV83TFVjR19HeEtWS09meUJYMnVldHc5S05oeFBQc3pyVmFjRjFLbDczSDdnMFA2VDJEdzkweVJXWG5IZ3hIUmNiTW9mckJQOFZFdFc2UlNpY1NNOHU0eEk3cFh0THA1QklLWTB4LVVuc3oxaG8tSWx5Y0lnWkxRTWJuMkR3Y25DY0F1bVA2bVpQem8wQ2lQOFJBdGhK?oc=5,,
"Thu, 23 Apr 2026 07:00:00 GMT",nao_identificado,"Com a previsão de chuvas intensas, Defesa Civil do Recife orienta moradores de locais de risco - Folha PE",Folha PE,noticia,https://news.google.com/rss/articles/CBMifkFVX3lxTE0xSFhJajB2dVJYQUY1VXdpTDVtSmZmUFlyVENHNW1XaFNUWk1pajlJWHF3QmZ5bXdMeTdyOE1kcTJXVUhEa1hTUVdMeGFrMHgzUFMySjZIOXp2S3FlTldFdnk4U3lxRmZ2YnpwOXNlSTB3WWdpN252MzN1d2Myd9IBggFBVV95cUxPR1NCaXpnZ2tSd0xJVnM4T3RtSURaNHh3YWdqWkJJMDkwUXY1Q1JfRTlHMlhhVG1BOGQtX25pb1RPcXBJUXZzTlhFMG9hNnZqZlF6UnpTOWZDNmRNRU5CSU50VTAzbXB6ZWhHaGxzaDV4N1p3UjlYZWZodkN4SjZQQXVn?oc=5,,
"Fri, 19 Jun 2026 07:00:00 GMT",Boa Vista,Teatro Valdemar de Oliveira é classificado como imóvel de alto risco pela Defesa Civil do Recife - Blog do Ricardo Antunes,Blog do Ricardo Antunes,noticia,https://news.google.com/rss/articles/CBMitAFBVV95cUxPSHM1Z2lIc3hMSFVubnY4cUlSRy1BYnZTMDBUWnVMSllCUk54M081TmRMbDFzVlQ1dDhhSlRSZl8tRnBaMDNpQ19pTXJiaWRyYkZlNzlHbDRyOURqbEZ6aDIzQkJ1NEZodzVoMzM4aThQREVNeURqQk9fSUFjZlI3WkJMcnV2Y1ZxYzgyU2lXdFZuQ2RBcHV4LV9iVlg4ZXhwOGxkU1lWN0VsR1pPRFpRa1pJUjI?oc=5,,
"Mon, 25 May 2026 07:00:00 GMT",São José,Defesa Civil interdita 17 imóveis após incêndio que destruiu lojas no Centro do Recife - Diario de Pernambuco,Diario de Pernambuco,noticia,https://news.google.com/rss/articles/CBMi9gFBVV95cUxNclhrREI0TGRFZ29qV21BNXVfaEdQSVhaaEN5X2dVRG5fMkhTOExBSnNWOVdBcDFVbExSZmtPdW9JNWlSdG0tR2xBMFNhU1BGLWhZaC13a0cyMnRMMGF5YlZLZ2RWTklJcVJiZEV6UWpPaUNuajVtSUdaMWNlcFpQOElmZWpreGZqbkJYOFhtRkNTSkxjMlJxNGgtS1NSNC1vY0VhWXlTaWJMY29jSXl0TjRHZ1d5SlU4UTZRbWx1UHRRcS1TVmRrSF9XOWpoQW5IWkN1Z3dZU252NUQwRXpZWkxrZWFpdkplYVV3czdkbTRCY0thdlE?oc=5,,
"Mon, 17 Aug 2026 07:00:00 GMT",Boa Viagem,Defesa Civil realiza nova vistoria em igreja que pegou fogo na Zona Oeste do Recife - cbnrecife.com,cbnrecife.com,noticia,https://news.google.com/rss/articles/CBMivgFBVV95cUxQTDczZGpBbkZ5UDVRbDBMaTBDUFZmR21xSHE0NThCRkxrc21HTzFFZFlCcTI3NGVPbXoxdThLZ1RFQlQzcmx6NmpnR245U1JyYlZ6X0RqaE8zcEZnR3h5Um01TkstajNnb19yZk0ycEs0eUdfZjB5bmxSY2ZtODMwYzRfWWJaWmZuY0VFWV9RLUQzRU5ubWJ0bXBPUGc4V0xicFIzNjhNRHlMcmJOWmViZEdLWW96ei1McUQ4NnFR?oc=5,,
"Fri, 12 Jun 2026 07:00:00 GMT",nao_identificado,Recife envia ao Estado listagem com mais de 9 mil famílias aptas a receber o Auxílio Pernambuco - recife.pe.gov.br,recife.pe.gov.br,noticia,https://news.google.com/rss/articles/CBMiwgFBVV95cUxPckZPb1JONHBLSWZDS295NGdCX1NTZ05TYllCYXhNRjVKcmVtNnVpNFBaRXJYS1ZuNEVkVEhSaU5tZWNfRGxYR1BGX0I1LWx4SVpuYnhEYTdYWnBWSi1sVEx0TE9jcVJRVERvcHpuMlVmRDdMa3JpWGlsVl9md1dlZ3NxUDRvWmlXZkhDd0xwd0lfQjNxRDIxUzBLMTgzZFNLN3VpZkRYOWNLaERvQmtFcmVkMjFKTDZBYVVTVG5JQXEtQQ?oc=5,,
"Tue, 26 May 2026 07:00:00 GMT",São José,"Defesa Civil inicia vistoria em área afetada por incêndio no bairro de São José, no Centro do Recife - Folha PE",Folha PE,noticia,https://news.google.com/rss/articles/CBMitAFBVV95cUxOMmZod1BGdVdEczhEZ1RoenRVMmtZeFVJVi1NUk9ZM0RjTTFSYkZuTmxqalg3cEY1NGJzZGdfX0I5QVVGUWFDUkF6SkNxTFVzdm5PVDdDRnR6QUZrVWYxZHhJWW9hV1BxZ3N0UC00OHRTVlBsdW5nTGRqbjNIVGcwdHp5MnNQekgyazN1Qlh0RmxTejFQdkN5aTJQZkVTY09DSTh3SEJVOVdMOE9vOEFqbDUySk_SAbgBQVVfeXFMTUVrWDc5ZHpieU1pZEZzbWJ2alRmTDE5LWhoc3lDSnNmMmZ0TjNrQ3AtcEJoRjVrQkFqUUw4aEdacXYwdlRSbUo5OUJ2cXR2T1ZXY1VMNWRudDc5cDFtYVpoaktIREI2VG12aUxUMWZka1VWT0hNeXJNQjl4R01wQzU1RmlPck5FQWw1WHk5bFc5M0FGdGVwaS1JemJfdkVEeEpFUl94aWFSQXA1Mi03ZUtMNnVNYlRzUA?oc=5,,
"Sat, 02 May 2026 07:00:00 GMT",Dois Unidos,Defesa Civil reforça apoio a Pernambuco e Paraíba após chuvas intensas - Jornal de Brasília,Jornal de Brasília,noticia,https://news.google.com/rss/articles/CBMiuwFBVV95cUxPdzZPR0ttZ1lQNnRUenV4Ul8wWXhSTHVRa0JzdUd3M19IcV91Y2JRZDJiV2ZOOHlNSVhOUzZVWWNHYnE1TDdackNmN3B2QzUwMC1MOTVCV2lSZW03R1ZBcjFKNXhaUGVORHg3RWVVRXlHZ0t0QjZhdzRDVDJCUndqZ25Bam9ZbnR4Y1NSUERjU2lWRlVVb3ZQMndVMDFGMGhNaFhhM1lQMEVqTE9RRGxvSnl2SnctaXZLRjV3?oc=5,,
"Fri, 21 Aug 2026 16:36:00 GMT",nao_identificado,Defesa Civil do Recife reduz grau de risco do estádio do Arruda - LeiaJá,LeiaJá,noticia,https://news.google.com/rss/articles/CBMitgFBVV95cUxPZE5uYVBwZFdZWHpvV2FraUVrTkYtaThiYU5kTE91RjBibXNQQnJDdjlpOVQwSEl5ZVlRLTZ6LWNidDdURGxOMHRHTVgxR0pfa3FYanFLUXJiWVZtUjhzaGFUbmgxeU0xNjQ2QkVOQVFMcmVBM1NKdHdVVUY3ZW1sRHVkOTJ1cld3RzlMd0sxMW9BSWhucW5QZ29kdHdSQmpQNUZ6RDl6ZmRQMlFFVFg4ZUxCdGhDUQ?oc=5,,
"Thu, 23 Jul 2026 07:00:00 GMT",Boa Viagem,"Rios Ipojuca, Amaraji, Sirinhaém e Capibaribe atingem cota de alerta com risco de inundação - cbnrecife.com",cbnrecife.com,noticia,https://news.google.com/rss/articles/CBMiuAFBVV95cUxNOVFHaFlURFlROUtNcnU2QWp6VzFBbEh3QVlrUDhmdWZZMm5iQUhqdFQ1X0VnbTdfLVF6S2VlSjlGM1BLZ3FPd0ZIQzFKOGg2WUNnX0EyQjRpOEN1MWZ3YWZmYk52WldnVVpzUE1oRDUyYlN6akRVREpBbnRBZVJlTGFHd2JBUjByVzNfdjdtQ2pleW5DbDBId0IxRWt5N3lZeVBrMXRJZW5BbDBuV0RsSEhodmJUd3RE?oc=5,,
"Sun, 03 May 2026 07:00:00 GMT",nao_identificado,"Pernambuco tem mais de 9,5 mil pessoas desabrigadas ou desalojadas pelas chuvas, diz Defesa Civil - G1",G1,noticia,https://news.google.com/rss/articles/CBMi6wFBVV95cUxNRERmRHM4MmRMb1BPV0U1YWhGdzQ2UVZfazVld2JQaUZDQUVvTjNyYjBETFcyY2ZpUUZ6aGFWQTYzWXIxQnZZMzhIZ0xqOFEtRTY5T0M0WXd4Ung4Y2NpOVZwMVhwMHByYmF2alp6clRQZTM4MWpPTGtkQ2NPRnp0cXlxbEtsMDhCSjdRMW4zS19CYXZkOHZldldpZ1VRUEt2SnU5M0dSenF6YVhJQk9UaUNGOHlBSFFRdmZNeFdIb2RYSEhsUlpvTTc2ODFTX2d4TTMzNDlkRGYzNldlbDVrZGg5WkZMMzc4VFpF0gH6AUFVX3lxTE9ESVJnbGpWUGxNSko2bUpMRWR4VkdTdThZN3hfUndhWmFHSHlfbGtyNy1ISWtXRHdwcDdXUV96RER4N0lSYmVQMjZrelZhSjZ5VkE1c003cHlRMnVCRmU1MElsYzQ3VG9oNUgtWmtDTDNhU3M0eXgySlltemJSLUVGbjRXcWFvNEM3VkRRRHV1aGh3MU9Udm5oaGZ2aXNOUjE1aUpCbGt6c0lmVUlmV3NTQ0NNelF2MlN6bkUycGRlRWVSbzNiXzZuMWtyZ1FiY3ZHbmJSSlByUnJEZVlnb2Z3aVhNbTJud1IxdUlxUzl6SDBmNS1PcDl4VHc?oc=5,,
"Mon, 25 May 2026 07:00:00 GMT",Boa Viagem,Defesa Civil acompanha situação do incêndio em imóveis comerciais no centro do Recife - cbnrecife.com,cbnrecife.com,noticia,https://news.google.com/rss/articles/CBMiwAFBVV95cUxNc255MG5jcC12STRIMExMME5jQk0zWndzTmNISHo3TGJVU3FmMS1zT2FLNjdQb1M5bXg2dm00Q243S0Z0OTVOZkZWM0pVaXVIdXZnVFkxUzY3U0JDVWczNkJaVUpCVTE2VXc4WWhWWGx2TGdBWEZhcnVsXzdMbk9QeUw2dHMwaWR0eHpwQ1RPYklsMm5QRkRzM0Zzcm9LaE5LbjFPR196dzVWZks5VzQyMnpSUGNqWEFrSXFYSUhMV3g?oc=5,,
"Fri, 01 May 2026 07:00:00 GMT",Dois Unidos,Temporais em PE deixam 4 mortos e mais de 800 desabrigados em 7 cidades; Lula anuncia envio da Defesa Civil Nacional - G1,G1,noticia,https://news.google.com/rss/articles/CBMiqwFBVV95cUxORFgya0p4a0FSV1lkSHM5UW5UOXdBSUJvdWwyODJhQ1NFbjlhZzMwR1RnYllMNURiUkJIZFAtMHhtTVhZUi13cExQVlMtNjV5Q09CNFQ4Nng1XzZ3LU1oUHRvb1dIN1hPcUNKWTZTdEFnbHFGLTQzOTJpNjZSb0tUTkRUa2sxS0t1ZWdydnFjNUhyMkZZc3pRcTRGTW5yYkhjS1NOaWFmbS1uUEHSAboBQVVfeXFMTTdDQ0J6cF95UkJiVFV0MXdyZmtUS1V6TXNBS1g3a254ZUtHSndDNG0yaExmSUNqeFJYbElhdjJPVFhNVjJyaWhMcENSS0Q4SGxaZEhka0l4QVlqTS1NYU5XLURQMDZyQ0pwZEZQMk9FWGgwVXhhanJ6bzRFSnFCSG45dXhaN0J6LVRXMG54b2dpMWpkb0YxN2RFa1NGRUdQODlrcGZ0QTkzXzM3YTBfbXBaSk9SU05FR1JB?oc=5,,
"Thu, 14 May 2026 07:00:00 GMT",Dois Unidos,Pernambuco cria fundo para ações de prevenção e recuperação de áreas atingidas por chuvas - Diario de Pernambuco,Diario de Pernambuco,noticia,https://news.google.com/rss/articles/CBMi6gFBVV95cUxQNk5MNXMtWWtXTEVXRmFoS0xzc2liQnRHZFdXTUl6MzJuZ3ZJa0lGaVpCOXV2QnQtcVJLNDYwYU1MeVgtZ0JrbjFhSDhReVFfR3A1THFqRk80dkV0eUxGRWJIM3p6YUxlNC1JYllNT0dJVVpOR29kbUR3b19GR1BzNDJwSDhJWXJUbEZrTVREZC1RNXlsZ1BfTDlhY005czBVQThDT2NNNkVBamp3em5vTUZFRzF1dG1tZzR0YUVud3J4a01yUDRCcElwWDZFY01yLUt5QmNmNU81am9Xajc4RnVtWEdSTFJ6Qmc?oc=5,,
"Tue, 02 Jun 2026 07:00:00 GMT",Boa Viagem,Recife inicia cadastramento de famílias afetadas pelas chuvas para acesso ao Auxílio Pernambuco - cbnrecife.com,cbnrecife.com,noticia,https://news.google.com/rss/articles/CBMizgFBVV95cUxPZDBWbjQ0RHViNXlDVmpyRDViWklPRnhONWJzRjhSdHVRbWJVNXI3ZnVTTmctOFM1b0MtcjdabldTTmQ0MW5kUzFDbk5oY0NTekwwZU02NWlCbXNRY3BpTENZeDJvWEZ1elY2RHduZ1BBSEU4c2Vxa01leVNKTThvV3BPZUo2NEFneVZKRnZuSk1BVHFCOWxuU29weTZ0VExDbER3T0dWdzJpNDNvYWR2Sl9tNm5VRm1odU8tNjNiUHMxdm9UV2VtcHZaVTBqdw?oc=5,,
"Fri, 15 May 2026 07:00:00 GMT",nao_identificado,Defesa Civil alerta para operação em barragem que deve subir nível do Rio Capibaribe em localidades do Grande Recife - LeiaJá,LeiaJá,noticia,https://news.google.com/rss/articles/CBMi8gFBVV95cUxQUUVnOXZlSmpOMHlYaWpISU5kMzFZQnB5UkRISjhyZ2VDbmE3NTlCdkNqN3UxQmNMSUFRbXRHcklHc2J6YUVLanhJNlhVTnFRc3lFRzNPRUZqWXMzMFlYTlNmREJuOHhPRkZlV1dWMFpmZ0NVRmJXUVhYU3pTRUt1RGtNMUFpczVtNFdBeWRSV05RdGt5aTBzTWlVVXcyd250VVpqTDVsRmRRSjJ4NktvQzg3UlpFN09ZcWVRMDJpanUzcG1ZUDFnUTJqSzFrLTJPdms0ZDFhSTJZaGFFdVNaQ1I5RW0wcXRaNGVubE5XaXNGQQ?oc=5,,
"Fri, 01 May 2026 07:00:00 GMT",nao_identificado,Apac eleva alerta de chuvas no Recife e RMR - - Blog Dellas,- Blog Dellas,noticia,https://news.google.com/rss/articles/CBMiekFVX3lxTE5DWF9UNldJcnhsODFPc3NwYmF0dy1LMWZ1LWlvc19ZVUtRRmVhOE5tUnl4blplYVo5YzNvWFRHaEI5WmVzdDdMdENYMG8taTVnUm1KcmpnNWo1dWR3d3FRSWhwTkFFb1BzRFlyMHlYc0YzUmUzcW9nRk9n?oc=5,,
"Sat, 23 May 2026 07:00:00 GMT",São José,"Incêndio afetou sete imóveis no Centro do Recife, diz Defesa Civil - Diario de Pernambuco",Diario de Pernambuco,noticia,https://news.google.com/rss/articles/CBMi1AFBVV95cUxOeDRoTXJhZ2JZWlQxNUFISk5xMmM3bTd5TWVoLUNOaV80MTNvREtDUmg0T2tKZkpBWmN4SUtzRXZUaHJXbUtnTTV3V3FnRldNTDFZODdsT3VFOUdVbFd1aE4tUUY3d0xjVUh4VF9MVFFITmdaNGJRYWhRSnljQkdsM1kzNWpPVXNmS1ZQUWd3YjJBZFlvMXFTMkpheWYxcmhfazltVmMwTTJHRTgxQkFfZWpCc1l1M3lHTGM5SFNaanpPREs0SjVWZVBWM203Tmc5QnNydQ?oc=5,,
"Fri, 01 May 2026 07:00:00 GMT",Água Fria,"Com chuva acima da média, Recife abre 400 vagas em abrigos emergenciais - Diario de Pernambuco",Diario de Pernambuco,noticia,https://news.google.com/rss/articles/CBMi2gFBVV95cUxQS3lPTVlQSTFKbEdkd1VHN1p6WU1uU0RUVzd4RFU1d2VLbTdHZzBUdUF3aHdFMlY3YUZVWUhWMlNqT1lfUkV6N2pZd0l5ZUpoOFpJOUhKLTljVzJYZ01mcWd5R042UEQ0Z3dpLUpPM0tzMzR4Y29tZ1RLWDV0cWFubzd5VGdsb2VueVotYWpoZWdvRDQ2VG9ZZUZuQ1ltR09Vcnl1ZmJoS3NuYldRTTVKZUdPajY2NnU5TTB4WGFaUUd1RDJxRmc1SlZwLXQ5RVJUNy1jNkEwSmR6QQ?oc=5,,
"Sun, 03 May 2026 07:00:00 GMT",nao_identificado,Chuvas em Pernambuco matam seis pessoas e quase 10 mil são deslocadas - InfoMoney,InfoMoney,noticia,https://news.google.com/rss/articles/CBMiqgFBVV95cUxPZnBFeXBfalc4U0lLSVkxSDZXNWhYbk0wcVM1UzNHNUVXdzJPM3p6dFhFaGhITHpXSFFWN2d3QUxjSG8xZloxVTRWMEdEWXY3R0ZNU1pjbHJ0VjNuUGhRcmsxb3pXZ1Fjb0tGOEpsWmwwb1JHSlJZYV9nM25Bd0hDc0ZtS1E5azhvMmxYOGZVU0ZQNWJQSXVZM0FaLTZXcDdQSXA2bFZVSEJOQdIBrwFBVV95cUxNME9LaXE5MXdIUjNVUW5MWG8zSjhDVjBjS1BXWW5VdFJ6Z0VMVjFVcmJiUm1TUlV5YkU0aEVnV2ozZzlBOFZuZDJMbVIyZDIyemdEMVU2TUw1N3U2aHljSDBwVUFyMFdtTVVjalJ6THFTSTVLNEhpdFpfSlE4V3RadVc3US04Z3NtTWZlTnhVNGZWc1pYX2Z6Z25TemlMaWk0LUdBM2hCU0RHVXZPdlJr?oc=5,,
"Sat, 02 May 2026 07:00:00 GMT",nao_identificado,"Moradores de áreas de risco só devem voltar para casa após vistoria, alerta Defesa Civil do Recife - Diario de Pernambuco",Diario de Pernambuco,noticia,https://news.google.com/rss/articles/CBMi_gFBVV95cUxQX3pwcWxlLWVMT1BEMFFnOTREY0dJMWVEdFlUV3VKcXBDbGljeWRjVWpValNPSzdTeTFrQk9aQjhzNUhRdHp0VU92SUVmdE5rSWRTdnlSWG84dGZka1lfVVZuRGtKT1dlQjd1RlZtWE9zV1pqYlRYV09uU3lnSWlhTW1iUnFsVmZwMG10R0R0cnhydE5qUlZha2xjbHJybXRLMlp3Q2k4QVNCOVpiaFVTcjNJRDRSUmVWYzJyZEtuZnhGblRuVFkyQTlCNkNDaHBiVHhwQ3NrSjl6cEZkbDVtb0pEWDFRTGp0VGpRTVdqam1LUFBISDl4Zzd2TEJnUQ?oc=5,,
"Fri, 01 May 2026 07:00:00 GMT",nao_identificado,"Com chuva intensa, Recife decreta alerta máximo e pede evacuação de áreas de risco - jc.uol.com.br",jc.uol.com.br,noticia,https://news.google.com/rss/articles/CBMiygFBVV95cUxNcXZsd3Bwemxrc0ZIMDBySjl2OVJXU2V4V1Z6bjdJVXlRQnZTSFNBOEZjS0VDRndyVmhwdHppcVQyQ0xpRE1ubzQ5b2l0TkEwbmhyNi1ZaXdzcTl4TEZwUEMxbUlrSWRBOXROM0FSaGdXY3NzWVpPdG5GR1ZrVXNpalo1dHBpeFV4eTh0Mi02OF9uN1ZZMWxaTUhLS3ZNSXdCczlTaE53dW5NRWV3eGZQNDN0c195QU54Um9qUFhseUpKSlI1b3FWdktR?oc=5,,
"Fri, 01 May 2026 07:00:00 GMT",nao_identificado,"Envio de recursos para Pernambuco pode ser liberado em até 3 dias após aprovação, diz secretário da Defesa Civil Nacional - Diario de Pernambuco",Diario de Pernambuco,noticia,https://news.google.com/rss/articles/CBMigwJBVV95cUxPQkRyMFNldTROZzdfYzNqTjhla1VGSzlsc2tEV19YX1MxbkliQjNrN041UEs3RWRTTGlTUnZ3cnpBNGRyTUJmMEJnNHFJLUp1MUV0TWV6d3pseFItOFdXc1Jtd2w3Nmg3cWxCaUUtb2ZyYko2ZWZ4V3AyYktIWElzcmkteVc3Y3lOOTllR212Z2dxbmJTdTd2aHFtOVdUem5CaHFQcXNuQUlGUUJZTGg4Z3ljZ050YVNYSUw5VXkxZGxHYmVpZGlZV05pbWxtOUZYM01aOWlxYTBXY3ktWXJoeHFEeTNXZWhFYUxNZXNtVWRSc3pBYkJhR01lYmd2OF9zZ1Zr?oc=5,,
"Sat, 02 May 2026 07:00:00 GMT",nao_identificado,Chuvas: Governo envia Defesa Civil para Pernambuco e Paraíba devido às enchentes - ICL Notícias,ICL Notícias,noticia,https://news.google.com/rss/articles/CBMikAFBVV95cUxQSzlMUEhudzN5TGZXS3N6b3IyVkdtSHR2NE9QbE5NOXphRW1yMUI1bWRGQllINmwyWnBGWHNOczkzZUEzeEE1bWtZSnpKMm9LTE5DQmdoNk9zbDJyeGNGTlZnVkREanVjT0R3WDYxTHMwcVV0RHZfMC0wcVFKMDN4Rk12anpfSjJheExGX0FsRGU?oc=5,,
"Sat, 23 May 2026 07:00:00 GMT",São José,"Recife: sete imóveis foram atingidos por incêndio em pontos comerciais de São José, diz Defesa Civil - Folha PE",Folha PE,noticia,https://news.google.com/rss/articles/CBMiswFBVV95cUxOQk9UampQVXl5em9yTF9IeEhXaFMtdnk0RzBvLUJ3S2VDeFJxQzh5SnFzazU5cjVSdXR2VVVoSGZuWURIck94Q0VaRk1CaWp5M2tYS3I1RUJoOTV5YmYzSEhfY2VJTzd6Nm92Sy1LVGpmbml4RUxhSXRNSWtOdUpuRDZpSUltZnRQNEpQZ3JVR19LVEdqSGUybGdGTjJOOExVN2U0TlJqRUZkVEFFTFd6QXhGQdIBtwFBVV95cUxOUndZWVFkTnhpZmFrUWYxdkpfVEg3alp6aVJwTUtEYzhPMkZONnZacEhQRlcxaE9iSExTR1JCUzJVcUhwd2dtSk1SXzMxYkkxSERWU1h1MGZEVkJPUE10Z3loblN3VDlaMk9peEoxcThzSUI4RzV4RW8tUUFhY2p2WVZ1MGxpUlQ5d2x6U2hGODlQU0lPN0s2OWhNV0hWZGZ3WG16TzVieHE2ZVBjSm05aGkxcENZTFU?oc=5,,
"Fri, 01 May 2026 07:00:00 GMT",nao_identificado,Defesa Civil emite alerta severo no Recife para deslizamento e inundação - LeiaJá,LeiaJá,noticia,https://news.google.com/rss/articles/CBMitwFBVV95cUxQaXREMTB2aEl3WVpMd1U4VFdfRUJZR3IwcE5mZFVsd214SXhlaUZmeE5LOGlmdFo2WmhPSG1xN3BScWZhb1dxRFkzVmFKY1FVR3lJbkxPZE9wQmg4OHlRelJkQzFBTWpnNklodG5ScEtCODkzeURrd0NVOGoxYW5SeW0zWVNJRWkxMmRsRHVSclZVM0YtVVFvTHVkaUhXWWlrSVBDVndqY2wzVHowWlBWTjJId0pzcTQ?oc=5,,
"Fri, 19 Jun 2026 07:00:00 GMT",Boa Vista,"Teatro Valdemar de Oliveira é classificado com risco alto de desabamento, aponta Defesa Civil - Diario de Pernambuco",Diario de Pernambuco,noticia,https://news.google.com/rss/articles/CBMi9wFBVV95cUxNWHhCeGpYMmRiTGxmQmgtNHhCcEo4OUlzRzV2RkJCQzFKZzhWS24xOHY1cThMV3J2dFZocTF6ZXh2NFNmN1dQUlNmV2xlLU1aSUlsYVZCd1hVQlZ2QVRGZ0xXRjZFUEZ4Uk0yYzduMzg2WFpRLWhXZmpCOW03bHlsZENSZDZFNklLSnkwTVFoelBmM2ZWSUUyZ0YwcklqZDluZlllYUdsZzVHdGNpUmdOUldEVU1EUHRqUHpMQmE1UXp5X3JTV0tBVnhTSk13MzRkQ2pwdWVmSkRUWjFPeW1zZkxfcUFNQVA2bGJjYTYyRko1c2NmcGlV?oc=5,,
"Mon, 25 May 2026 07:00:00 GMT",São José,Defesa Civil interdita 17 imóveis após incêndio que atingiu lojas no Centro do Recife - Francês News,Francês News,noticia,https://news.google.com/rss/articles/CBMizwFBVV95cUxQWWJ2akpGRFJxQVRKMXl3VDctYmhlUDRsbk04Qk1IQ0ZPczRndlF3SWZMVU9fdnFSQTExR1NjYXBiMlMtVFFDSzVfeUg1UjY1ZkgxNkllMmVyZlRRM29LdUIzTWR6TzNPc254cnhlMXpBaVpQS3lCZUtnWGRnR2c3Mml5YWFQMldLaU1tcTFkanBuVk55TDM4UjlEbXVONE4tRmR5cFk5VWVIUHNHcWdsYm1CTlNDTTc4QkZsTUprcU9qRC1CWTJtYVhhVWVBRlU?oc=5,,
"Tue, 23 Jun 2026 07:00:00 GMT",nao_identificado,Teatro Valdemar de Oliveira é classificado com alto risco de desabamento pela Defesa Civil do Recife - jc.uol.com.br,jc.uol.com.br,noticia,https://news.google.com/rss/articles/CBMi4wFBVV95cUxPVVBlVjlTSUdfZWpfM2hmUVoxVnlLbVBjYmQxeEpZWmgxbWRzZUNBcW1FV3o3ZTlMRG55bUNMUmRQZ2hoejl2VmMydjhoQ0N1LTB1NWJhQUl3ZDZ5aHpidVdMMDRldFMtNU5YbVpoeVpwMDdhVG56SERxQko1Ul9hNS1LRlJRcnY2Zms4ZVNZOV9WaUsyNk45NmdhQW5pdmc1RXktNWhwdXU1QTN1TS1UWVlwRzhhMW03LTI0S1UtandnR0VYOGIxY3Fva3VDRXFHSnNCZUVfOGJnWFFJNHZjRFhQZw?oc=5,,
"Sat, 02 May 2026 07:00:00 GMT",nao_identificado,Quatro pessoas morrem em decorrência de chuvas em Pernambuco - amazonas atual,amazonas atual,noticia,https://news.google.com/rss/articles/CBMilAFBVV95cUxNRVRCek9yeTVDblNfVVFtSTlNc1RkT2pMcU5ReFBKcFdJd3ZlaExuRi1NdVhMUF9IVDZmelNDZmw5eGtldW5IZVVZN3FVUTRBdVVueUE5X0VzQkswRGdVRTFUcmE2U3pJVjdZekY2MWgtNE9JZVlCSHdqOWVsZm1oNFo4Y19QVHg2ZFJlU29BVTNkOWhP?oc=5,,
"Sat, 02 May 2026 07:00:00 GMT",Dois Unidos,"Em encontro com Defesa Civil Nacional, governadora Raquel Lyra confirma reunião com prefeitos - cbnrecife.com",cbnrecife.com,noticia,https://news.google.com/rss/articles/CBMi3gFBVV95cUxQbVZmS0RVN0Z6SVdKb29qVlVzeFdkTjItSzJkanRtVGg5NDRRVHQzVzVVcjIzMkN2UzNiTEN5N2FmSnpmakh1WGNmQTRtak5oYW9jU1MwazM0aWRlOUtVM3lVZGNZY0d5eUdQdG14VTVXbHpiZzNHbVA3NFplR1JqakZyZVlwTGs4aU9hNmgyTS1YVWVzb0lDUk1LTFVTZkpSRnFnWW5hczRSNi0wQ0I5UjhqS3Y3T1o5ZEctXzk3SlAzUHhWWjNMMEFJSFZEb3hjSUFfY01RU2Uzby13eWc?oc=5,,
"Thu, 23 Apr 2026 07:00:00 GMT",Boa Viagem,Defesa Civil do Recife mantém interdição em andares de prédio onde incêndio vitimou duas pessoas - cbnrecife.com,cbnrecife.com,noticia,https://news.google.com/rss/articles/CBMizwFBVV95cUxOZDEybUJ6Yjg5eEY3TUt6WGVIaEZwVnpzMEZGUDdHWUNWdmlCU3dndTNwNVcwaEJBYm5HNXpJWDNQeURhQWdabHFsRHBtZUstOXBES3NReHY2ekpmMVV6ck9qandDR1N2aUdPMUVEMmlHQ0NLb0RSaFhYRVktT1FnVWUtMXpaMXdfWTd5RHp0Rmt4TW80RTZ0REdidl9KY0hzeF9tSUhfV1lqSGxtQnRYRTJOVkxwZVk3RGlsdnlMUU5CWkhmeG51eW1lSHZCTDQ?oc=5,,
"Fri, 01 May 2026 07:00:00 GMT",nao_identificado,Defesa Civil reforça apoio a Pernambuco e Paraíba por chuvas - Tudo ok Notícias,Tudo ok Notícias,noticia,https://news.google.com/rss/articles/CBMinwFBVV95cUxNZlczTFZ5cXBSR0hoTnZJSktQX0N5SmZIT3JzcHBmdFNoSGZ4LTZvd2NzSV9lV2ZoMWhBa19oUnFkMFQzR3FiY0ZjVTk2M1F6YWVfWVNFWlp5QWtaeGdYTVpjVjIxZjVIaVZQOU90aEtOY0RacmkxSmdIczk1Q0hleU9jOXZUbThoMXpCOU13UE5FYmNoNEpzOFFtZWt2RWM?oc=5,,
"Fri, 01 May 2026 07:00:00 GMT",nao_identificado,VÍDEO – Chuvas fortes: Governo Lula envia Defesa Civil Nacional para PE e PB - Revista Fórum,Revista Fórum,noticia,https://news.google.com/rss/articles/CBMiigFBVV95cUxOYThqQjVCVEx5OXllbW16QVFueG9IOUZVZ1Q3MHkwYnV0ejQxbXZ3dGc0Q3FQWnZqM19iY19hTnJIQTdfUnA1NHJEQUwzdzJJVW9RUlp6NFFCdllWZ29zTGJVV0VpSWc3b3RPUGtXcncyUmRLQ05GWk9JdUtTMGlPRGx6SlNJVlRnYnc?oc=5,,
"Wed, 25 Feb 2026 08:00:00 GMT",nao_identificado,Defesa Civil do Recife dá a largada para a formação de mais 76 agentes voluntários nas áreas de risco - recife.pe.gov.br,recife.pe.gov.br,noticia,https://news.google.com/rss/articles/CBMixwFBVV95cUxQYk5QeUMyUG1GVGF0UXFsTUlHVklGUThsNWkxOVVRM0U5ekJwWF9fT2VpNkFrUDRsYjZQVFVjUW1vSi03OTJZUU1nLTRpdDdYa3h3TDhaZWxMTF9qaFNLSkhrQWFySlhiT1VsNTJ1cHlNLWNtSUtycXZrSHZKOGllLTZYNUluaUYzYmlPdDdldmpNcklZbjByUkVHZDNFX0t2cHl6a21MWTJEdndoNGNFdkcwbUFFd2l3d3dBYWw3LXd3eEgwczZF?oc=5,,
"Sat, 02 May 2026 07:00:00 GMT",nao_identificado,Chuvas em Pernambuco deixam mais de 2 mil fora de casa - Brasil 247,Brasil 247,noticia,https://news.google.com/rss/articles/CBMilAFBVV95cUxNVVAxR0RPOXJ6Wm5fS19DQkFlbUEydktBZUV2ZUVzamRsamdyTmluODNmdlBiNzkxOFlEN2lXM2M3RWFQMjQ5VXRIZVFDcTc5NFFIS3Q5UjNRTk1reEFsbDBfWGZjZi1JSUxINVgtT2UzTVcxdWYzaWk5a25uX1ozNEU3VGk0WmFVSWNHeV9qcjBQbWdS?oc=5,,
"Sat, 18 Apr 2026 07:00:00 GMT",nao_identificado,"Estádio do Arruda está em situação de ""risco alto"" aponta laudo da Defesa Civil do Recife - Terra",Terra,noticia,https://news.google.com/rss/articles/CBMi-wFBVV95cUxOSDB2Ym1PZTZHMXZXaXlMcWJPZktPWVlQQklZQk5DSUtheWNEci1iTlNSYW1Rb0traUVWcjZuRURjZWMwRURQUncxUVJsUGlyVzVBXzNrblE2enptOVRVdE1LNGlQV1k0N0dRcnp1MjJWaXNZTzFDbElVcUhfOU9nZk84U2JZRHY1ZW1DUEVQbWc2TEZzRThhLWFjRkpId0NmVUNlaDNWbkVLdk5FU2NYbEczV25UelJqcmJtZ0RRTFlDbS0xdTdjdzdMRENmNTVYQllMSEZfNUlNel9sMjh2WVF0c2tPOVI5OWhvekx3emwxMHY1LUVvTmxQVQ?oc=5,,
"Sat, 23 May 2026 07:00:00 GMT",São José,Lojistas atingidos por incêndio no Centro do Recife lamentam prejuízos: “Profundamente abalados” - Francês News,Francês News,noticia,https://news.google.com/rss/articles/CBMi2gFBVV95cUxNeGRLSDJFUzBhdEE2dE9NVk83YzRZWnhGU083RVBmOVdQVEIzRE1hM042QlZSeTBXWUd5d2Z3NEZjbGs3cFpGQTZOdUliemIyem4zTEJSN3Q2T2VYc0JUS2ZUMWRHZVFrT3BkbmwyRjdPb0VpQkNEWnVTRFluVDU1dllVdHRGTkRHNFFScWlrTUNTUkJiUExSTXZmbzZJZVZwM0c2ZS1GUjVhS0VTNUdIVWlsMEtyQ09walhrODY0WjFjWG5Ha2k2QUZkeFpJVlhKZVdXZGZfY0JDdw?oc=5,,
"Sat, 23 May 2026 07:00:00 GMT",nao_identificado,"""Profundamente abalados"": lojistas atingidos lamentam incêndio no Centro do Recife - Diario de Pernambuco",Diario de Pernambuco,noticia,https://news.google.com/rss/articles/CBMi5gFBVV95cUxOWWd5bVZVMUlfc2huSGRlMUpWMFJ5YnlZeEllQVA4VUNzckYwVURiSkR3cUhlcGRTNUVVZFNuNGtBYU1GWDdCQ01pSzNlQ1B3SE9uUkUzS2c0Y1JFTXBwN2hrMzRqVHNFRjhuMTlpVzIxZ09uMXFKM3N3emMtTWpBeWU2dS1YaWd5MWlQckhXdlBxYndoN3BlRVFHWkg1R3V4SXFPdGFyNG4tSlNYaWtaanMyX3BlaWxVVFl1QkFiQnJjcUNBZDhOTzVvbThTVmg5b0VaSTh2TjJOSFAwa2o2MGNZazl0dw?oc=5,,
"Sat, 23 May 2026 07:00:00 GMT",nao_identificado,"Incêndio no centro do Recife atingiu sete imóveis, diz Defesa Civil - LeiaJá",LeiaJá,noticia,https://news.google.com/rss/articles/CBMirwFBVV95cUxNTDFKY2lvOHNqTzhwNzNIYjZqNzRkRmtLM2hjaXBPLV9KMlZTbldnLVBaOWZEWG1qS29JcTZHWG45N2RyMDg4dk1aS0I5MEZXQjRXdXNvckpkanFBb2FzZEJWdklfREtLeHgxYWJqdDdSUV9PWnBzNUxGNU54ZHdNcGZ6cHJwMTJCbHFEWTBBRmRicHZzYlVSX0QzbUhhYTBFeUJTWkYzUHpPdmhSYlpB?oc=5,,
"Mon, 06 Apr 2026 07:00:00 GMT",nao_identificado,Prefeitura do Recife alerta para previsão de chuvas moderadas a fortes - recife.pe.gov.br,recife.pe.gov.br,noticia,https://news.google.com/rss/articles/CBMiugFBVV95cUxQZkl6dGcxMkU4UXh0a1VhTGRqSVNMVVBRbFJrUG1RMkpqbnF2VFFySmJjLWZoa0N1Tk5QR0tKSWEzVkpnM3dqSGRhOEdTMnFPVG54RVp1NC1yUHk5WUFwVEJEc0pseml4MmV0VkhaczVGZFFnUThxOVJlbXF0RnlGQlNpYW54RFM0RjZJSEhMLTVfU0RJQnBwMHFYYUQ1Y29mZ25QdHNuV2haYU9ySER2YlV3dXFFMU5HVFE?oc=5,,
"Sat, 02 May 2026 07:00:00 GMT",nao_identificado,"Milhares de passageiros de Pernambuco, Paraíba, Rio Grande do Norte, Ceará e Fernando de Noronha ficam retidos no Aeroporto Internacional do Recife enquanto chuvas intensas cancelam 5 voos, atrasam outros 14 e afetam Azul, Latam e Voepass — Bo - Correio Braziliense",Correio Braziliense,noticia,https://news.google.com/rss/articles/CBMi4AJBVV95cUxOd191QXM1NVNGLXJGQ091eERFbDZRZ1J3NnpvelljYjV0d25yVHlmcTVyV1pMcFMxU3NQNWdleFhlazZGQjY3VFphR0l4SEFzTndUOVZfSDBHMmEtQmI4Z2laWjFqX0hjNjl3d3N2eEVBMUhlcFN3Uk5kUEp1b08wTU1Oanh3eTdseHZMRVpZcjIxa0w5dkpMeFY1SnVERF9aNDNOVUdsWkZkSHM0VGRDZ3RxZHJoRDJwaXpoZ3B6bEp2Z0p6MnlnVm9EaGh2eXMtM3VsekJFNFRubVhOZ3JJM2RocGYyQkw5MkhhYlhVcnhPaW9idW4xaFZ1cFZhcENtUHFFOW9vcFFMc3JRcG9ERUN3Q1pMMEs5b2NMNWlGUVRFcEN3YzdzTnNWTzlqNFVRTlJqYUFlRHh1OVdGOG92RjlTVlhfY19pRTNDeTRHTy04WU5sVGp4ZERyX1BwRmZ1?oc=5,,
"Tue, 21 Apr 2026 07:00:00 GMT",Casa Forte,Defesa Civil interdita andares de prédio após incêndio que deixou dois mortos no Recife - Diario de Pernambuco,Diario de Pernambuco,noticia,https://news.google.com/rss/articles/CBMi8AFBVV95cUxOWFZ6WVFKNGVZdC1Kc2U4ekNZbnQ5VVo4bm1mTVVJY0dnbHRULVRtRXZrMC13Mms3bl8xRXFSeE14RUtRR1l4S3FnUHliczc4ZWFVLVNMaDA0a2ZvcHk4NEw4SFR1Um42Q2xzNXhiUENtbGJSdXRfSHdBcFlaS0JGVkQwSkRGYVJVUmw0djFfeldpWFhfTENlWXNROHNUSy1naW1EZ3BXWlk5V2tlMXRsVVFkRjJJYU9FYjNyUzVqeHVWR0VsWktrLUtTblhUaG9iT2FrN3ctajVoZ0FrYmxWTVJ5ZTR4azVkVUwtRnR6cjY?oc=5,,
"Sun, 24 May 2026 07:00:00 GMT",São José,Incêndio no Centro do Recife: Bombeiros combatem novas chamas em área atingida - Francês News,Francês News,noticia,https://news.google.com/rss/articles/CBMixAFBVV95cUxQWjlKcWNtUG5iYzdsTlZQTC1QUUpfMG1Ra1pDdmYzdmx5SGkzdkN1LWUwRGJoRDk1TlBEMHByWGdNcV93MV9vSW1zSTFLWGwxbWNGZEZLLWNna1pFd1RYbWpiN0x4ODVDOWo4NEdobVlOanc3MGMyNmwxZEx0ekZ3NW5hMUNTNUt6T0lSeV9QRmZmQTFXazZoOHJ4dUZnem1ERlYwSkZ4c0JsdEV5Q1JhSG9hSTdHbVNQTE5STFNXdEhPeElm?oc=5,,
"Wed, 11 Mar 2026 07:00:00 GMT",nao_identificado,Defesa Civil do Recife realiza simulado de preparação para emergências e desastres no Alto do Refúgio - recife.pe.gov.br,recife.pe.gov.br,noticia,https://news.google.com/rss/articles/CBMivwFBVV95cUxQN2pBYUhCTFFSbHp6MU5QLVVWNFRYYVpDTWc2Rk5KNTE2WTlyY1Q5VkdrUmJJenFiUTBvU0haaWJ0MlphMXhyZ0VVUE1kWElJUTBhZjlnY1FUWWF5blUwZHdzR2E1LVFkSDVBSHBiRlJ0QXNxWUxPSGVlNndTUTdMOFpiNnZtaWR4MEgtSUQxTjF3WlVrUlNWZENEcE5selhxU2h3QTU4T1FSVzVFWGhycWVPS2ZEcURXSGFqaXVubw?oc=5,,
"Sat, 02 May 2026 07:00:00 GMT",nao_identificado,Chuvas deixam mais de 2 mil desabrigados e ao menos 6 mortos na PB e em PE - CidadeVerde.com,CidadeVerde.com,noticia,https://news.google.com/rss/articles/CBMisAFBVV95cUxQSGxYaURwUjd0cHFsUEdZV1JjbVVESlc0eThaQkJDeER4ZlNLYkdBa3J1RFB5MDV3Z0JfSnd2U2QwNG1YM2RYZUtoV0tIT2xXdU5ZeENLazBURUdNTXk1OS1DYkg2RkFyV3FOcW5xVThXZDY3bGVUSThHOGpVVWN4aXo2MDBuOGtqb3dBRmFoOWVza1I4Z3BBREZ6eG1oQTVqbXJvMEdtbWh3TWpvajlDeA?oc=5,,
"Sun, 24 May 2026 07:00:00 GMT",São José,Bombeiros combatem novas chamas em local de incêndio no Centro do Recife - Diario de Pernambuco,Diario de Pernambuco,noticia,https://news.google.com/rss/articles/CBMi3AFBVV95cUxQZGNSY3dUemMtWVIwaTg5X0F4WVA4MFpsVGhXaGI5UEViV2ZjaW9NUGhxRm5LZ3FuWXA0S3JfTXZYRVZnZkl2ekdyaUVNM0VhM0VjRzdYaWs0aUJHVU1YRFpsTGtHQkJJOGM3NlpwNDgycExwaFhiOXp6R1o2ckZONmdOcTZ2QW1NR0pCS19hZTZQSnRSTW9zdlNzRVFvbW5JckVvTzEyQ09fRWpCV1RIb005c0ExRGlKbFI3TUhWbUlUelZ1eGFRTkhjMVRxd1NHRWdwT1ZNVGM1bThx?oc=5,,
"Sat, 02 May 2026 07:00:00 GMT",nao_identificado,Onze municípios de Pernambuco decretam situação de emergência por conta das chuvas - Diario de Pernambuco,Diario de Pernambuco,noticia,https://news.google.com/rss/articles/CBMi6gFBVV95cUxQN0UySTBtdU9CY2tWaE5INHVMUXdjWnYzc01uaUZJeUVxSVpnaFdFRWZyNG9LaG9hOWtWSHhjXy1vLV93RmVuNmlZNWtndGVrb0pXRXY4X1JPSG1CaG56bUFZdDBwVmFaRHBTVmhyel9pcnpwYkVka3g0dVhMU2loQUptTUtidkNtMUZhemo4WHdZZi16SjZMdER6SzB4SlVmaWdrUHNjbUxsWWZnRVVOZUpVRF96VXNscWdZRWdLWXJaeF84MC14Q2t2TmZDbDVXUGx6eGJQcTRjUWJLODcwUzVuVzhzQkF4cHc?oc=5,,
"Mon, 13 Apr 2026 07:00:00 GMT",Boa Viagem,Casas são interditadas pela Defesa Civil após deslizamento de barreira em Olinda - cbnrecife.com,cbnrecife.com,noticia,https://news.google.com/rss/articles/CBMiugFBVV95cUxNbEc0WWpFZ0VvOXJJQTVDenhZNjhLWXRVSzI0Y1J3YTFLNHdfWW9Nb2pMTHNFcUVYZVRzUlBUei12bnlUdjZxS3hZSkVkOGUtQWJZOEVUcmhfaDJKUng4bU5nazVuMEVkMnZIZ0doVS1TTzFLcE5uYXNaU2F6bDZHMTZNZmxiV2pRalg3dl9HME1kUFpDT3FfbU9pMTFJNzYzMDZDdGlUdWRwMUJieGJFdG1vVzRpLXRteWc?oc=5,,
"Wed, 06 May 2026 07:00:00 GMT",Boa Viagem,"Marquise de loja desaba no bairro da Boa Vista, no Recife; não houve vítimas - cbnrecife.com",cbnrecife.com,noticia,https://news.google.com/rss/articles/CBMisgFBVV95cUxOZVB1bDJVWm9mOFBRNUZ5aU56RmsyMWt0WEwzRDBuN1hRUWVReVdQYXdFSGhiSnFmYmRmQ0NLTW15c29lWlpaTHF2VUVHcjZLT0VMNXdWRFZRVEstdHNHOTItRGR1QWlIYlo5T0FRNmd6V2dpVWJHSHlfZXFXNG5Gd1hpLTdLZ05mOFF4Y1hHMG03Q3dvcEFQMWE3Q0tZLV8zYll3T19LZHh3M2FOcmYyOVF3?oc=5,,
"Sun, 19 Apr 2026 07:00:00 GMT",nao_identificado,Santa Cruz: Defesa Civil mantém classificação do Arruda em 'Risco Alto' - Folha PE,Folha PE,noticia,https://news.google.com/rss/articles/CBMirgFBVV95cUxNNVNOQVZvMVpnVGZHX2xUTG9WUE9leTFJOEVENW1vbnZEOHNIczRCM2pFTHlUZDl6ZDh4Y0hpeFdnQTNyUk1BWHRmLVdSU2pNYUxfNW1rb0VaWmNjcVhUeHlEZnJMM0NvYklYMTVzUlhaajZKcWN2cWNkSkhFbjZ4QnhZcTd2R0lKcnJ2S0huMDk4MmZfWE1jdTBpTjhubHZodFE2VEFPM0lQNS1uWHfSAbIBQVVfeXFMTXU3U1pTTkNlcVREcnE3NVdwRkZoQ240MGMxakNvMUVMTG9GWVZoZXdUa3ZEU0xCenVlNFR1V1pHdkViczJyblkxMnNZR0s0OXFNMDUzdnh6U1QzUzdNR1l6bzNQVzcxV1hIbUFySlN0UWtWY0lwN1EtSEhISjNYWUxncGJ0UG8xeFJCbEFPQjBYUFY2SDJKU19pcXVzMEpPSkRTNlQtQlBSUXR3VElVdmJtZw?oc=5,,
"Sun, 24 May 2026 07:00:00 GMT",São José,"Incêndio no bairro de São José: edificações sofreram danos severos e comprometimento, diz Bombeiros - Folha PE",Folha PE,noticia,https://news.google.com/rss/articles/CBMisAFBVV95cUxQcDZEb1F5VlViaVd0eE40ZHgwYjFPV2FGc2xEbmxDU2lScmR3UWlMX0F5RTgtU2Z3MlNYbkxrRFdBN2w0U0tKcGdYdGVQZmhVMldtQWVNY0UyWVR4MjhyQUZmME54YkZBUlNodktKZVhXSU9qeHRGamMtbUNISUFUQjJLVjFmWU9WM3N0c1hhbWZueTlJSTdja2s5OWFqLXRzRmxxay1XZElkWk45NDZzRtIBtAFBVV95cUxQaUV4eVN1Rkt4azdoVGhiYlF0TVEzeTgxa3V3NjdNaGFaclRTY3hNdG9LdkhTVkNvUVJsYXc1S1JrMzJickRiQ1hUcVVyWFI4WUVLZTBLaTNHNmJaNFN2RjlRZ3Nsd2tXR3U3ZHp1YmJlek5RQ0FVREdyc3M2Nl9KdnJUVEdqM0E4NFFIbUFWMTgyZnpiVjhEd3hFckRmeUQwSTNzYi1OZ3JBN200UDdKWGhfNHY?oc=5,,
"Thu, 09 Apr 2026 07:00:00 GMT",nao_identificado,Moradores do Parque dos Milagres ganham segurança e qualidade de vida com mais uma obra do Parceria - recife.pe.gov.br,recife.pe.gov.br,noticia,https://news.google.com/rss/articles/CBMixwFBVV95cUxPNXlhVlBkd2hGWU91NjZES1FsT3Y2N2ROU0dlSG9NX2FJV2hfSnIxYndCM3JBX091S3VsckhrNUFJZnlfWDQtNEh3ZDRQSXJlRXF5ODdjT21fY2JRLW5xck44RG1wVnNWRmtZbTlDT2UwVzllemNHWU5yOTVkMUZYcy1Vc3E4MEpFdW9vdFNGOXAxMUdBQm1GVnJ4WWFXRFlyMFNiZmRfV1hJWEpDM180bG12cngzYUliczBiaG0tQzVjS3c4VmpV?oc=5,,
"Fri, 01 May 2026 07:00:00 GMT",Dois Unidos,Mãe e filho morrem após desabamento em Recife; alerta para chuvas é máximo - Correio Braziliense,Correio Braziliense,noticia,https://news.google.com/rss/articles/CBMisAFBVV95cUxPeVltNG9HOHZIRjBRSmRVOUpGdFFHdHFSajJEN0hhUEF6QTd5aTEyTUVhRDc2a3dBQWNWRzdLdlJ5V0V3U2JFdVFaODlZU1VGaVhGODNuZkNwRjlMWWY1SGNqWXVXZ1pSZjVzeTg5U1FnczdSYnQ1TkQ2c1JSbkZLcDlBN0hMQ1FEYmpYYjZqdkxBOVBVTmp0a19KYWNXbmhaNEJvWjBuSFlKVWs2REdEd9IBtgFBVV95cUxOX3NId21SVlRzVjFMeVBtcTM0dnFvQzVwZ0o3cmJud0VseHV4Vm1GNThCVWxWaEpqeFhpNnExdms0UXN6ZWVyU19hNkFCWms4d1ZmRzFYb0JEODl4RXpscjBVS1VoTnhPYVROZU9YSjVhdTNGakwtdG9oanJsUk1YNmY5dnduQ3BTVFlhRkYwX1VFbTBydGZZTVlWT2hidE5PQWFjM002T3U3ZmxaRGpvWmFxSjZZdw?oc=5,,
"Tue, 14 Apr 2026 07:00:00 GMT",nao_identificado,"Uma semana após desabamento de casarão no Recife, moradores cobram ações: ""acabar com risco de morte"" - Diario de Pernambuco",Diario de Pernambuco,noticia,https://news.google.com/rss/articles/CBMi_gFBVV95cUxOMGl3b0JxWGFwRHpYYmtYZ2cwZEEtWXgxTDdMVXlILWJYRjRDVXU5S2NMdWtvVVVWbXV6dGp5M0loMVVvUm82a1g4YmJwMTdhSVRmc1g1RFppYzR3TzZna1VkMkZCMC1ONEg5bGpzRWxacGhncXl0MHMwRFZBWWRmRDB0WUF4ei10ejQwMmVYaGZlMVZubU93YlM4U3UtYUVoZHNETDJCeVFJaHQwaFB5ejN4V0txTVFuUXpmZmdjbVl0dzViV2hsUVlKTVBySWsycDRYR2tYaTBDeHZzY2FOaUpZRzE2VlY5WEJCVGlBclBrdjJMeU1XbmtYSzZZUQ?oc=5,,
"Thu, 22 Jan 2026 08:00:00 GMT",nao_identificado,Prefeitura do Recife realiza audiência pública para avaliação do Plano de Contingência contra desastres - recife.pe.gov.br,recife.pe.gov.br,noticia,https://news.google.com/rss/articles/CBMiwAFBVV95cUxPWC1uYlZSTWw3RmJ3VFRVNHcxczBmMk5pU0JxVU1RdER5d3VuQ0hnUlJYMUgwV2gyN21keW9rUWhUYktiaDFFeTY1OFRYTWZBUHNORzc4OElKT0E4UWVON2FTV2ZNcUdPaFVzNmU4c1BRcVhnSjBnZGJEdFBxdUl1dHBEZHdxSUF1TGVnaGlSZi1jenRMcXhLRXZ1cW04Xy1fYlAtVW9PTnE5NDE3UW1kRktUb1NKUU5IODZodnFIVWg?oc=5,,
"Sat, 23 May 2026 07:00:00 GMT",São José,"Incêndio atinge apartamento na Tamarineira, na Zona Norte do Recife - Diario de Pernambuco",Diario de Pernambuco,noticia,https://news.google.com/rss/articles/CBMi1AFBVV95cUxOTnBsa0M3OHE2UlJraGNkSFZlQ25TTHZ3V1psY3JabDhpSjhBVGxrQ0tWTHF2bl9RSXNQRnpyaTBtRlRVVTI5eEFVWUZ3WkUzYmthZzI0d2k0cW44Zm4zRWpZaWp6VmNyZHNIU1I2LWFlQkJqQnV4Zl83cmJ2ai1WWXpFaGJrQmkwRXZIUE9aSjgwOVM2TUg1QlRYbV9Ed2U4TVVMSFpyWXJtSmFDaVE1UnUxdm16VU9venZES0V4TzhZSHhua0x5Rk5XRmF6UWl2ZFpQag?oc=5,,
"Sun, 12 Apr 2026 07:00:00 GMT",nao_identificado,Barreira desliza em Olinda e Defesa Civil interdita quatro casas - Diario de Pernambuco,Diario de Pernambuco,noticia,https://news.google.com/rss/articles/CBMi8AFBVV95cUxOMXE1RGVEZVZpaEVZX2s5MmpaR3N0bXczZFc4SGhXZnJ4ZTJjWlFtaWdVc1o0TWt4QWxiWnc1V3Z4cWN0emxDMWR3XzB1Yi1raTNpVGk2blFjbkVQWHJQUnoxRFhXbVV0eVNqRWZFSGtZMW95RkJmLUk1QTFULTBSdE1XdzJJQUphUzg0cHQ1NE9yRnRrVzBoUExEY1B1YURfd1ZmUXZoME1IMnl4RW5CSXl0UkxTcTNqU2pPSjJDMC1xbGduS1hmQnhxNWc3TnJhZm9JSnEybXNqeGJUZmY1bE5ROVFBLVZIRHE2LWNzdUw?oc=5,,
"Wed, 11 Jun 2025 07:00:00 GMT",nao_identificado,Novo sistema de envio de alertas sobre fortes chuvas será testado no Recife neste sábado - recife.pe.gov.br,recife.pe.gov.br,noticia,https://news.google.com/rss/articles/CBMiwwFBVV95cUxNTFBVc0lFS2dRbFY1RG92SHRaYTRfcnhnNHhwQVFFbHJGUGJmYmphNVQ1VTJ1SEJTQ2YycklyUU4zdkswYnIyUVNoX0x1Rm0xY1JMTjZUUy1pX1g5M2FPbVdGaTVqUGhlcUx3TWdGZXRLb3htdGpaX0NGWGw4aldCVWJFUjBUZ0JEdHVRajUxb3FMekFUQUpHR09NZFN5MXptdEg0R2FtZDJUamFPMk1uazRidGVrcENJZEROaER6eUhqWkk?oc=5,,
"Tue, 07 Apr 2026 07:00:00 GMT",Boa Viagem,Chuvas: Recife abre três abrigos municipais; Defesa Civil registra 36 chamados - cbnrecife.com,cbnrecife.com,noticia,https://news.google.com/rss/articles/CBMitAFBVV95cUxOdjJwRVkxeVpXOFpFOFlpRF8wZzRkUWRqWlllZUJSR0M2anJvRU9YSDdHdUJHOFYxbVlFNm5GU09WcXhkTnJjM2h3Q0V1RF96V1FjbFRnOFRkQ2dyaVRwNWltaWQ4dWxOV25oWkR2OVhvZlAyMmpoTVduOGl1NWdOdkxFaTA3azkwTVdYV282NkN1dGdOSm9rYXUxNzNzdUlPX0lPQm9LaWNMMkNnY3FwMlUxSjQ?oc=5,,
"Sat, 12 Apr 2025 07:00:00 GMT",nao_identificado,Defesa Civil do Recife realiza mutirão para intensificar proteção das áreas de morro - recife.pe.gov.br,recife.pe.gov.br,noticia,https://news.google.com/rss/articles/CBMixwFBVV95cUxOZk45ZW93RU9lNWxKakhfdGJoWUxtdnZTUnBWdmdwUDNHM0FkUWZfR3hvTHR0RVpqU3JTYVZUQ3FOVWt4cTVHc2hRTHhDVUJ1SldVZlFYVU5ZOXFma1ZYTnItNXdrdHRxQ0xKbDFOcTR0QndIS0p1Y2hXUGxHcXdMQWZtMHIwemlCN195RmdSYi1HMTZ0ZlhpNjJHQ0JtMHVNbGdBNmNEMlFvVXhyX2g1QVQ2YWFQZHJRNFo2SzFzUWMzSVJBMG1n?oc=5,,
"Thu, 09 Apr 2026 07:00:00 GMT",nao_identificado,"Defesa Civil realiza mudança de morador após desabamento no Pilar, no Recife - Diario de Pernambuco",Diario de Pernambuco,noticia,https://news.google.com/rss/articles/CBMi4AFBVV95cUxNb1doOWZpYkY2ZmEtMjVwR2tIb3BMd01WWDRCeldidnBoUTUzZHBHWVhYNjlHRW4xX1FmakZjeldrSnUxWTdUR2JSVWd1el90SEc1ZF9Ub2pfVlJ5Q3pHaE9BZDdlMWFobXE5TE4zYkVHd2U3b2tIemxWU3NpbEJMZUdraUVhbVVWbjBJZzhBdW1ENlA4YmZ3Z2JjX3Rsc1IybDRMRTFVLWhVbkJyNVFTZVRPREo0Ykdza3lKZ203eG5TUS1lUktONE8tcm80LVdwRGtaVnF3aVVSbUgyRDRaWQ?oc=5,,
"Thu, 15 May 2025 07:00:00 GMT",nao_identificado,Defesa Civil Nacional monitora situação das chuvas em Recife (PE) - www.gov.br,www.gov.br,noticia,https://news.google.com/rss/articles/CBMiowFBVV95cUxOVUNuaG1UbEhJSlJ4VUxqRWJ4Q0ZBOUlqNVZLQ2RxRl9ka3JsYTlwdHh1WVA2UHo2RUp4eHBDQ09Kd2dXNTEwM3VlTWdjNUdMQnhQN0dUNUM4SVdWMGU0UndVS2wyUlg4b0xpNGFXbU9COE9iSDFaTDVPS2h4b0sxdVROb1BDcElJaWtNcUZpMkxPYWhIRktFQk5xSWFPY3lnZy1r?oc=5,,
"Tue, 19 Aug 2025 07:00:00 GMT",nao_identificado,Prefeitura de Manaus tem representação em fórum nacional realizado em Recife - Prefeitura de Manaus,Prefeitura de Manaus,noticia,https://news.google.com/rss/articles/CBMigwFBVV95cUxPcDhuR0VRYzBMREQ0dGpkS0tQMmNWVS1FMkQxXzZOelBUdjJudDVjWjktWWdqby1mN2lpT1JQQTlILVBzcGMwTXRzeGhCNUNfQkZlb1VzZjkzU05aazZBUHRaQ0FwWFNPMnNIc19SRHRNQjRUSEQyYnFGSS1EYWtDWDRPdw?oc=5,,
"Wed, 25 Mar 2026 07:00:00 GMT",nao_identificado,Defesa Civil de Pernambuco realiza terceiro simulado de atuação em desastre natural - Folha PE,Folha PE,noticia,https://news.google.com/rss/articles/CBMinAFBVV95cUxQbXhGY2c2bWVGRFFia3RHZGtfT2xMa1g2OXVzTGJINkJYNkhHTTlUeG9NMk1DMnhFM1F2N2xfVFR0S0ViempVTlUtLU4ybXB5Y1llbFhRVTI2cVBPTUxEaGU3Y2F0N2gxS1RVdjJPR1ZtQWFmY19hYVBSZmtveVhZa2dOLTBYbXpnOXpSU1BtcUlIazVOMW16ZnRSbkXSAaABQVVfeXFMTXFwNzhIUU9pRDFQbm1JZVc5MDA0VGExYkxXTTlaZzJMdHdjNGJHZWJtTWRyMmJtRDZMWVEta1VwV3dxQjAyRVlKeUwteWxvZklIR3dfNGNRLUxZZ2F1bmdQRktQSkFib29RdW1SWFhMUUNMb2VneUtGVXFXY1JoMUl6dWZsY3lMc2piTHhQQ0FNMm5nWUhRQVZnT014WFR2UQ?oc=5,,
"Tue, 18 Feb 2025 08:00:00 GMT",nao_identificado,Prefeitura do Recife inicia curso de capacitação para moradores de áreas de risco - recife.pe.gov.br,recife.pe.gov.br,noticia,https://news.google.com/rss/articles/CBMiwwFBVV95cUxNSlJ6OEFSY0lqMGhIYnRwWGNHRkZkREtZYjVRUWFBRWVXMC1POWhySEYyT2lFbE5rbzVHTWJTb0hmWkJfaXg5UkVKanBLdlZxZDM5VVFmczB2WVJIVElzcTJOcllFbVJITGVKNnBqbDZON2tZZlBwb21adHZtY2djSVdGQWpVdzFWLXNrY25qQ1dqVWhOT2RFWXpQNEE3WmI2bnhFcW9oSHk3b0k2Nlhib25tTS10QjVweHF5bGhoLVJFTUk?oc=5,,
"Thu, 09 Apr 2026 07:00:00 GMT",nao_identificado,"Materiais recicláveis são retirados de onde muro desabou no Pilar, e Defesa Civil do Recife se pronuncia - Folha PE",Folha PE,noticia,https://news.google.com/rss/articles/CBMijAFBVV95cUxQcVdMZ01EbmRrSjlYeVZ2SXdNUmMtVU9ibGRQY1Jwazh0OFVZLVVTbktnWE9aUS13b1hwc1IzQjRLRW4zOGUxM2U2NXUyTGFyMy1tRHlhNzl3dVRlUFg5S1BuLWtCQndtRHlFdVBsTVJUZTNWSUV5R3ExdkVYUmtrNEdZNWlaclJCM09XN9IBkAFBVV95cUxPQWVOSVFId3ZBRkdSc2Y0TEptWm92NDc1cW9OZVpJd0JTQnJvQ2w5TTl3ZjItZ0E3SFBRMG5iWDRmeTdualdRVmtaRmtRX3FmNFRPMk5saVZhcERuRnR5X0NIY1FMZEx1bFRpT3pCQWpZRFZwOTJaelpjWTlDVndBLXhRM1hxUzVEdlRFY2R1RnA?oc=5,,
"Wed, 08 Apr 2026 07:00:00 GMT",Boa Viagem,Defesa Civil realiza operação para retirada de moradores no entorno de casarão após desabamento no Recife - cbnrecife.com,cbnrecife.com,noticia,https://news.google.com/rss/articles/CBMi2wFBVV95cUxNZzE1NGNYRjhaZ2RVUnoybHBnbERmSDJZTlRNMktuR2ZuUy1qTV83TzVsNG5LZjdMa2k3RHJYRVlBTUhnUmtWXzA3Vm1UNmdZZ21jUlp0aVNTN2Qtd0NqUzB3czlITTdocnlMYjNNajBMa0tva29UUkFGdkxTaEMyanJoTi1vd2NFM1d3dF9wZFFHd1duVWpMX0xKSVByNG5pa0lEdDhPb18yMTFTdDQ4QUtBMnplQklvRTNtUjN6Wnp4SVJPME5IaWJ2RG5BVWJVelp4MlpqUEVQeEk?oc=5,,
"Fri, 28 Mar 2025 07:00:00 GMT",nao_identificado,Prefeitura do Recife simula atendimento a ocorrência com múltiplas vítimas na UR-10 - recife.pe.gov.br,recife.pe.gov.br,noticia,https://news.google.com/rss/articles/CBMixwFBVV95cUxNTWxCNmxYTGI0ZTMzbFBuLXJjalFzWHFCaFhMU0lrODhwLUhsWEFXa2pWVjViRmJmSzE1Z3JuRTg0UnhCWTRjczZsS0NTelpVX2owbjNUTVRaeUwzNGt0YjBqQnpYakZLMEhraXhwb3U3NDBXNDA0ZWJxS1NlTmRMNzhWelJXMnlqNVRUMmdobEZ4WXZaanhNMnJnMEJkQm93ZEJ5ZWlvdWNQV0wyNHlybVVJUVBVN01OYnJJNE5JOHExUC11cUVN?oc=5,,
"Tue, 07 Apr 2026 07:00:00 GMT",nao_identificado,Chuvas intensas colocam Recife em alerta e afetam serviços públicos - algomais.com,algomais.com,noticia,https://news.google.com/rss/articles/CBMikwFBVV95cUxQbkFVdGEyeU1pZ0dGblBVQ0xMUGRsOFY3eG42RzlCNkxWa0VvWGkxdVg5NmdSYk51NHlkSkFEc2xnSzBycjdKVTdia215d2M4c0VhWFRCREt1czhXbTlBdWhsaVRJT0xleE5oLU4yY0RURWZqU0NNTlU2UXZtTGw1Q0ZlLVNLbTY0TmlaNll5NUx1QmM?oc=5,,
"Thu, 20 Apr 2023 07:00:00 GMT",nao_identificado,Defesa Civil do Recife conclui formação de lideranças que atuarão na prevenção do risco e resposta às emergências - recife.pe.gov.br,recife.pe.gov.br,noticia,https://news.google.com/rss/articles/CBMixwFBVV95cUxQc1hvVEZKMlJuS3p6c2dxQm53cVdSajdUN3JtYjNUc3lfRkZUeFFZMFBJVjduOVg1NFkzWlFFbzVnNTRYZFpnUWZUMjZUalNkdkVfeS0xSF81Z3pnSnhwMFJ6aEltWjFmeVVKYUVNWGpDV1gzRW12Tm92NFB0TU5uMkFDMnl4eklSenN2U0NWY0JJTnVjV241VS13SkRHQUJlTFU2NGhyMmVLZkNNN1dmWlNBa0VQbVBHZm1UZDNSd0czczlsa1Q4?oc=5,,
"Thu, 22 Dec 2022 08:00:00 GMT",nao_identificado,Prefeitura do Recife entrega a milésima obra Programa Parceria este ano - recife.pe.gov.br,recife.pe.gov.br,noticia,https://news.google.com/rss/articles/CBMiuwFBVV95cUxNa1B2ZUp5UnhMQkhiTGRiU1BJbDdyNVNnX0pzRGdTa2xIMFVBRkt0MGFjSWNOak1DenBkWjBwTHd2VWtMOVRwckFFeG9YSks2bG9aa2N1bkFtUTJPc09nem1iY283Z2Vsb2t6dW1yMW9tcEd2SW5jcW8zWHQ1SWJTVmRYLVREeTQtWkVYMzRMd3kwMl9hdTNtRTY4cGgzYVdkSTlIZ0U1NzNvUmphcGRvQnFkS2dIX3ZScGw4?oc=5,,
"Sat, 14 Jun 2025 07:00:00 GMT",nao_identificado,"Moradores do Recife se assustam com teste da Defesa Civil e fazem memes na internet: 'bomba atômica do Irã', 'Terceira Guerra' e 'furacões na Flórida' - G1",G1,noticia,https://news.google.com/rss/articles/CBMi2wFBVV95cUxNWFJkTTRoSUI0SDhOTFF1dkpydm9tTDR0Uk1oQTBsWGExTXNGcG95aG5Bd0tlZUhINXU4eWVGazRValVMMkU2UDFJNXNEQlBTVGM2UmpFZS14TUI5MjlWalJCQ0lRT1Brd1dJWjE5cGNhTnR5WFF3M3JPTEpTOXlxY0xucnVicWdzd2VJcFYyZGJ4YzRtWFJnOEMxT3JwenNqWnItZTNTZHdKTXZTbTJKZ1Y5YlA2d1puOWo4aGhMb0Q0MGNTZ21ra2JncUlXNTVwcTFSa0lPS1FFajjSAeoBQVVfeXFMUDJxeXE2OE5iRDlPS0xzMnZ5NllkLVhMbFlBUFMxbkFqSFVFdXVMMW84V2pna1dRdXhxS3pLOU4yX0oxbC1QeVVBcGl5SzN4c0s0U1c2UHIzbVVpMUN3Y3pWZ2JaR3puNVJaQXhCdWVLd1h2R28zUjF4MW01bl9BZkJnMWNDOTdxajJxWXEwVFZKMmRySG94OTY1NFB1YXFQLVFObnRRN1FqdktTdWhKVGt6R3VKOUhid2JLcnhwZXc4c01WeTVZNmR0cjlaOUt0MGVKUktuSDI4R1hXOEVxNTBPWGVJTjNveEpB?oc=5,,
"Tue, 28 Mar 2023 07:00:00 GMT",nao_identificado,Defesa Civil do Recife treina moradores do Alto do Eucalipto para prevenir ocorrências graves - recife.pe.gov.br,recife.pe.gov.br,noticia,https://news.google.com/rss/articles/CBMiwgFBVV95cUxNXzVaUnJFVnkzcWpHRVpOZkdUOElNajVFdUtyb254cXpxV0FYME9lWktpZno5MkdsUnpFWEZwWE02cHpiaDNTaHE2OFNFNWdtZFR3SW8xd2MxOE5uQWZkTkdBcV9LOS1SenhDZlJzcjRXY2YwX2szUWFDbmdXNjNGVGQzVDhBS2hPbldpMmlRa1BTZEp2OHJnd3Eza19xWkdpaUg2VmdYc1FPTUc0SDVrRmlJdmJ4Uk54X0NCSTRVeHF1QQ?oc=5,,
"Thu, 24 Sep 2026 16:16:00 GMT",nao_identificado,Clima para amanhã em Recife: guarda-chuva na bolsa por causa da chuva prevista para a manhã,Bing News,noticia,http://www.bing.com/news/apiclick.aspx?ref=FexRss&aid=&tid=6ac3ce9df4b14920b27afaf8692a993f&url=https%3a%2f%2fwww.portaldoholanda.com.br%2frecife%2fclima-para-amanha-em-recife-guarda-chuva-na-bolsa-por-causa-da-chuva-prevista-para-a-manha&c=5776584561629098672&mkt=pt-br,,"Recife deve enfrentar uma manhã chuvosa nesta sexta-feira, com mínima de 24°C e máxima de 28°C. A previsão aponta chuva significativa nas primeiras horas do dia, tanto na capital pernambucana quanto n"
"Tue, 22 Sep 2026 04:33:00 GMT",nao_identificado,"""Ninguém fez mais do que nós"", diz João Campos sobre combate a alagamentos no Recife",Bing News,noticia,http://www.bing.com/news/apiclick.aspx?ref=FexRss&aid=&tid=6ac3ce9df4b14920b27afaf8692a993f&url=https%3a%2f%2fwww.diariodepernambuco.com.br%2fpolitica%2f2026%2f09%2f11724572-ninguem-fez-mais-do-que-nos-diz-joao-campos-sobre-combate-a-alagamentos-no-recife.html&c=5047108290544070148&mkt=pt-br,,Candidato do PSB afirma que pretende executar intervenções de infraestrutura e resiliência urbana na Região Metropolitana caso seja eleito governador ...
"Fri, 24 Apr 2026 06:08:00 GMT",nao_identificado,Chuvas deixam áreas de alagamento na avenida Recife; CTTU monta pontos de bloqueio,Bing News,noticia,http://www.bing.com/news/apiclick.aspx?ref=FexRss&aid=&tid=6ac3ce9df4b14920b27afaf8692a993f&url=https%3a%2f%2fwww.folhape.com.br%2fnoticias%2fchuvas-deixam-areas-de-alagamento-na-avenida-recife-cttu-monta-pontos%2f482935%2f&c=17599364643295409820&mkt=pt-br,,"Quem precisa passar pela avenida Recife, importante ligação entre as Zonas Oeste e Sul da capital pernambucana, está enfrentando grandes transtornos na manhã desta sexta-feira (24). Em imagens aéreas "
"Tue, 04 Aug 2026 04:51:00 GMT",nao_identificado,"Chuva no Grande Recife alaga ruas, suspende aulas e abre cratera em orla; VÍDEO",Bing News,noticia,http://www.bing.com/news/apiclick.aspx?ref=FexRss&aid=&tid=6ac3ce9df4b14920b27afaf8692a993f&url=https%3a%2f%2fg1.globo.com%2fpe%2fpernambuco%2fbom-dia-pe%2fnoticia%2f2026%2f08%2f04%2fchuva-no-grande-recife-alaga-ruas-suspende-aulas-e-abre-cratera-em-orla-video.ghtml&c=7573144877036193539&mkt=pt-br,,"A chuva no Grande Recife causa transtornos para a população nesta terça-feira (4). Entre eles, estão o alagamento de ruas e avenidas e a suspensão de aulas nas escolas municipais de algumas cidades da"
"Fri, 24 Apr 2026 06:37:00 GMT",nao_identificado,Água nos vagões e alagamento em estações: vídeos mostram situação do Metrô do Recife em dia de chuva,Bing News,noticia,http://www.bing.com/news/apiclick.aspx?ref=FexRss&aid=&tid=6ac3ce9df4b14920b27afaf8692a993f&url=https%3a%2f%2fwww.folhape.com.br%2fnoticias%2fagua-nos-vagoes-e-alagamento-em-estacoes-videos-mostram-situacao-do%2f482946%2f&c=6791583239392092928&mkt=pt-br,,Água nos vagões e alagamento em estações do Metrô do Recife são registrados em dia de chuva - Foto: WhatsApp/Reprodução As chuvas que atingiram a Região Metropolitana do Recife (RMR) causaram prejuízo
"Mon, 03 Aug 2026 23:15:00 GMT",nao_identificado,Grande Recife enfrenta madrugada de fortes chuvas; Apac eleva alerta para nível laranja,Bing News,noticia,http://www.bing.com/news/apiclick.aspx?ref=FexRss&aid=&tid=6ac3ce9df4b14920b27afaf8692a993f&url=https%3a%2f%2fjc.uol.com.br%2fpernambuco%2f2026%2f08%2f04%2fgrande-recife-enfrenta-madrugada-de-fortes-chuvas-apac-eleva-alerta-para-nivel-laranja.html&c=3138914342268856103&mkt=pt-br,,É o fato ou acontecimento de interesse jornalístico. Pode ser uma informação nova ou recente. Também diz respeito a uma novidade de uma situação já conhecida. Artigo Texto predominantemente opinativo.
"Thu, 01 Oct 2026 06:42:00 GMT",nao_identificado,"""Basta serenar que Recife alaga"", diz Raquel sobre falta de resolução para cheias no Recife",Bing News,noticia,http://www.bing.com/news/apiclick.aspx?ref=FexRss&aid=&tid=6ac3ce9df4b14920b27afaf8692a993f&url=https%3a%2f%2fwww.diariodepernambuco.com.br%2fpolitica%2f2026%2f10%2f11725470-basta-serenar-que-recife-alaga-diz-raquel-sobre-falta-de-resolucao-para-cheias-no-recife.html&c=9502837923025054671&mkt=pt-br,,Candidata do PSD afirmou que Estado atua em barragens e encostas e disse que estudos buscam reduzir impacto ambiental do projeto militar ...
"Sat, 07 May 2011 17:00:00 GMT",nao_identificado,Vítimas da enchente esperam pela chegada de doações em Pernambuco,Bing News,noticia,http://www.bing.com/news/apiclick.aspx?ref=FexRss&aid=&tid=6ac3ce9edce847c29cbaf02be2be2107&url=https%3a%2f%2fextra.globo.com%2fnoticias%2fbrasil%2fvitimas-da-enchente-esperam-pela-chegada-de-doacoes-em-pernambuco-1765949.html&c=6274847800232527960&mkt=pt-br,,"RECIFE - Na Mata Sul de Pernambuco, a cidade de Barreiros está coberta de lama. Máquinas abrem caminho nas principais ruas e moradores lavam as casas antes que a lama seque. Quem tem poço em casa ..."
"Sun, 03 May 2026 09:26:00 GMT",Beberibe,"Recife: idoso que pulou em enchente e foi arrastado por correnteza é encontrado sem vida, diz filha",Bing News,noticia,http://www.bing.com/news/apiclick.aspx?ref=FexRss&aid=&tid=6ac3ce9edce847c29cbaf02be2be2107&url=https%3a%2f%2fwww.folhape.com.br%2fnoticias%2frecife-idoso-que-pulou-em-enchente-e-foi-arrastado-por-correnteza-e%2f484768%2f&c=11012723033373681028&mkt=pt-br,,"Idoso que pulou em enchente e foi arrastado por correnteza é encontrado sem vida, diz filha - Foto: Redes Sociais/Reprodução O corpo de um idoso de 70 anos que pulou em uma enchente no bairro do ..."
"Thu, 24 Jul 2025 03:00:00 GMT",Afogados,Romance resgata enchente histórica que desalojou 350 mil recifenses em 1975,Bing News,noticia,http://www.bing.com/news/apiclick.aspx?ref=FexRss&aid=&tid=6ac3ce9edce847c29cbaf02be2be2107&url=https%3a%2f%2fwww.folhape.com.br%2fcultura%2fromance-resgata-enchente-historica-que-desalojou-350-mil-recifenses-em%2f426547%2f&c=12589207268970455393&mkt=pt-br,,"Cinco décadas após uma das maiores tragédias urbanas da história do Recife, a enchente de julho de 1975 é reconstituída sob a ótica da ficção no romance 1975: Recife afundou em silêncio, do escritor e"
"Tue, 04 Aug 2026 02:08:00 GMT",Ibura,"Pontos de alagamento são registrados em Recife, Olinda e Paulista durante chuvas na manhã desta terça (4)",Bing News,noticia,http://www.bing.com/news/apiclick.aspx?ref=FexRss&aid=&tid=6ac3ce9e6b884ac8ae20440f230252d2&url=https%3a%2f%2fwww.diariodepernambuco.com.br%2fvida-urbana%2f2026%2f08%2f11720289-pontos-de-alagamento-sao-registrados-em-recife-olinda-e-paulista-durante-chuvas-na-manha-desta-terca-4.html&c=4901719761433935813&mkt=pt-br,,"As chuvas registradas durante a madrugada e manhã desta terça-feira (4) provocaram pontos de alagamento em ruas e avenidas do Recife, Olinda e Paulista. De acordo com o monitoramento da Companhia de ."
"Fri, 24 Apr 2026 06:08:00 GMT",nao_identificado,Chuvas deixam áreas de alagamento na avenida Recife; CTTU monta pontos de bloqueio,Bing News,noticia,http://www.bing.com/news/apiclick.aspx?ref=FexRss&aid=&tid=6ac3ce9e6b884ac8ae20440f230252d2&url=https%3a%2f%2fwww.folhape.com.br%2fnoticias%2fchuvas-deixam-areas-de-alagamento-na-avenida-recife-cttu-monta-pontos%2f482935%2f&c=17599364643295409820&mkt=pt-br,,"Quem precisa passar pela avenida Recife, importante ligação entre as Zonas Oeste e Sul da capital pernambucana, está enfrentando grandes transtornos na manhã desta sexta-feira (24). Em imagens aéreas "
"Mon, 23 Mar 2026 14:13:00 GMT",Graças,A longa espera de quem vive perto dos canais do Recife pelo fim dos alagamentos no período de chuva,Bing News,noticia,http://www.bing.com/news/apiclick.aspx?ref=FexRss&aid=&tid=6ac3ce9e6b884ac8ae20440f230252d2&url=https%3a%2f%2fwww.diariodepernambuco.com.br%2fa-longa-espera-de-quem-vive-perto-dos-canais-do-recife-pelo-fim-dos-alagamentos-no-periodo-de-chuva.html&c=7318575168378487894&mkt=pt-br,,"Moradora da Comunidade do Vietnã, na Zona Oeste do Recife, Marta Teles, de 53 anos, vive em uma casa em cima do canal da localidade desde criança. Nesse início do período chuvoso na cidade, ela já ..."
"Fri, 01 May 2026 10:53:00 GMT",nao_identificado,"Por causa das chuvas, DNIT orienta a evitar BR-101, em Pernambuco",Bing News,noticia,http://www.bing.com/news/apiclick.aspx?ref=FexRss&aid=&tid=6ac3ce9e827f4271803db1fd3bf81aa0&url=https%3a%2f%2fagenciabrasil.ebc.com.br%2fen%2fnode%2f1688158&c=14651871104952993014&mkt=pt-br,,"You do not have access to view this Atom. O DNIT, Departamento Nacional de Infraestrutura de Transportes, emitiu um alerta para interrupções e pontos de alagamento em rodovias de Pernambuco por causa "
"Tue, 04 Aug 2026 04:14:00 GMT",Imbiribeira,"Chuvas: Avenida Mascarenhas de Morais, na Imbiribeira, registra pontos de alagamento nesta terça (4)",Bing News,noticia,http://www.bing.com/news/apiclick.aspx?ref=FexRss&aid=&tid=6ac3ce9e827f4271803db1fd3bf81aa0&url=https%3a%2f%2fwww.folhape.com.br%2fnoticias%2fchuvas-avenida-mascarenhas-de-morais-na-imbiribeira-registra-pontos%2f504426%2f&c=9690458913401449893&mkt=pt-br,,"Em meio às chuvas que atingem várias partes do estado nesta terça-feira (4), já há registro de alagamento no Recife. Um deles é na Av. Mascarenhas de Morais, na Imbiribeira, um dos principais ..."
"Fri, 01 May 2026 10:49:00 GMT",Passarinho,Chuvas: condutores tentam passar em áreas de alagamento em Olinda; vídeo mostra idoso em risco,Bing News,noticia,http://www.bing.com/news/apiclick.aspx?ref=FexRss&aid=&tid=6ac3ce9e827f4271803db1fd3bf81aa0&url=https%3a%2f%2fwww.folhape.com.br%2fnoticias%2fchuvas-condutores-tentam-passar-em-areas-de-alagamento-em-olinda%2f484577%2f&c=11324996850811519948&mkt=pt-br,,"Vídeos que circulam nas redes sociais e foram compartilhados com a Folha de Pernambuco mostram situações de risco para condutores e pedestres em Olinda, nesta sexta-feira (1º), em meio às fortes ..."
"Sat, 02 May 2026 08:43:00 GMT",Dois Unidos,Chuvas desabrigam mais de 2 mil e deixam ao menos seis mortos em PE e na PB,Bing News,noticia,http://www.bing.com/news/apiclick.aspx?ref=FexRss&aid=&tid=6ac3ce9e827f4271803db1fd3bf81aa0&url=https%3a%2f%2fnoticias.r7.com%2fcidades%2fchuvas-desabrigam-milhares-e-deixam-mortos-em-pe-e-na-pb-02052026%2f&c=3766169068453683131&mkt=pt-br,,O Instituto Nacional de Meteorologia (Inmet) emitiu alerta laranja de chuvas intensas em estados do Nordeste neste sábado (2). A região vem sofrendo com tempestades nos últimos dias que deixaram ao ..
"Tue, 22 Sep 2026 09:24:00 GMT",Nova Descoberta,Incêndio atinge lona de contenção de barreira no Recife,Bing News,noticia,http://www.bing.com/news/apiclick.aspx?ref=FexRss&aid=&tid=6ac3ce9f7d5c4a44bc1e164c9f8c194d&url=https%3a%2f%2fg1.globo.com%2fpe%2fpernambuco%2fnoticia%2f2026%2f09%2f22%2fincendio-atinge-lona-de-contencao-de-barreira-no-recife.ghtml&c=8925755910642621224&mkt=pt-br,,"Caso aconteceu na manhã desta terça-feira (22), no bairro de Nova Descoberta, na Zona Norte da cidade. Bombeiros apagaram as chamas, que não deixaram vítimas."
"Mon, 25 May 2026 07:17:00 GMT",São José,Defesa Civil interdita 17 imóveis após incêndio que destruiu lojas no Centro do Recife,Bing News,noticia,http://www.bing.com/news/apiclick.aspx?ref=FexRss&aid=&tid=6ac3ce9f7d5c4a44bc1e164c9f8c194d&url=https%3a%2f%2fwww.diariodepernambuco.com.br%2fvida-urbana%2f2026%2f05%2f11714959-defesa-civil-interdita-17-imoveis-apos-incendio-que-destruiu-sete-lojas-no-centro-do-recife.html&c=9446285208264945740&mkt=pt-br,,"A Defesa Civil do Recife precisou interditar, nesta segunda-feira (25), 17 imóveis localizados nas ruas de Santa Rita, Padre Muniz e do Nogueira, no bairro de São José, na área central da capital ..."
"Fri, 01 May 2026 17:35:00 GMT",Dois Unidos,Pernambuco tem 4 mortos e quase 1.500 desabrigados e desalojados após fortes chuvas,Bing News,noticia,http://www.bing.com/news/apiclick.aspx?ref=FexRss&aid=&tid=6ac3ce9f7d5c4a44bc1e164c9f8c194d&url=https%3a%2f%2fnoticias.r7.com%2fcidades%2fpernambuco-tem-4-mortos-e-quase-1500-desabrigados-e-desalojados-apos-fortes-chuvas-02052026%2f&c=15433222216655099208&mkt=pt-br,,"O estado de Pernambuco já registra ao menos quatro mortes em decorrência das fortes chuvas que atingem diferentes regiões, inclusive a capital, Recife. Além disso, são pelo menos 422 pessoas ..."
"Fri, 01 May 2026 08:49:00 GMT",nao_identificado,"Defesa Civil de PE emite alerta ""grave"" de deslizamentos e inundação no Recife e Jaboatão",Bing News,noticia,http://www.bing.com/news/apiclick.aspx?ref=FexRss&aid=&tid=6ac3ce9f7d5c4a44bc1e164c9f8c194d&url=https%3a%2f%2fwww.terra.com.br%2fnoticias%2fprevisao-do-tempo%2fdefesa-civil-de-pe-emite-alerta-grave-de-deslizamentos-e-inundacao-no-recife-e-jaboatao%2c18d2aca7d690d6059eb983908b48a1c2fn4mhspy.html&c=9699225286303791265&mkt=pt-br,,"A Defesa Civil de Pernambuco emitiu, na manhã desta sexta-feira, 1º de maio, alertas classificados como ""graves"" para moradores do Recife e de Jaboatão dos Guararapes. Os avisos indicam risco elevado "
"Tue, 22 Sep 2026 05:09:00 GMT",Boa Viagem,"Lona plástica pega fogo em barreira no bairro de Nova Descoberta, no Recife",Bing News,noticia,http://www.bing.com/news/apiclick.aspx?ref=FexRss&aid=&tid=6ac3ce9f7d5c4a44bc1e164c9f8c194d&url=https%3a%2f%2fwww.cbnrecife.com%2f2026%2f09%2f22%2flona-plastica-pega-fogo-em-barreira-no-bairro-de-nova-descoberta-no-recife%2f&c=9092033515663446597&mkt=pt-br,,"Uma lona plástica instalada em uma barreira na Rua Rivelândia, em Nova Descoberta, na Zona Norte do Recife, pegou fogo na manhã desta terça-feira (22). O Corpo de Bombeiros Militar de Pernambuco ..."
"Fri, 21 Aug 2026 08:16:00 GMT",nao_identificado,Defesa Civil reduz risco de trecho crítico do Arruda e admite reabertura progressiva,Bing News,noticia,http://www.bing.com/news/apiclick.aspx?ref=FexRss&aid=&tid=6ac3ce9f7d5c4a44bc1e164c9f8c194d&url=https%3a%2f%2fge.globo.com%2fpe%2ffutebol%2ftimes%2fsanta-cruz%2fnoticia%2f2026%2f08%2f21%2fdefesa-civil-reduz-risco-de-trecho-critico-do-arruda-e-admite-reabertura-progressiva.ghtml&c=11285869432117421348&mkt=pt-br,,"A Defesa Civil do Recife reduziu o grau de risco de um dos trechos mais problemáticos do Arruda. A área entre os Portões 5 e 6, que estava classificada como Risco Muito Alto (R4), passou para Risco .."
"Sat, 23 May 2026 06:39:00 GMT",São José,Recife: Defesa Civil não encontra indícios de colapso em pontos comerciais atingidos por incêndio,Bing News,noticia,http://www.bing.com/news/apiclick.aspx?ref=FexRss&aid=&tid=6ac3ce9f7d5c4a44bc1e164c9f8c194d&url=https%3a%2f%2fwww.folhape.com.br%2fnoticias%2frecife-defesa-civil-nao-encontra-indicios-de-colapso-em-pontos%2f489366%2f&c=16442705844226211226&mkt=pt-br,,Pontos comerciais no Centro do Recife foram atingidos por um incêndio na madrugada deste sábado (23) - Foto: Instagram @cuca.drone/Cortesia A Defesa Civil do Recife não encontrou indícios aparentes de
"Mon, 25 May 2026 13:55:00 GMT",São José,"Defesa Civil inicia vistoria em área afetada por incêndio no bairro de São José, no Centro do Recife",Bing News,noticia,http://www.bing.com/news/apiclick.aspx?ref=FexRss&aid=&tid=6ac3ce9f7d5c4a44bc1e164c9f8c194d&url=https%3a%2f%2fwww.folhape.com.br%2fnoticias%2fdefesa-civil-inicia-vistoria-em-area-afetada-por-incendio-no-bairro-de%2f489710%2f&c=5167505681100897984&mkt=pt-br,,"A Defesa Civil do Recife iniciou, na manhã desta segunda-feira (25), uma vistoria na área afetada pelo incêndio que atingiu várias lojas na rua de Santa Rita, no bairro de São José, área central do .."
"Tue, 23 Jun 2026 05:22:00 GMT",Boa Vista,"Ícone do Recife, Teatro Valdemar de Oliveira corre alto risco de desabar, diz Defesa Civil",Bing News,noticia,http://www.bing.com/news/apiclick.aspx?ref=FexRss&aid=&tid=6ac3ce9f7d5c4a44bc1e164c9f8c194d&url=https%3a%2f%2fwww.terra.com.br%2fnoticias%2ficone-do-recife-teatro-valdemar-de-oliveira-corre-alto-risco-de-desabar-diz-defesa-civil%2c84ca552acca4b5fe45da3df56d5d4d84rooybqpl.html&c=440683590627641461&mkt=pt-br,,"Um dos espaços culturais mais tradicionais do Recife enfrenta uma situação crítica. Fechado há mais de cinco anos e sem atividades regulares desde então, o Teatro Valdemar de Oliveira, localizado no ."
"Fri, 01 May 2026 12:24:00 GMT",nao_identificado,"Envio de recursos para Pernambuco pode ser liberado em até 3 dias após aprovação, diz secretário da Defesa Civil Nacional",Bing News,noticia,http://www.bing.com/news/apiclick.aspx?ref=FexRss&aid=&tid=6ac3ce9f7d5c4a44bc1e164c9f8c194d&url=https%3a%2f%2fwww.diariodepernambuco.com.br%2fvida-urbana%2f2026%2f05%2f11713386-equipe-da-defesa-civil-nacional-chega-ao-recife-ainda-nesta-sexta-1-para-coordenar-acoes-emergenciais.html&c=13155355150535956778&mkt=pt-br,,"Uma equipe da Defesa Civil Nacional chega ao Recife ainda na noite desta sexta-feira (1º) para atuar junto aos municípios afetados pelas chuvas, na articulação das demandas emergenciais. Ao Diario de "
"Sun, 16 Aug 2026 09:03:00 GMT",Cordeiro,Incêndio destrói igreja da Assembleia de Deus em avenida do Recife; VÍDEO,Bing News,noticia,http://www.bing.com/news/apiclick.aspx?ref=FexRss&aid=&tid=6ac3ce9f7d5c4a44bc1e164c9f8c194d&url=https%3a%2f%2fg1.globo.com%2fpe%2fpernambuco%2fnoticia%2f2026%2f08%2f16%2fincendio-destroi-igreja-da-assembleia-de-deus-em-avenida-do-recife-video.ghtml&c=11109287189582385248&mkt=pt-br,,"Um incêndio atingiu, neste domingo (16), uma igreja da Assembleia de Deus Vitória em Cristo na Avenida Caxangá, na Zona Oeste do Recife. Imagens enviadas à TV Globo mostram a fumaça se espalhando na ."
"Tue, 04 Aug 2026 06:17:00 GMT",nao_identificado,Fortes chuvas abrem cratera em orla e suspendem aulas no Grande Recife,Bing News,noticia,http://www.bing.com/news/apiclick.aspx?ref=FexRss&aid=&tid=6ac3ce9f7d5c4a44bc1e164c9f8c194d&url=https%3a%2f%2fnoticias.uol.com.br%2fcotidiano%2fultimas-noticias%2f2026%2f08%2f04%2ffortes-chuvas-abrem-cratera-em-orla-e-suspendem-aulas-no-grande-recife.ghtm&c=3540467901933531464&mkt=pt-br,,"As fortes chuvas causaram alagamentos em ruas e avenidas, abriram cratera na orla e suspenderam hoje de manhã aulas em escolas públicas do Grande Recife. O que aconteceu Parte do calçadão na orla do ."
"Tue, 14 Jul 2026 07:00:00 GMT",Jordão,Previsão para quarta-feira (15) e quinta-feira (16): - INMET,INMET (via Google News),alerta_oficial,https://news.google.com/rss/articles/CBMikwFBVV95cUxPZEhlV09Hc0hIRmgyNDlVUVNNZHJEQlJZemx3REF4a3hwTlBDX3dmdENfbm5IYXI5MEZ5VWJuX1dsTzhpaEdfaTF0dXRERjlqV0oteGZ5UHVOQnlKQnMtV0tFMVpkd3JpTkkyUW5jVXBiODhnV0hSbnU4V2RvZmFGbl9zXzEwNDU2ZU9QeEZhdTVEUzQ?oc=5,,
"Fri, 31 Jul 2026 07:00:00 GMT",nao_identificado,Inmet emite alerta de vendaval para todas as 167 cidades do Rio Grande do Norte - G1,INMET (via Google News),alerta_oficial,https://news.google.com/rss/articles/CBMiugFBVV95cUxNdjVQcThYQThTaVNBNEV1QlEtRDlrTW5xT0FkajEtdkZrZlY2YUR4ZHVfbzVRNzNTRnpRUGtNYm9XZGtBYmlDQldHYWx1bGcyYzFRdWxrcklleHF6amlmTFhfSmFvdEotaDJfbkNWTkdEQXI2TngwNVZKOHc2T2lqalc1Yl9HM1UwT1RqR01DamxOa0dHQW15b0w0UjJJQ1VLa2VJY2tYMnVDaDBRNFBGX29oUjY5UkI1ZHfSAcgBQVVfeXFMTXhGUkNaVmJzUFJXT2FlWVdYb09DejJjQ0ZLX29MeDE3bnF6MnUxd1F2Wl9TZGZ1VTlId25Kc3hwRExBQWYwelhnZE9kUkIzdkhLUy1ldnBLMnVPN3ozWXpYeWpRU1dSeFYxclUzLVJfRHgzejhFSGdaTDdoTXppZ3AwV0hNbVRpeWdBdGhPWTc0UjJUdERuTXJyYWZoUThvV0dDVEJnbTE5MXNUUGZ1aUkyTnJVY253eWh0NEtTenV3dUc5cVk3cmM?oc=5,,
"Tue, 04 Aug 2026 07:00:00 GMT",nao_identificado,Inmet tem alerta de chuvas intensas e vendaval em Pernambuco; Apac mantém estado de atenção - Terra,INMET (via Google News),alerta_oficial,https://news.google.com/rss/articles/CBMilwJBVV95cUxPeGZMcFJXd3FXRHJNMjJqZzhYOC1FMTV6NzNILVBaZUp3aUhwTTNVU3hwclFjT0kyYUpLSTBhTUUwOWs3S0VEemJsbnRxWTFtZGZyeXBEWmM1T3otRHU5YUpiel9EamhNR0ppVG1yMkVDTWVUOU5mVWptYmEtYzRTMkhrV1ktQWtXWm5XS01NUDJLZTZCbGRDT0o4amUxdW9NcVYwYVVwT0hVN3VSN053WC1kQTk2YWFuVHREX3RMZjZsdmZHT1h2WHh3RHpQcGdMZkdkVGlDOTcwcFkwTG9QYVVHdWZIbk5jMVBTdzFOcWs5dm5TSUp2ejF0eThRVjZRdWtnc0F2eTBPTEZ6ckZOeVhnOWJ4bjg?oc=5,,
"Thu, 04 Jun 2026 07:00:00 GMT",Boa Viagem,"Inmet emite alerta de chuvas para Grande Recife, Zona da Mata e Agreste até domingo - cbnrecife.com",INMET (via Google News),alerta_oficial,https://news.google.com/rss/articles/CBMivAFBVV95cUxNMWhaRzA0aWlURTg2N2Q4VzJPWFlEUmtXWmxqa1VFU1NHd0d1RXhldnVLejUxY0RCdjFwWGxqc3ZCaVVtVG5mWnJVLTFZdVoyMlRLYXdCbjA5TlhTZTlBUlJzQnQzRXJhaW1XbmVQd3ZiWDZvTkZKLTNCZTNBeUhZMHNSWTdFcGhNNl9CakVpdVgya3VTZDNLVlM2UGxmZmNPaUdmLTkxZGZBYXZyQjhBcGstRmhNOGdkZTFjWQ?oc=5,,
"Wed, 03 Jun 2026 07:00:00 GMT",nao_identificado,Inmet emite alerta amarelo para queda de temperatura em 12 estados - Agência Brasil,INMET (via Google News),alerta_oficial,https://news.google.com/rss/articles/CBMi2AFBVV95cUxOX0JNa055ZnVnenlsUENEMkdteXpuMkRkYllQekVXaWMzdWpiYlAxemNzSjJrRHRJQXk3dmNYX2NOcUdiczJiZ0RmZVh1T3V5MmJrbTh0ZDQ1cEctSzNwcDg5Y2NGcE1rSUh5TjJrNjRrX3J2N1hPTWV1ajFhWTFNeklpaDlOYW5Mb3hqVnJ2WkluSHFhNGIzZ051aGVmQi1EYlprS0ZiUDY1a2RnbmtZVUppOUI3cmZUcTBvWGFkVC1VYlVXbUhJcEN5VkZwMkNsN1oxaEM5SG8?oc=5,,
"Fri, 17 Jul 2026 07:00:00 GMT",nao_identificado,Inmet emite alertas de chuva e vendaval para Pernambuco válidos até sábado (18) - Folha PE,INMET (via Google News),alerta_oficial,https://news.google.com/rss/articles/CBMisAFBVV95cUxPV3J0NXVDN05CMGxXeGlqQlRZZUJMUHVBXzF0TUpLODFFZ2dDZUZHZUg1UWRINENXN0RPUndXQjRJR3ZSaTltanExMENoT280eG1FU3BWZm8wRlFpRVQtOTVJT3BMY3FLSDdqbFEyNWd4X2RzQnk3alRWSV9UYmpXbUFPYmZVR0RGa3pMNFFtZmQ3MWtyakNOa0ZPd3l5ektxN0VQYWptTTk5SHU2M21rVtIBtAFBVV95cUxNa1NqcWRUUnRaVnhnX0R6Q2xON2g2VG44WmNLYXNPclNmUllEcG1fRm1zLWk0cjduaHJYVkJwYUMwbUVWaTVkaHl1V0prdnpmQ3A5UE80Z3lDMWJaczlfRDR3S0VhZzEyeXdQeUIzY3VWdWEzZ0dXRkZtc0F1NnpOVWctdjBoN0xFVU5BYXB3VlFDcFFaX29SN3hleWItWlRrWDdYdUF2Q2NSc0hGbWFQcTB0Q0c?oc=5,,
"Tue, 02 Jun 2026 07:00:00 GMT",nao_identificado,"Apac e Inmet alertam para chuvas intensas no Grande Recife, Mata e Agreste nos próximos dias - Terra",INMET (via Google News),alerta_oficial,https://news.google.com/rss/articles/CBMimAJBVV95cUxNaTV3WlB4R2IwXy14emROakVWQ296LUpZOWxrWWI1bS1CbWhydlNtd3FxeEtnRjY5RHhpX1E5ckh1Q3BMZ0R4UTltUThGcVRIRkJ6U1pjLUx2QV9iNG5yNS1UWGZibm9fQmlWQkdGQV96ZVNpM0hXRFlMdjZ4dUFteWUxNlRrVklqYllVSzFMdHV4S1JGSlhzeFJyLURzZEp5NTYwSjkzdmpjZll5amNJWVUxeVF4SXN4VHFhaU1lLUxBWlJhMGZKOUg2Y1dqbTF4RXA3R0oxVVY0QzM1QmJrQWlpMWRpRzhYVGRUSWgzSTJ2QkdDV0ZFbUNERzNfRm91WjB6X0F1ZE5IdnlDWVhrYW5FOGljd0cz?oc=5,,
"Fri, 31 Jul 2026 07:00:00 GMT",nao_identificado,Todas as cidades de Pernambuco têm alerta de vendaval no fim de semana; Inmet orienta como se proteger - G1,INMET (via Google News),alerta_oficial,https://news.google.com/rss/articles/CBMilwFBVV95cUxNVE80M0VTcnNqcWNZYjlfOFNsMnd1OWdsYUhqbkw5ZVIxOVVKTmVFWXF1TTFSRE93Uy1qdnNBWjFhY3FkZW5neXN4dmoyZzgyWUxkS2pPcHFPYTFLS1p3Sy13RnpFbUJvVDBJdFR3NUFkVFNRYzh3c1FhM1NWREZEN1l6Rkd2dFJDbWRVb3g5VzNfSEl3ZGhn0gGmAUFVX3lxTE90c3FvU3ZSMkRoQlhFMTN2UmVmZDR0YjZ0MzJKXy1xcFB4WTR2QnIzNVZpSzJvbmtPUklkWG0ydldRYkhJYkU4WE82UEg3Xy00d18wcFY0WU1UQ0tlSlZubzJNZTVrbHQ3YU94TzRsRGhlNGZFbThpTnNDcVNGekpjcTQzUmx3aVdWZGlFUU5qcDVwYjJZbmN1ZjI3dFRyTVIwbjNQeGc?oc=5,,
"Mon, 08 Jun 2026 07:00:00 GMT",nao_identificado,"Inmet emite alerta amarelo de chuvas intensas na RMR, Agreste e Zona da Mata nesta terça (9) - Folha PE",INMET (via Google News),alerta_oficial,https://news.google.com/rss/articles/CBMisAFBVV95cUxOUEJ6enE1TnE3U1dsNC14QVdPdVpLcy1IT05uNnZpN2FheFNaYVptTGZ3RGtQRm80OTdhNEVGdTZnX3JhTjBMUGxXRGx5akFEck1kNnNYLWd6d3VxZVRpWkdqc05UY0x3cVhUYnN2LWM5V21OTDRaVDJQeHRFa3RVTV92NXJITzJ2eVFhdFVOaGFRSnh6LUVpcG1DekowTGV6dmIzNWNWUDNqc3hqOUxsRNIBtAFBVV95cUxNZGZWakZ4X3NlZlBzS25TemdNOUoxbXBueThMWTh5WHBNbXBLUXptc25zb29Db0dGajY5WTZSbVNaOW1zWDBRLU1FSXpEZkpwd0RDUFY0Q3picHpVY3pOQ3d4c2VSb0tTamlVWlNVN0VkX2J4ZGpzYlphVTlHVnZ3cExoUkduWnM0V0gydElDRmtDRVNqRFZKU3pxWnF6WVYteUJSZDlhQ0h2VGw3RWtXeXZKXzM?oc=5,,
"Thu, 23 Apr 2026 07:00:00 GMT",Boa Viagem,Inmet emite alerta laranja de chuvas fortes para Recife e outras regiões do estado - cbnrecife.com,INMET (via Google News),alerta_oficial,https://news.google.com/rss/articles/CBMivAFBVV95cUxNS3dFaUtoc2hBZ3Q3TTUxZ19GMDJvVXRMZF9JZk84UGdBa2E2eHd2SG42X3d5d2RLM3FNUG8tRU9XQmhNUkdTTmFMb0R0TjBSZFhYS0sxc0RvcDhUcUMydDZod08ybHFYR1dKRHI5NFgzaDJjWnZhcjhYR0N1WEozUEpQWmtqSTdScjJIMmwxQjZiZ21mNkd2ZVExaEcwb1Z5NnpqTXpfSkFOMXBlbUdOY04zeUtKYmFPejdKbA?oc=5,,
"Wed, 15 Jul 2026 07:00:00 GMT",nao_identificado,"Feriado desta quinta (16) deve ser de chuva moderada no Recife, apontam Apac e Inmet - Terra",INMET (via Google News),alerta_oficial,https://news.google.com/rss/articles/CBMiiwJBVV95cUxPZmhfMFRpdEpnRFIzanF0RlVfX2ZTaEllNVExNDVYMmZyMkk5SGFDM245akpndjFsT2hlOVdzRmNuTnNPWnlJZHdZYzJVX3c1YkMzYWdpV3VfcG9zV0JEQThwMGZLdjFkT0R1aTJ5R0dTRTRiZWxOTENYcTY3UjNFNl9PME5UQl9oVDZUaXlQMmVnMUtnR2lUemdTcVdoLVl5ekRsRDU4aUxZSWhaNWY1TlY2MkFibVRvMWVxM0dqRUF5a0M4UzNacGlOdk9oN1pnd3F5N1lBTkVfSGo4Sk1FLVBCV3FMRnp0dEI2bDd3Zlhvam95OURIQnVSV0V0UVlhYnBDMDRaQTVxWWM?oc=5,,
"Tue, 21 Jul 2026 07:00:00 GMT",nao_identificado,Inmet divulga alerta para Mata; Apac prevê chuva de fraca a moderada na RMR - Folha PE,INMET (via Google News),alerta_oficial,https://news.google.com/rss/articles/CBMirwFBVV95cUxQc3NMS2lFbjNEUVFHUkFXWF9HOVZ1anVybC1IUjVsZXotYTNaMlczTS1YSC1ZUFRCZWNqNUhoek5YRUdQcmJvczR2S0FPb3Z0Q0lIT2dSZ0liTG5vNTdjTHVPRmRXdFc3bjZKSEVyY2gxT1BWSWVPWjBRRGsxcUZDUTJXSHAxNUxNbk9JN0pLcnR3cHYtRlVkaTZHamhCYmlFLVVXWkVuZUFYdGNTQWxz0gGzAUFVX3lxTFBkaXMtRGNLRnJsQUtBTXZYX0x5ejI1UmgzV2RfMXczQlJBbXdWcmNuWEp5TndKVno0azhkUmJUQ2NaTWlkZWV4Q2JGWHJyXzRoX2UtUkFsb3hNRDFFZXdsSWxGRTlCQlYxekhVbkF1NFZaY3V4RkpuRzZlN0ZaOEZuV2lWb05mUTR6a0dQd2pyS1NabVBXTG5ZSmpTWVM0NHBPeGZmNTlCMGYxTUtBRmx3ZnNN?oc=5,,
"Thu, 30 Apr 2026 07:00:00 GMT",nao_identificado,Grande Recife e Zona da Mata estão sob alerta de chuva em véspera de feriado; veja previsão - G1,INMET (via Google News),alerta_oficial,https://news.google.com/rss/articles/CBMipwFBVV95cUxQN2hCWEFLZjdOajgzdXZJaXRhY3l6WWNvWHkxam9QMWw1R0RIRnkzdVhUS0dnTWhjQ0RKd1NHN0VLeWRFYlI1Wk5nZnNLajJNX0V6ZWR3YmVEYlBWZmQtWnZYam1kRDN5NkRXZklMMzlpM1p5LXgzc0FKek9TS29RNVR3dTdwanRqRmV0ZWlDbHI0cW01TXdxXzJsZ05hMjNsTWRlY2syd9IBtgFBVV95cUxQbkR2blozaUt0QVhWY3NvdHdaYkJvY29mTEN1YnluVWRzc1RtWHRyaUViN1IwMzFueWhTeEwyZTltallkNlB3QzlBWDFOLWZobXdpMlVTVHFxQnN3MlBHWEoxS1lYM1VTYVk1czF5ZXNkWmsyenNiUUtvWUdKZ0dsUE9Pc3FDellycHYwMDBFdUpCc3JjeUdjRV9Rc004RlNxWk5LLUdaSmIxTVVaNS1INHdWOUxoQQ?oc=5,,
"Thu, 07 May 2026 07:00:00 GMT",nao_identificado,Inmet alerta para chuvas intensas no Grande Recife e mais três regiões nesta quinta (7); confira - Terra,INMET (via Google News),alerta_oficial,https://news.google.com/rss/articles/CBMimwJBVV95cUxPQjdFTTFwbDVyVW5JVkFrSm5kX1l3bjV1UzNpMVBabXRwUHZvelRoelBJbjE2UmhsRDkzOEdBYnNvNktnU0VMbUcyMHNGYnN2SE5KekZSUTZiQUZMMGw1QW1ZaXN0Z2lXVHVZTmhZMjF0MTMxXzIzb0V1NE9ZYkFHdTdRSnpXeGR6SHFsOGo1NGEwTmVXNXZSbkZBRkxMWm94Y256bUxjS2VyQU5TSVBvNWY2blRwQTZjc21CZV9SbHBhSnRJbm4wVjJDVEdzdGhfbHR6Z0VlaDdPejZQVDEzRU1ZdHQtOC0wZ1ZsMkhZTkxaT2s2QlotLUJVMEo5YlQ4MFlWZmlLM1l6MUxLZHB3Nzg2LURqQmxDZlEw?oc=5,,
"Wed, 03 Jun 2026 07:00:00 GMT",nao_identificado,Inmet faz novo alerta de 'perigo' para chuvas em Pernambuco até quarta (4); veja cidades - Terra,INMET (via Google News),alerta_oficial,https://news.google.com/rss/articles/CBMijgJBVV95cUxORUcwR0VOVEU4S2haR3k0QXFYUFB3aW01NmgwbUZvXzFvY0pobDJSbXVWR0s0ZUZ3ZFRuRC14bzdZaWctRVNCUnozSkN0M2xEVlVNWDNELWZXS1ozYjJldmFlaC1tXzQta0Zka2hNT284NExnUldwcVo5Z2ZQVmMzR2dvVHNNMy0tMTdKNUZ2V0NYU0ZvZlI1Z0FEVFFuZEVwSDh6NUliZmVtUUJWemJYaFhXRFNxcWJjSTAzX2JvSFdsUW9hWjJsSVNUVE1WRXM2MWpBb3V3WlN2Q3FHUHFlVUFTUmRRdUNBNUtVNWRyazNqOWhVbzJydms3bWhRNW5mdUFHaFMtREItR04yQWc?oc=5,,
"Mon, 20 Jul 2026 07:00:00 GMT",nao_identificado,Inmet alerta para risco de chuvas fortes e ventos de até 60 km/h em Pernambuco - Terra,INMET (via Google News),alerta_oficial,https://news.google.com/rss/articles/CBMihgJBVV95cUxOaUx3UVZ4dlN6RUhyblowMUIxbk1udHlDc2t0bk9RbFFVWEJnbFMtRzQzZkVHd0p5QUJXY2dxc3BHSVJfODJnVUlKYk43azNJaEpRWFhfVFU1S2VBM09MenVWc3VYR09vWUZJU3pBUnVObWlxcXNQR1ZDRGhIakVnZ0hlb0xwSjVSdXJkVndNN2k0NjlSYVFNSG9LX1hLb0F3SmVpU2RZQjdOejZFMU9rMUVLREpJbGFPSGhUVmRwOWIwUW1faUNRN0IzT2VtTnRIa0ViUk1UejZ0LW0za3o2ZDhfMkNzcEc5QmlLVmpQYW9aUGNhZFVpcUw0b2hCTGxMWTZtWm9R?oc=5,,
"Sat, 06 Jun 2026 07:00:00 GMT",nao_identificado,Inmet alerta para chuva de até 50 mm no Recife e em 88 municípios de Pernambuco; confira - Terra,INMET (via Google News),alerta_oficial,https://news.google.com/rss/articles/CBMikwJBVV95cUxPS05EeHNlOUtZclp1N0tpQ0JaSWlsQ29id09YRXNPTXU1dk5OUENkZEJYcXRRdzBUcGxubjVOVGR5TnptdlJXV3lGUWhIUkN3M0x5YVNIWER5YjNqWkdSMHVFSUc2emZZNUVrZEdJMGNCZGpmbHVwczNiQVNqYjg0d2trS0l6MEhKLWlTU3Y1b0NFTWFnM2hEelpreDNoSG84R3JHS0FRUGVYc3F1YU1tOVl2M0xtU2FaNnlCMHJEZlFTLWJCU2QwUmdScUo5Ymt6VVJYWDVsN3FNY3NXSzBXaDY4MTJ4eDA0RHdRZF9TRlVQcFJ1ZGg5b1lyNW5OMGtsdnNjWWM1RkdhQlJWZHBTcjFqRQ?oc=5,,
"Sat, 30 May 2026 07:00:00 GMT",nao_identificado,"Inmet alerta para chuvas no Grande Recife, Mata e Agreste neste sábado (30) - Terra",INMET (via Google News),alerta_oficial,https://news.google.com/rss/articles/CBMi_wFBVV95cUxQckRMdFNFMlBhR2ZmUFQtcUpnMEdhcDhRSUw4VFVSUVVlRXhWNVVrVEczbENBbG5zWm40ZUdPRmQ2TzlCc2s5TTJvYTRHaTQ0RVJPWnBGREdfbmxVcEE1SnhWaERQNS1HX0ZxVFlzYXpxWWJnWUhEaGpVQXVhMzhFN0ZlWElWUjBDSUxiQldWemc0LXpudlZ5Mlc5SkVnZmdQOEJST0lETHBJelc3YTlIX0pBaEJFVG5RcWVraFU2a040bXJSb3VCVEJobHRQNGpXUllnMzFaRVB4Tjh5TEZZb2JwdGFremEwbzc3TmljcjRjektrOFgtSHpKT1RYdk0?oc=5,,
"Sat, 09 May 2026 07:00:00 GMT",nao_identificado,Inmet prevê chuvas intensas em 53 cidades de Pernambuco neste sábado (9); confira - Terra,INMET (via Google News),alerta_oficial,https://news.google.com/rss/articles/CBMihwJBVV95cUxNNG52aXhmOEwwdFJsZGJYOFJxRDFWU3RZejRiZDI4dkR1ZzJHVTVDZFFLbjg1eE9Ncks0WnBiQ2VMcUFwd05oRGI3UFZyUmY0MGJqTWdvbkFORHBoTVJNUlh1V1k3eERDRkM1QkZkamFFc3lFcURYQ2RJMElIR2tKRXlkcnU2ODBESFE3a3BxakpvOFZqSEdYRTZYWmVQek9Kc3JZRW94OV9SSTRBbVRDRS1tQ0hTMDAtVjZ3VnhGU3pyTy1iT0I1VzlzZ1VYRmh4Yzd2bW9fRHRWcWIxelRpZmdmZTN1WXpFV05KM3lSMmpnLVM3dkNDOGF1LWlVZm16M1hvcVgtRQ?oc=5,,
"Wed, 24 Jun 2026 07:00:00 GMT",nao_identificado,Chuvas em Pernambuco: Inmet emite alertas de precipitações intensas na quinta (25) e sexta (26) - Folha PE,INMET (via Google News),alerta_oficial,https://news.google.com/rss/articles/CBMiswFBVV95cUxQdUtiZEpGOWdjbHJFNmhiZ3BNdlNUWlJpNEdiUkkxaVU2S1JCeU5SQ2hWSThCMzhYUnV1cklrRDJSOFRkeFFPUmM2T2Z4U2pYcnJJX3ZtSWZiU3ZkMkllaVdIQ1NQZUZIdVFKRHJLV2NvX0tqOWdWUUQ0RTFacGN4djZCRWh4LS15bUk3SWZ6UUVPR09HSUt4QXprTEo3WkVEcFM1Y1c0NWpWeGN2SGlLUDQza9IBtwFBVV95cUxQX0szVGVWY0NqTmJUTzFfTGxxanJQdWx6WUQ5RGRSYWpSZURkWTlud3Vvc1VLakJyVGhpMkV4UWVUN242ZGpuc3VzLXRBR1FfM0hNT2s2Ti1OdWpsWjlsalN4MndnQ0VYZXVkVUtWRUVYMWRxUXhybDliMFE5bWpuVnpVSGJIODloNHBFLU5EUl9tdFRHLVRQbTY1X1FfTVpSOTFtdG92ckNRSUNfbjZTYUxtQ0lsNUk?oc=5,,
"Fri, 08 May 2026 07:00:00 GMT",nao_identificado,Inmet alerta para chuvas intensas nesta sexta (8) em Pernambuco; veja regiões - Terra,INMET (via Google News),alerta_oficial,https://news.google.com/rss/articles/CBMiggJBVV95cUxPRTA1ZFU5V082WjdsNG5wOEIwUjlyb0NkUWc5bWpuclJPXzVfMS1SeFJaMVFRYW5WR0VHWUVLWE1DUE84LTV4OWUyaTkwRmV5eTMwUWgtdWdHSUdDc2Q3NV9HME1iSlpmZlVlblRzNjVYY1E5Y2hWY3hRZGkzR29YMnZLT3RZVTRMYTV3ZGdhMFJsUDJCR1dPa2g5a3FscWszVjJUeE9VdGlVQ1dUOEZOU2pYY09DWE5FRUpySk84Q0QtVFB6LVNNYTdzemhVak9lY3ZjM3pqYjA5eEU2ZkoyLW5XTzc1RmhVTGxjeDRLSzZ5Rzl1cnZIcXEwQlVFV3R1eWc?oc=5,,
"Mon, 04 May 2026 07:00:00 GMT",Boa Viagem,Inmet atualiza alerta com perigo potencial para chuvas em parte de Pernambuco - cbnrecife.com,INMET (via Google News),alerta_oficial,https://news.google.com/rss/articles/CBMitgFBVV95cUxPeHdIVWE0enJReS14aV9Lcks2RkFldVd4WU9FckRCV0VzUTlNelE4SWg5UmI5dFZ1T1FTTm9sUVF2el9MVURucXJsOTg1bzhVelRqQmROZHVwQXZyTXlLWXU1U0JzS1lOYzA0UWFuOUt3WjlWR2I2Zkx1QXZhRl9rS0Y5cks0VVItZHMzYUVZLXFHZ0ZqMmwxU01uWVNIWGNZNzNfa3VNbmp2dkU2TUxJT1FvQTFyUQ?oc=5,,
"Thu, 30 Apr 2026 07:00:00 GMT",nao_identificado,"PE: Inmet aponta perigo de chuva intensa no Grande Recife, Agreste e Zona da Mata nesta quinta (30) - Terra",INMET (via Google News),alerta_oficial,https://news.google.com/rss/articles/CBMingJBVV95cUxPX0Fjd0ZVbWVxSXBQc2dhcTJtcng1Tzc4SXlOVlRUWVpPUk04dG5QLVdvLUVZNmdockZCZmIyQTk4WDk0QVo5VExMVFdRaGZCNUR6MkhCb0hadEstLU1MbmpiS1g0a2xFR1ZWeVcyN0J2N0JJMmdyNFI5eWRLYzlLckhneF9Kc202bHh2SGNyNzJjV2ZScFpqNXpLZkVQcVJENVEybEtDeW5USXA0RFd3RFd4Um9Mbk9MamVUbng5alJleFFyT0gweU1ORkQtcEFtN2d1dlp0d0tMY3ZCSnVSRGNpTHdnQklYOHdKcGVlemZLLTJtUk5aUGJpMlp0WFlvcHVLNERjQzNEWWh4V1ZRMEZRRGtibkV4dUN5b0R3?oc=5,,
"Thu, 05 Mar 2026 08:00:00 GMT",nao_identificado,Inmet renova alertas de chuvas intensas para Pernambuco até sexta (6) - cnnbrasil.com.br,INMET (via Google News),alerta_oficial,https://news.google.com/rss/articles/CBMiugFBVV95cUxOYUV1aXZuNklQRFh5SGhQS2c0eUxIZmFxeG5zcnhhZjB3S28yNk1sbDcyM0tvWXd1TllmTWs0ejRieVNOWlR5b0RabTdBUExPNXFwaFRrX1J4N2h0cUdyVjdQOU5TQTBKVFdZMW1Na1g1MS1pVzJtZHdXY3lLN2Z0TTdwY2N4X0w3ZWJ4OUQ5UTIzUHVXaWlkODdXbThPSkNlZmYtQ0xYamtaekFhZFprN21TbHpQdEFvNVE?oc=5,,
"Wed, 29 Apr 2026 07:00:00 GMT",nao_identificado,Inmet emite alerta de chuvas intensas para todas as regiões de Pernambuco - Folha PE,INMET (via Google News),alerta_oficial,https://news.google.com/rss/articles/CBMitAFBVV95cUxQNnQwSk1hblBrWjJVT1plcHdZNVNwVE04X2pINmgxZUhZUktCaVBNcHpaN3dlSVlVN3loNDBOX2oxejEzWGE1T3hsSnZtSW4zbDlHWHJ2NWoxSnJtUWRtdkJ5RllqamxBQmpLbTJEYWlKV291eGY3V2RmR2tNaDJROEhEdTNIemNWc0hreDZfbGV1NlFvTHphNU9UWHE2cThjNDJ3d1NjX3RodjVWU3JCRXpGVXrSAbgBQVVfeXFMT0tNbmdaVW84cjAyeWFVcE85NzVnNkhVR1UwbEs1aEoxWU4zU0FoRXBBUENlTU1WZWhfdUlVOVVpcW5oSmVDMGppQ0RHaEVnaDlNd1Z3VjJIX3Y5MWoxMXF1cjhXU3YzcE83Mjdqd2RZLVVseWtTR2JQSTh1bElzVm4xN3VtZGx1UXN3RnZ2ZEdpX2xzd2xoQUs1UzM1T0VmdkhwMVprdDVVZTJoZDliaDhudFJwRW5XLQ?oc=5,,
"Fri, 03 Jul 2026 07:00:00 GMT",nao_identificado,Vai chover em Pernambuco no fim de semana? Saiba o que dizem Inmet e Apac - Folha PE,INMET (via Google News),alerta_oficial,https://news.google.com/rss/articles/CBMiqAFBVV95cUxOZVprclpIY3ljN3hmNjBMd2Etek5Qc29LRFdaZXhDSlRhdkdlVFpnbWw5R09aa1dQRTlTakY2a0d5OXBxTDd0R29UZGdrRjc2a0Z6Z2JMWWtTTXoxMzRKLWlfMHhnc1V0dExEVDBLSlh4TW51NDJKSUppeVRaZzhGcmVONTdleExJMERjaEYxbm1XUU91TE9EWkd1dXRKdFdXZTViN0Y0d0jSAawBQVVfeXFMT3NNQ1RBUlBETURjUUhIMmFRc0wzSkVZa2Q2b1p3VkhPUkMzQm5yaVdLS0NiczZpSzgzeFlmT0F6V1RxVjJSdWxIbGdUUFhhT1NkX2pzNXZwLUpPT0V1amF4Y1lTTWgtWDVZTVdUM0NLUmliTUpSWlVhXzRkTzJKT0kzZ1hhOVZyaVl6ZzJHeFhfalZkLTRfT3BlQXNWVlVPZmE4NzZUY1pvX2dwUQ?oc=5,,
"Sat, 25 Apr 2026 07:00:00 GMT",Guabiraba,Alerta de chuvas: Inmet renova aviso para 59 cidades de Pernambuco - G1,INMET (via Google News),alerta_oficial,https://news.google.com/rss/articles/CBMi5wFBVV95cUxQa1Izc2FkSHZZYzY0dnI4ZUhnSVdDWDZjbk5oSDNyT3EtU2tlb2NxbEpNenJrS3phOTRMUzdPNkRVcUViRFlTZTFzbmRzZm80QjF1R0ZkUlRvS1RtTC1UMUt0dktuc0N1b2FkbTdYRC1ZcENPQmZsbHcxZXlPZzRoc1Y0Q1VXX3FHVXBHYUFfMldaNEhLdktjbDdaN1FVY0o1Y1V6eG4tb3dJeFNjMmxsaEVOWnktSE80cTVMc09qbkcyNER0bEU2bTJWMnRJdnNNVkVoVUlEODVYUUJ6bHFzRTFtYlAyMzg?oc=5,,
"Thu, 04 Jun 2026 14:39:04 GMT",nao_identificado,"Inmet publica alerta de acumulado de chuvas para RMR, Zona da Mata e Agreste válido até domingo (7) - Folha PE",INMET (via Google News),alerta_oficial,https://news.google.com/rss/articles/CBMisAFBVV95cUxQUnd4MS1OZm1ZMzBHM3VhcklmTWVSVXNSWkR2NXF2RWJLVmNILTlSUVBlZkZtbVZ0OFVqTXdGWWt1SzRINk1waUF1QUZYb1hvY0hUQnBhOEdBTW9hVHFkNm9SMXRpeHJ6Q242QzJGZDJ3dFV4ZElRUUgyMm10RWlpQmNOXy1zbVM4dWZvWnVnb2VWcFR1MUprNC1MVzZJY1VSeGtyM3FoMzZ6T1VQLUdUNdIBtAFBVV95cUxNRGhHNE5DVkplaWRPaGhFdS1rLWx0Vk1qelFoeURKeHdBMjZ4ZjlNZzEzRGI1NlZVY3VZeW1NYmxSMjh0UnRNNGtwM3YzbktEdVZiSldYdTI0VDNtanYyUTFoc3g0TU1KUFQzUEwxYUZrWHFCeWNNM2I3SHJCM2VZWlBXWExURUY0NkhLa3liUTdQdDlCYkpCZ2p1d1JMRXFBRlJJdEFwQ1JhM3ZQVmtIcGcxVHM?oc=5,,
"Fri, 19 Jun 2026 07:00:00 GMT",nao_identificado,"Inmet emite alerta amarelo de chuva na RMR, Agreste e Zona da Mata válido até domingo (21) - Folha PE",INMET (via Google News),alerta_oficial,https://news.google.com/rss/articles/CBMirgFBVV95cUxPUEk0eDFFQWpXc1RCUHJ2ZmVHcFN3OUdKVGVObDIzVk9JTUtMM1VicjRkZ3UzT1pIbFQzMUdKbmc4WWZKZWg1YUluOVI5MlJpenVaWk16d3JldHl1SEVnbVVsMm05YkszdXNtZmlFVXZxbXpXMXdQN0x5cXRDSDFlYjVxbkdUTFZYcmJBbkQzdkYzT1hPaVU4Z05XMmszN0JhcUNBLUFsQk95aTd2SlHSAbIBQVVfeXFMUHBxTE9ubklCcnF5RG8zTk9nZ05VWWwtcDE4ekx1ZHZkdzZlc29hVnV4NGNXWFZpVS1IOEJfOXhGMW41R29IdGtxRmFFYnBwSTdMcDN4WnhUeHdnQTBCVFVpeUF1bGk0VlVQUE9sMTJiMnhMYV91YWxJaFhZUWFUbVBha01hMXN5VnFDY1lXdlZoNEthUUFiT01lQmQxbld6MHl3MFpSQzFZRHNMRzVOYUhOUQ?oc=5,,
"Fri, 15 May 2026 07:00:00 GMT",nao_identificado,Apac e Inmet emitem alerta de chuva forte para o fim de semana em Pernambuco - Terra,INMET (via Google News),alerta_oficial,https://news.google.com/rss/articles/CBMihAJBVV95cUxPM19MSTlDMXA1am9peTVpWHNVVXRhYjFiREkzQk1YZ1FiYjRwdWhwNkZyUG1OWi1vYjIxNC1GLW1xNFgwWlNIY3V6MHhpQ3pnbzFtM0c4ZVRmUEQ2VkJlbG9PMDd2aWtZcEFjUnkwajZlODBWMjBOMzZNQWNteVBHV2Q2a1BkTURWVEtfeGRGdWtvUDVCbjJ4NFp4dmlBWjh5V0xkaERkbGJRVWRhYlQtc2ctWjlPS2M4T0QyWWFPamdCSFJxbzZJc2xLakZtVlo0b1lUNndJUkZkSWtvXzNpa1FJdzl4MXlsZlV3Qnk1b3cxcHluRW9Gc2pZZjJySEdLZ1ZvWg?oc=5,,
"Wed, 05 Aug 2026 07:00:00 GMT",nao_identificado,Inmet divulga alerta de vendaval para Pernambuco e outros estados - Folha PE,INMET (via Google News),alerta_oficial,https://news.google.com/rss/articles/CBMirgFBVV95cUxOeVR6TEYwb0gydHBUWE0xdW5HbFlYaHY1bzVFR1AyVUE2LVUxNG02dVBIUHNXaGlNdW9qX3dJUTJqbXhjTUhXV0RVSW8ySkUxZEF0Y2lDbk1nQVVXNV9sdTU2SmpZdnJBWHVpOTFraFI3ZzdEMl9DUHdjTVgyY1gzNXlHNldKaTJSeFZmRk5oRFlSQ1cyRXBleDh0Y25KRndpOHFXRlFEZGc0UUx3eEHSAbIBQVVfeXFMT1cyanplOEM0VkNrejRGNDJzOHBYZFpPaUx0Zmt5M1ZIYWhmV0tJaHFKZUQxcndDVDVETURVZ3dQT1pSZVpkOFViYmNfaFVCWlI4cFVqLU5wTnNTd0g1TS01NFFQNENodjNsSUJrSkRweG5CTm9HcnFyVUIxTWdRZi1KYXVVeUpwRVhBazJVWUh2bHhwaUpKdzZmWDEyOHpCQ1dSMUZaejh4cU91TVVZVEFEdw?oc=5,,
"Mon, 03 Aug 2026 07:00:00 GMT",nao_identificado,Inmet emite alerta de chuvas para RMR e Zona da Mata de Pernambuco nesta segunda (3) - Folha PE,INMET (via Google News),alerta_oficial,https://news.google.com/rss/articles/CBMirwFBVV95cUxPZVpQYjFpZjJXblpRN1lfVjZ5eERhV1dWY0xWTzd2ak1mNmtLTFFFOGFVX1dNaU9wenh3WkhCN1hRNmFQTTU5NjJ0US14TUc5OEdOdFNPUWhTVFhadXprOTBaWTBWcXI0UFlZcXEtX3RoT195d29fTVhmQ1FjUDJKQWpGTlNlWXhuY3p3UldlZXBUX0ZEVzJBU245X0xnbWpSR2gxZTRmQ0cwN3MyaUZB0gGzAUFVX3lxTE1HR2dvOEN0YklleFo2QzRoN0xGUC1ZVUxQbnRlQWhyNkVPNExlNy1zV2hjczYxNE53S19ZRDhrUXFHUTlBYW1jY1dXbjBrMkZtN1ZJOUZVOHBEem5Cem9Vbkx1VFluZjdRblRqNnR6MUt0TUd1cmxyckM5cHhDMmVTVDBWbkN3clB2RU5oM20zRWJ4RDNBNC10U28xd3VISkEwd2ZKczdfNHlrMDN2V3VHb0tz?oc=5,,
"Fri, 24 Jul 2026 07:00:00 GMT",nao_identificado,"Alerta do Inmet prevê acumulado de chuvas na RMR, Mata e Agreste até sábado (25) - Folha PE",INMET (via Google News),alerta_oficial,https://news.google.com/rss/articles/CBMisAFBVV95cUxPWFFNVy1yV3U3bmdSWEdLemFPMDBoSFRpRGppd0pJRW9uNVl1QlM1bkhTMmllaVNzZFF1YzRZcjdDaVh0TXAwMXlUSjRYQmZQc1o2ckNJbmcyZkVpYm1iSHZubzh3TXZxellaUjgyT294WjNnS19MSjhuU0xLdnMxYUZXVUxlbUlGOUVPZlRGWHhTemFqWmxVcUJFaEQ2akZ2ZUVuV2lTa2dxT0otY2g1LdIBtAFBVV95cUxONk5jRTIzUXpZYzhCOThVMUpwcGNieGhkWjI0ZGVIeG9waHpQTlRlQWM5QTA5bjJ6MmVjbEc1aHdUNVIwcHotYjRyX0tzNTlCWG84akFUcll2aHZIaDZkVnVqSTVrVkJTZjdrWHdIUS13NmdsNGhFTVhyNndvOUpmMkU0TTMwWm15RkFPN1ZtUGJJcUtHUnFsUkpjNE5NNXlBZ0dKTElVb2tQcnhUWmVxMjVnbWE?oc=5,,
"Wed, 03 Jun 2026 07:00:00 GMT",nao_identificado,Inmet publica alerta de chuvas intensas em todas regiões de Pernambuco nesta quarta (3) e quinta (4) - Folha PE,INMET (via Google News),alerta_oficial,https://news.google.com/rss/articles/CBMitAFBVV95cUxQZU9qLVRUbWVObDZhcE53blNRUDVxNF9TdDFwTWh1ajhLbi1WZE51bWd4U0RSMXNpR19sMG12clk4X3lzMWtaWDRhdVVLTk5rR2NMSWM4RFR5ZzJ5c0N1T2ozOW0tN2QtOGl6LXZYdHYxUlVKcUtOejFzVWJDWDJROE9kR282M1dvU3d2YUhORDlicnc3RlZNUHdaOE9zTlBaZDhucVNLZU93WTgta1NZbjNJTEnSAbgBQVVfeXFMUDRQc0s0cVd3b1J2SC1HVzhBWTB5Rml1Y2dUVFM1ZjlXd2xsU2pTSnplTEplajNaeHZTS3ZvRGt2WWlLRU5vZVlmY0RERDJITzNySDVKaGJZekVrVzRWMDFIUzFSY2xJTVN4bS1LTG5ybGUzRkhJM3NTTURLemIxRF9hR2ZDWUtmN1kxbkx4ZFA2TkRSUjVFQ2prWXI4akpRMndGNTZreVRfVkd6VXlhTHZwcnFPSFB0UQ?oc=5,,
"Sat, 25 Apr 2026 07:00:00 GMT",Afogados,"Inmet emite alerta amarelo para chuvas no Grande Recife, Zonas da Mata, Agreste e Sertão - cbnrecife.com",INMET (via Google News),alerta_oficial,https://news.google.com/rss/articles/CBMiwgFBVV95cUxNWGpWVE9Xcmt3UExyck5FRm9wcGdoSExZN2g4eklmbGhpVWFKeVZ1MkZZbFdCdVAzZVgySDVHLTY0ZVg5bGNwRFM4ajFvSkgxcU9fV2ZVNS1sNXVUZDdVYlFua3d5TEVIVlRoSUFwVmxaZFZHdld0RWxSQlRYTlNYX1p0bnJaSEVCMnhVdi1PODMwWUpKOFRHMTZfU1BhQ2pWN0NlY1BlTnlRNUI4NFZVV3pqejM4MXZ4MjVmaHN4bnQ4dw?oc=5,,
"Wed, 03 Jun 2026 07:00:00 GMT",nao_identificado,Inmet mantém alerta de chuvas para Pernambuco até quinta (4); veja regiões - Terra,INMET (via Google News),alerta_oficial,https://news.google.com/rss/articles/CBMi_gFBVV95cUxQanJqUFVQX085UFJhUnY0eTY5Qy1sS3REeVVFQ3NRdmE1VkZlcFhjQ1Jia05wRzJybmNaeWRhTXZfOEwxelE0WmVpczZLMEFMeFc4RzF5NHpFM295Y1dYTmxYTEdfVDZiMHN0TThlYndNY3IzWmRaSXRzQmc1SFRFZ1BtdzNZUDFhekZTcU1aTmx5RUNkblg4SGFBMk11WTctMk9OX1ZGeDY4bUdDSkZZRVo0MkRzeXlkUkNLZEtBNVYzOGF3TzVXXzVxLW1aX0RyNks0VkdwRlEzYWl0RGhIUkZ1OTgxaFBCeElMbC1faGtpY3A4SUdOVWJLVzRqdw?oc=5,,
"Tue, 14 Jul 2026 07:00:00 GMT",nao_identificado,INMET emite alerta amarelo de chuvas intensas em Recife e Região - O TEMPO,INMET (via Google News),alerta_oficial,https://news.google.com/rss/articles/CBMiqgFBVV95cUxOUVNtclBHU1NYTkI2NXk5OEh3LXZEcUtnQlh4bFp5T21IT2lsdmlBWGZUaE5mVy1pSU5UM1Y1OGF5TUEzUVFNdU41WVFBZDFDdkllTktOZkNIZ3FSS1kzV19BbFduM1k0dlJadnRvU2p4SklaUWJLU09naVlXYUduUkczUGw1bHR5WUgxaDN3R29pdHB4dEYxczhCVHNqdWN0Tzhwd1NVVFhCUQ?oc=5,,
"Thu, 23 Apr 2026 07:00:00 GMT",nao_identificado,Tempo no Nordeste: Inmet pede atenção em quatro estados e PE segue com alerta amarelo - Terra,INMET (via Google News),alerta_oficial,https://news.google.com/rss/articles/CBMijwJBVV95cUxOMXBqV1hPaW5DLVY5aHhMMlllWHlPc3I4bExFZ2pQTm5kTkF4OXlYcWtVZTRhdXZyWUJGODdoQmkwRjJERlp1aGltRWxMTFZwbGVNQ3VFN2hrZzl0aS1TUkoxZ3ktNFptUTF1MkNFc1d6TmlnUHlOUjdFQWtuUFdrZ0JlMHd6WFEyU0l0ZUQ3RDE2dlJhWFpXOXpBVWVESHhTWFhRWnRLOXdiN0hZOGxNd0Jadmtlek11cHMtU1BSN2hEZHVCeTN4X245LTN5Sm5WLXFZOVZBMXBaM0ttcmlZTW9uWmNXNm0wTElpbU1uVXN5YW9OaGh1ejZkNmNmeFpzYkxkVklxY2RGSDEyZnJV?oc=5,,
"Thu, 14 May 2026 13:53:21 GMT",nao_identificado,"Inmet emite alerta de chuvas na RMR, Zona da Mata, Agreste e Sertão na sexta (15) - Folha PE",INMET (via Google News),alerta_oficial,https://news.google.com/rss/articles/CBMisgFBVV95cUxNWkREOC1qemk1bGdDNmdfLWlNUjdLNlNwQnZoNC1tOHZjYTVGTkxteTE5Xy1KWkp1MzlTbWdyUjVxdzRXOENORnJJTm9oY01QcFVjbWlVMDlXUzVzeFFBVjQ2aWFPREVfZFJjTzNoMTVwNzExcG9Zd3pteDgyN1liNWpEZk9qM3pvbEl4dWFQQVZ0ei1lS09wWWR6dk42QWJWd3luekVZWXZGTGNMT3BFQldn0gG2AUFVX3lxTE9kWUtaS1lValJsR21GTXpfQ29PX1pLZS1IdTlWYlFtR1gxUF84V0tlSmJSN2UzVTIwZUpWM2lBRGVhXzlWQjVadkdxMk45TWoyekYwaXg3UlIxMWJKOUM2bVY4OV9PSllTWkZRc0R6ZWpWbHZtWXJXcUdVMDVBb2Y4d1J1c2N1NXFvTU9RNjlhYTByWlFSOE5mNDlUOU9zT2loZFZ4aU1nUnB6bTllcnBDLXZEWEl3?oc=5,,
"Tue, 07 Apr 2026 07:00:00 GMT",Boa Viagem,Inmet reforça alerta de chuvas intensas e amplia áreas de risco em Pernambuco - cbnrecife.com,INMET (via Google News),alerta_oficial,https://news.google.com/rss/articles/CBMitgFBVV95cUxQZmhtTWZ5S2dBMFFhTjM3UWs0VGJBU3JXYlhiQmlXUDJHTVZzY3ZQTmw5Sktzb3dYbTJ2TkRPTnBxZlVBX24ta0g3R1F6Z0dHdnhkd083MVJpbmsycmd0NWNoZ1hDdGxHZG5TamFrNEJ5TlUxM1VqNnEwSXI1VV9EdHl1VGw5b3Z0VlZRNmJBQTNHU1hjSWFNRzZxN0tSUW9kcU4yMDNwLXlFSWQzeVRuWjk2R1B6dw?oc=5,,
"Tue, 02 Jun 2026 07:00:00 GMT",nao_identificado,"Inmet emite alerta de chuvas na RMR, Zona da Mata e Agreste a partir desta terça (2) - Folha PE",INMET (via Google News),alerta_oficial,https://news.google.com/rss/articles/CBMisAFBVV95cUxOeFQ4bklDdTZPWFJhb2s4VGkwU1FLWEZoWUtjZWhRd25hRGZnQThyUjBNOFZPNWwwSUtvUW91U3RkQ0xLWURyLTYxZGthd3hJdXgzTU02d0VURkZWTnFjQkc3U3llY0NwcVZEYnpQbG9pS2p1WmZwSGthejhIREcxUHVIdVRHbEtPZ2plcmljaEVLQ19KVEY3SHZZMlJVWHlfLXpNZVNxb3g3TFU3dGlTbNIBtAFBVV95cUxNMC1qUDI1MmhiamxEbzVhcm5VYTJNQmZJcDJMdG5Ic0MwRDZGZjdaVU5rSlhWeFEwd2Z0UGtuVHZYLVhJRGQ2NkR6cFdFc2dXYi01bDh0b1ZLZUJVbGFydWZqTmZyb2ZEZ2VzVm9zUUY3ZXpVWDJqRkVnS0REWl9uSElqM3B5SjhweWdiNGc0TDRuaTh1aTRmZWE1WUJDNk02OTRpT2hUZ2xHdzFRVF93Nk5WVk0?oc=5,,
"Mon, 27 Apr 2026 07:00:00 GMT",nao_identificado,Inmet: Pernambuco tem três áreas sob alerta amarelo de chuva nesta segunda (27) - Terra,INMET (via Google News),alerta_oficial,https://news.google.com/rss/articles/CBMihAJBVV95cUxOWDZqSmdWY1ZFSGRXODJwcDAySEN6SThKaVMybUJkSGN0NDUyb1JSZnRTd3BjRm1sbHJIb18tYWVnUHNrdEhRSkFqZmd6Q0lxbkttS3FzdUNGOWNOSmVuaGJ6UVVla2VUZ1lPLTNvVjZfR2RZa2g2UzlsS2NqM1ZjSVc4cTFHanZOSElydExRenNDUkI3cXQ0akN4S0xodUlVeVlhS2I0QzcxaTFHbWJMLTlXR3J0dGlpdEU4d0c1aFNMWi1lQzZKN1l3TUtfMkEwSXEtMi1FY3QwZlRJdnlZTUxabjNISUNwTEZuUEtvV2tsSll2Z3RtR1czc2Z2Qml5ODZuUg?oc=5,,
"Sat, 06 Jun 2026 07:00:00 GMT",Guabiraba,Inmet prevê chuva de até 50 mm para o Recife e outros municípios de Pernambuco; veja quais - Diario de Pernambuco,INMET (via Google News),alerta_oficial,https://news.google.com/rss/articles/CBMi8wFBVV95cUxOd2Y1d0pGczhQc3piQlVROG1hSjhvN1dMUnY0MDl0UHFPTUhkN01YSDlReFVNXzFIYnYyX3RCVDNWU3RpUWNXR0xMTkRFVzd6U2NHVG9Jcmg5Q1dmcnBCZTF3MmhaMGxLRWIzWVBLZnZjV1RreDhSZjRVSTJUbkhYS3doTV9fa2xXMkN4QUpGaThpanZ3SkEwaHhfU3RucUs4NDRBQ19vX3F2dUtJMFYwX3E1cnF3LW9zVW53RzBRZGtRZ3J5aGlUdEF4anZNQTBpQjE5dmJQUmR1QlFFa0s2VExPUHc2aXg5X3RYRnlhN1oxc1E?oc=5,,
"Sun, 17 May 2026 07:00:00 GMT",nao_identificado,Inmet prevê chuva intensa para 159 municípios de Pernambuco até segunda (18) - Diario de Pernambuco,INMET (via Google News),alerta_oficial,https://news.google.com/rss/articles/CBMi4gFBVV95cUxNcnZuT0Qwa2ZmRl9kOE5uWTVLenlVRS11YVJ1Sm1OUW5feUhmNGZXN3JlZ2JfUFdEUmFWUlIzaFB4S0pONks0MWl4NXl1WlQwVU93c0lYNzk5QnFRTlhtTlZ0ZHZpX3Y0dXM1YzJ1bEcwWlpsd3NRMXJsMHpMMTI0UDB4UFZNN0FkR0s0Y3lnd3JtSy1wQ2IwdUpQUnloQzd2ZU9sYmNPWDZkQWJFdThoa1hGc0Y5ME5KOC1URlJOQTBGWTlQSFViZjBlVzRWSEZtVy1kdDNMSmZnOE9pRTZiYjJ3?oc=5,,
"Thu, 25 Jun 2026 07:00:00 GMT",nao_identificado,Inmet emite alerta amarelo de chuvas intensas para cidades do interior de PE; veja lista - G1,INMET (via Google News),alerta_oficial,https://news.google.com/rss/articles/CBMi5gFBVV95cUxNVkR1TXlReFd5OTNxX2hEZ3VfRnB4SGdZeVQxZ3BYbzFKZGUtc1Back5fV2FXeDNkclJkNHE3S2FVZTVoVU1LTkhPdlRXSWxWa3dFMjQxNUlVLXNkaEprMUpSRVdrVW10c2xteFIyVW5IZWRKWlBxQVdzZDNMQUpxSF9neWtDVlJQTDBhTGZGaHpZTGhoOERIZ0pCOW5TTVdWanVkb0tpc0VvQlNVclFHSy1FTUNNUTBucEUwU043QjBpVEZxNG5rT3pnZ1JQUGpxaVRuRkRkMEVDSW1mVUF5aUpSdktXd9IB9AFBVV95cUxQUFE0UXdyWDZWTXRGZ045WGRPdlVpUFNQb1VJd2gtcWs0X1JvS3ZHYjZaWVB2eElQSk9KNGx2ckxGRFM0dzR0Q3NiQUNJc3BKcWJmUEVyT1RnQ0pwUHNZbngzNE5ia3BVNHdHdGJJZHpQZ00yVHBjMXF1WVNUc3lnaFZvM3FLLXJCbDc2Sk40M3pOVXJpUXhuMUwydDUtcXNMc3NoUTRZREdtcmR0SUtTaGhtaWJmXzVZenlWY3hYNVBqZURuWTFMd2hZVDVRdHIyM2s0emRveE9ObThORWFtNXVjWThjWW90UTRwQW9IUm1Ydzhq?oc=5,,
"Thu, 07 May 2026 07:00:00 GMT",nao_identificado,Atualização do Inmet prevê chuva forte para esta quinta (7) em quatro regiões de Pernambuco - Diario de Pernambuco,INMET (via Google News),alerta_oficial,https://news.google.com/rss/articles/CBMi8wFBVV95cUxOVV9xR2pPWDZXcDkyanA3b0hKOTNYZjUxUmMyMlhEZkYxVUhZcGlKM0FyMUJGR1ZqdTFRNFI2Y25SNXV2YV8wUHdmNDFaX01QVFJVTDdEWlBabmpabG1jbU0zTkN2MWFJaUlaUExKQ1BIQm5wVjc1Qm4xRHVWZk1tWjJ6WEFmWFQ1bTFGblhGTmhvZ0Eza0dDU0QzZjdTcDFzcnBWZGZVb2JQRlZoR2hqeFRWS2tSZ19LTlBvMURwQWJMalgzRHBVUllBWUplbGM0Yjhlb1psSF9yeDRUdU1MVTh1dTJRTUw0VW9SUk5fRGFWR1E?oc=5,,
"Fri, 31 Jul 2026 07:00:00 GMT",nao_identificado,Inmet emite alerta de vendaval para Pernambuco - Diario de Pernambuco,INMET (via Google News),alerta_oficial,https://news.google.com/rss/articles/CBMiugFBVV95cUxQaWRJUmU2bVJuU3dfbTF4aEg3c1lNWEVYc0NNNTZjZmtBQ0hnb1NNYXAtRmRuS0ZBdzF0OVhDVWpQd2RpbmpSNUhZTkptcm43ekRmbU5HRmZKRGstazg2OGxUWFc4WTFYY2ZZeG0xWFMwX3d3Q25mSkVySzRhaWlWNjFoM0hOSV85czZ0VnVRTF9KUmg2ODBOR2FDNG9qSmtEUTEwNjZzMURYcFkwZENBVFRDYlViTnYxVkE?oc=5,,
"Thu, 14 May 2026 07:00:00 GMT",Boa Viagem,Inmet alerta para chuvas de perigo potencial em Pernambuco nesta sexta-feira - cbnrecife.com,INMET (via Google News),alerta_oficial,https://news.google.com/rss/articles/CBMitAFBVV95cUxOMElBYXRlem5DcEpvRGZRTi1scGpQbWUtNkNVREU2YWZpcmsxOENzOVowV0tzdVF2YTk3OGU5OXZ3TGxLYklrRzdiUTYzQlFvdnBKVUczc05aR2tHUkkwa1FnYzRGTFdEQUlISXZ4UVlDUUpNRXRfQ3hkMWlpXzlyMW50WjJ3Rzd6M0JTMUtaS3FGeElqUVFEY3l6Z01QVzA0M2tyVk9yd0xvNG9oYVdYWjdDTnA?oc=5,,
"Mon, 20 Apr 2026 07:00:00 GMT",São José,Apac e Inmet publicam alertas e chuvas podem atingir todas regiões de Pernambuco - Folha PE,INMET (via Google News),alerta_oficial,https://news.google.com/rss/articles/CBMiswFBVV95cUxQWDUza0o4TWoxWm8wVW9kX0FWUnI5MHIwb0FsQkVsQUFLR2dvNmZFUHV5VEZCRUV0bzU3V0wwYkxmNjduUFVtb2l3c2w1c1Y5UTRuMkRmdkhlNWFINFlqYkNUYmxwWF9teEpJN1FaQ0lIUTd5UmM4SXhFbzUtbEhhcVpELW9wRUtkWlItQ3pyV2ttYVA2UDVUQXN5eG4tZDB4OWNXM3BVMVVVUFVyV1R4dGl3RdIBtwFBVV95cUxPcUNlek1xcUZEc19MN1FjQ3hrQ0M0Wlh1MWtTcDdzcmcxazFTSWxiSzZySmdQaHhydXB1ODVvQTkxMk5zWTBOLWU2ZWcwb1AtOXlrT0Iyb0lQWndXT3EwSXhMS0pfTHh0dlo0dUU3M3MtZ0djU0tiWkxRUVhRdTlqM0daVXBvZGV4MW1NNzlUTmFOejdEMjQxSzRYa1oweEpHWFd3elJvd2ctcTRscVh1TFFQRVNUQ0U?oc=5,,
"Fri, 24 Apr 2026 07:00:00 GMT",Afogados,Tempo em Pernambuco: veja previsão do Inmet e Apac até este sábado (25) - Terra,INMET (via Google News),alerta_oficial,https://news.google.com/rss/articles/CBMi-gFBVV95cUxPNEF4UmNUclZqYkxjSWdZUTFVczlIWGo4RVA5TU1BNkhHV0ZrRlR0UVZKTmdkZXJPRDlRRkQ4Mms1MGg1OVdrNHVQb003OEx5OVItUWRjcGRWZjlURDluZ3BBWnZVSi1LbklYRHFzN243dTZTZk11Qi1zOW5mdWIwRTlOY3VFb19xbGJHSHpLaktGSG9MYTdVTzJvWXpJUy0xM0d2M0RaT0FsdVYxNG9FYWxpYVp0RGpWcncwN0Q1TDAwU0xlVjBhdEdxUmtITEtLY3Q5bW1RVkJVTTNMcDIzVEUzRzM3V2pSUXFzei1mMjA1XzloaExnR09B?oc=5,,
"Tue, 09 Jun 2026 07:00:00 GMT",nao_identificado,Inmet alerta para chuvas intensas no litoral de Pernambuco nesta terça (9); veja cidades - Terra,INMET (via Google News),alerta_oficial,https://news.google.com/rss/articles/CBMikAJBVV95cUxPRm5fN2hKLU02YTBLV2JfTXVLQ0Z2UHZ5Wk9DZU9oNFhteGFtVXgwWkwxY1NlOF84VXd1bEFFTmZGWElUOEVIY1h3QVJ1cE9mVFQ2eWJZU1NIbTlTSW40QXVsWnpxNEhnVVl1RldjRUZmMVhUYmQ0a0l6Rm13eHdXVmd5VmkzZEJ3cWpEc0hOVmNueVN4eXA5RkROWUplVWsxZ3pFLTlyQjFFcU5CZ0dYaVBuSUdKV1NtU1lYMkliM0h2V0dJYVhDWU1zeGViamRvSE9BM2RlLUJMVXczVktIa1FZVl85R3RUSHA4ZlNMNDB5Z1hZTGdEbXBFcFU1Z0V4c2hKOUJuN1ZKTmk4SHRDRA?oc=5,,
"Fri, 15 May 2026 07:00:00 GMT",nao_identificado,Inmet emite alerta laranja de chuva forte para Grande Recife e Zona da Mata - TV Nova Nordeste,INMET (via Google News),alerta_oficial,https://news.google.com/rss/articles/CBMisgFBVV95cUxPTWU3dFd1UWMtMGJQTWFSajRtVVpSaGpGdVpNY0duNGtrbGJfXzVIcmhzSVhueGNnRS05TzlDT3dNSDRDOW8wbG5qU05HbTZHSGV0N3RwWTFNbXVtSE5Dam5ZcUZyeTBOSGRqM2oyVmE5Tk5QZmc2ZW9VaENzTVZaa2ZCeS1NMDlpYmhGVGFLWVFoNWRHYUIxc3ZXam9SeXFoYkZPSEdZdEVHMEFFUTV2a3RR?oc=5,,
"Sat, 06 Jun 2026 09:13:21 GMT",Dois Unidos,Inmet emite alerta após chuvas no Nordeste deixarem pelo menos 6 mortos - Jovem Pan,INMET (via Google News),alerta_oficial,https://news.google.com/rss/articles/CBMipgFBVV95cUxNdWZINU1pWjFBS3dXQ21jeGE4YmMwa2t2M1RzZ1gyX3RXY3RvQnNJTjhNdzJYcXJTYTVYQk1MMUo1VERjQ2N6czZsdXhNbmo5Wkw0aldfS3JJZmlVdEVtS09aMDVaOVcxRjhFd0gwNHA4bDc2aE9VWjJOaG1wZnlSUC1QQjAtYzA5aVFjb3VBcmZ2NGQwalBiMnBSb0VFYmQxb3pHZDBn?oc=5,,
"Fri, 26 Jun 2026 07:00:00 GMT",Boa Viagem,"Pernambuco tem 37 municípios em alerta de alto risco para chuvas intensas nesta sexta, aponta Inmet - cbnrecife.com",INMET (via Google News),alerta_oficial,https://news.google.com/rss/articles/CBMi0gFBVV95cUxOZTViclEzYWpIcU9WalVsZngxU1BSVHFCUElQZlBXZEJuVERvQzNtaWFOTEVkeEU5Wm9mMVJtcHFTbDlTdnhObjloSk5CUzBSTkxsUFRVSnFfUE1kbUQtMWNYZERYQ1VNMXNUS05fOTNfc0VJWk1CODNPX0xLU0d4aHJGd18yZ1hzNlI2aV82UTVPeS1qOVFodE5LMkVURkZZMEZwZ01oWTdYdG4xbGU0cHFnQkZvZ3RYakU0YXR4aGM0WkRXeGxqekZsWG1tQ0JpaWc?oc=5,,
"Mon, 11 May 2026 07:00:00 GMT",nao_identificado,"Inmet emite alertas com perigo de chuva intensa na RMR, Zona da Mata e Agreste nesta segunda (11) - Folha PE",INMET (via Google News),alerta_oficial,https://news.google.com/rss/articles/CBMiswFBVV95cUxOcEtmTURxV2tvZmFzc2VBX21lR1VOOUNFSjlEYWx4UUlWb25UVjNVNUZwcklDUmxVbXlIYzdOc2lRYXZDRFRrNEYxTzY5QVZFTDhOcGtHV2YtSi1McmR5Y2ZhdW8tbjQzVExXMzRFWmxQNWxwYTZycjBvVXY5aU9vWnQ0OExLMFBaN1VBVHMtcHZ4UllPOFVTZkJmcjF1ZHlLcVNvTGFmUG5XV0gwLUh2eXRlMNIBtwFBVV95cUxQS2hOSTJGbUc5NWpDUmJZV3pMNW5yaVNaT3RTOGdMeW1WTlNQWmNTeHpyMDBUVUhMc05GcmlDQ1QxUXo2cm1IZ1dCcDdNS3czSDQ5bDlPbHZuRzY5c0taTHZLOXNOemF3Z2I3ZF9Ya1gtS0ZwZVpkZWkxSEtDQTNoMTZNcGh5SEVYYnpXSF9KRHhPci05VWIyNGE0aEZ2aTVRbUgxRWdWbTAyZXhlSXdZcHhVVkhfdjQ?oc=5,,
"Mon, 11 May 2026 07:00:00 GMT",Boa Viagem,Inmet amplia alerta de chuvas fortes e coloca 52 cidades de Pernambuco em risco elevado - cbnrecife.com,INMET (via Google News),alerta_oficial,https://news.google.com/rss/articles/CBMiwwFBVV95cUxPU2xGdzhYZ1lTWWlDM2g3VTlnWGZtUW1hSDR4UHhJRG5oVVN6eVJaZlNrTVBaeTZMV01iYzU0cV9TMk53SXlaZTNhLXJTSXBVZDZLUXB6dWUtLVdKWDFrX0VXQmdxNTlKYUNZNTM1bW53YlFjUE5mOG9iZUVvR2hGVlU1YlNDTzlEQjZ4Wmd3ZVNYeGNNN29nVlc5Z3FPN2FxUGhpRzFpRUdhVjEzeDdZeUJhZkhmeTgzZ2p3MzJXUnYtZzA?oc=5,,
"Fri, 17 Jul 2026 07:00:00 GMT",Afogados,Inmet mantém alerta de chuvas intensas e vendaval para municípios de Pernambuco - cbnrecife.com,INMET (via Google News),alerta_oficial,https://news.google.com/rss/articles/CBMiuAFBVV95cUxNaHEtNTRxR1BaQ1pfbG9pQlZBbXFUN2JuV1VNUVhRLTl2YXZpZlpFWE5yZ3pRQjN5TEE4NWRZYnZKLWZPVVlIYnhvbFBjUmE1S1ZJMWloT2NTbXZJeHRVcktnQWQ1LWlYN3p3OVhvWm8xLWxkb1NjUEJhenRYLWdnZV9oZG5uT29xX0syOTNpOFZiZTlJNzN6T2gtMzU0bUg3bVh5dWl2eWtjQnhBZ1RfY2hJdkp4aUF2?oc=5,,
"Fri, 15 May 2026 07:00:00 GMT",nao_identificado,Inmet emite alerta laranja de chuvas intensas na RMR e Zona da Mata nesta sexta (15) - Folha PE,INMET (via Google News),alerta_oficial,https://news.google.com/rss/articles/CBMisAFBVV95cUxPcm5EdUg2c3NjUkRNdHoyZGlsR2w2MGVQc2tzWjdqcjl3VTZBdVhuMlN2VGxpZ2hlNUZsMll3VmR2UV90cVdJOHBWUmdMY2drSExIbkFKT2pQWjdaclRFeFczZ3Fqc3dFQjVzOXpTY2VkTnFFTzNCUnY3cE82dFJjMU82Z3RxRUp6UTJYOEVfRUJkSGhKS2JaX2RWWm5BdFpidjFkS2VGMXUwUzFlYm1nZ9IBtAFBVV95cUxOQkN0c0JPLV81RnRiak54RF8weUdmSHpOZjdsTlk4TnozMXVHQUNBN2t2bGlWT2F0UkJ5cWdFdHZoaTZKNnpZZXVHTkdKdzlaQThDaHhIWVJDZHlfOG1XbGh5UDd2UnhsYnZYbFM5RjE1VjAtRkpZdjRnMlFQWUNIZ041NERnbGUtcW96VG5BYmhWLU85cENFckdEWEQ1SjVUeTE2VU93VUVldExsdnowelRYSWM?oc=5,,
"Wed, 08 Apr 2026 07:00:00 GMT",nao_identificado,Inmet divulga alerta amarelo de chuvas para Pernambuco nesta quarta-feira (8) - Folha PE,INMET (via Google News),alerta_oficial,https://news.google.com/rss/articles/CBMipwFBVV95cUxQZzVBcnRfZVh6b2pqN3AyaGRtSmQzenJ6WXhEX0RkTGpEekN0R1JJZ2ZMZUxaVnFFbzB2LVNuUW9TRGRUSzFXcGl2WlZEbG5fWnBUNnJDXzN0WWE3N3pPZ0VwWFdibjFFUWptUHJqNTNMTW50dzQ4My1URUl4RHJ6UFJTWnYzU3JhNHNLUnVabVhoT3BaZ0VESWFtMm1iVVZhVHJWelk1NNIBqwFBVV95cUxPWE5DanJLdkRhQTZYZGJCaG16dXo5MTlsU014dUV4LVI1T0ljWGk0UzAzNVRPZjJkMHYxYmxZckVNOXhiYVhoX0FjRXA4M2E0OXBMTFJfZjRJcWtwMTg5bV9qRDhsay1haTkxWWhfczgtbklueE5CME1UQ0ItZHJLbHhxRW53eExJUmRndFlVN2hCOUZxQVNKT1p0SXBYdzdDRXZfVHhmTkstaEU?oc=5,,
"Tue, 11 Aug 2026 07:00:00 GMT",nao_identificado,"Inmet alerta para potencial vendaval em Pernambuco, no Piauí e na Bahia - Diario de Pernambuco",INMET (via Google News),alerta_oficial,https://news.google.com/rss/articles/CBMi0wFBVV95cUxPNVhsRHlRZm54Qkw5VnpjZDJvWWxyeTV3ZFpTU3NSYjItOTdPX1o1RzU3MHpnVnlrb21NWXpmRlVoaktqeC1PV3ZrOXNva1hRNlpfNDkxM250a1lGX2ZNSWtqb2JDZEFFQmV6RUluRFNXTWdOUW5haGxJNzBWTEo0dFZfY181TDhJSy0yaXA0cnREaS1DRFpLeWlHRGp4MnhjZ1JTLUwydWhJWWpPMGF1N25MTF9vT1pBNWZiUHdyb0E1LUVWbzlSbmlVWWVmanZSMmI4?oc=5,,
"Fri, 06 Feb 2026 08:00:00 GMT",nao_identificado,Inmet e Apac emitem alertas de chuva moderada a forte em Pernambuco - G1,INMET (via Google News),alerta_oficial,https://news.google.com/rss/articles/CBMirwFBVV95cUxOQkFOYV9FWDVWN0NSY2V3bUE5QVBlN2UwaUFEeHdXYVVjdzBVNldZeDBKb3N2aUJNeUNlckJsQmdQSXRTU1pXcnNKcDZnSnV3d1R3TUh6Vk1aR3lPYnYtLUstOEFUQ3lfdXlxdkdQQV9VRUxqNUZhR0JXZVlOLWdCQXNWYlY0OE5LaW1qVWU5dHNDeDdlcjBnQ0hEaFEzWVBFcmkxaUE2QWdEQ1dSUk5J0gG-AUFVX3lxTE13bGpMVjVwOHBpUzdQSzNwUFMyREl6RUI4Z21SbHFpX01FU1I4djBfXzZDYjgtenIxWjNCemVkak1KWlpXSXNHTmxJa3dBakNCV3VacnhLR0pBa25mbEl3UGNPZ0lPdFE2ZnJnR1JFRDZuS0xRVjVZX3R0MjdVZmF2Nm1kd2NkajlHT0pudERfRl9wbzNTaF91enBNLUVVaVpKdzhPQnRObXRFZC1pWVA3X2RabGI2UENhZVA4WHc?oc=5,,
"Mon, 11 May 2026 07:00:00 GMT",São José,Inmet prevê chuva com até 100mm para 52 municípios de Pernambuco na noite desta segunda (11) - Diario de Pernambuco,INMET (via Google News),alerta_oficial,https://news.google.com/rss/articles/CBMi8AFBVV95cUxQV25saml0LVRmc1kxRVQzSk4yWDlDdDlYZ2R6dk5MQ3hVYzNpcW5PdE9lSm5OcEZnb2stRWhoMU5PTDExNl9PMFRnNmxjVU5Eb2NnVUczNDVlc3VfY3dXLU1FRzVqTng4RU9kajFsemNOTF93V2RFbVhPdDlQb0lyWXdGRlBUX0thLWF2U3V3dURfcV96SGNVNmIwNnY5WGpUS25QT1JHT0xsTU1fNTZBdEsyc1FKWlN5ZkVaM0tlcXl1bUNMSDB1amV2THpFdF9wd21aRFJENldlMUtld1M5cm41ZElpU3lha2tLWEpISTU?oc=5,,
"Wed, 24 Jun 2026 07:00:00 GMT",São José,Tempo em Pernambuco: Inmet emite alertas de chuvas intensas e baixa umidade nesta quinta - Diario de Pernambuco,INMET (via Google News),alerta_oficial,https://news.google.com/rss/articles/CBMi8AFBVV95cUxPV1p2WFdld1RzQ084cnpYNHR5YmRXTXlXYjM2V0llMlU4M3hSZU5pODlpMldmVHl5ZjRNbjR3QmhweHN0RERSek40YVgtVWNTVGVIakJHeFozM2lmTjFCaW1LMEZUUU5oYVlfSnZZUWJhWmRhMGFzWkpwdXdlMkt2LWhXaU5RWTBzTEpUTXRZYTN4TEVrNE5HV1c5emdFaUhGbVZreDZIVHNKQnJQMjhHREpER21iU2h6V2xJeXo1b1VaVUJNbVZRUDVnSTdOY251dWRjOERNNmVVdDdGNHhxZGVteC1vUTZBR0kyNnVyUE8?oc=5,,
"Fri, 19 Jun 2026 07:00:00 GMT",Boa Viagem,"Inmet emite alerta de chuvas para Grande Recife, Agreste e Zona da Mata - cbnrecife.com",INMET (via Google News),alerta_oficial,https://news.google.com/rss/articles/CBMirAFBVV95cUxOaTl1TE5UQTFkQWZ4cmFuSGljNjJ2dk1QeG9zRy1OZUpENFlQMXFYa2hXUnZJVUJXZ2FxS0JDeEk3YXY2ZVNPOUQ1M3pQV0lIa19nSWVHZG1kZHMzOEQxLUpMTG03TzZ5bi1pak1JazBPUG05ei0wbTlBLWR6cm0zQ2JMMU5hS3Yzb2lJdXhVbXNCd1YzS08zSmx4MXFRcmVHdWRfLUpDeWc0bHdD?oc=5,,
"Mon, 04 May 2026 07:00:00 GMT",Afogados,Atualização do Inmet desta segunda (4) prevê chuva forte em 144 municípios de Pernambuco - Diario de Pernambuco,INMET (via Google News),alerta_oficial,https://news.google.com/rss/articles/CBMi6AFBVV95cUxPZW9lb0t2UjhzY0FjMF94eDhKaGZ2WVJuYkNQUzM4cEZIdlNyVXFaY3F5Qzd6YVNQT2kyV0tVWlN3alVZaXp1VDFVX2pmN3BIVEUwaVl2dE0zcHpQUDJibVEyaWtrdmI4TW8tYjU5OVQxQ19FbC1Gb2JOcFBON0FpbWpRNTVSRnV0SDVMa2tibExFYWZSTXlxSXdiQm1sSVgxLXVqUmx0ZlluMnR6T1FUa2lhWFNDeVhDT19hM2FHMDJoZ2x5S0tEOExBejE0YUtnSE05VFVCNFM5Uzl2VS1OWmE1b29zYjB3?oc=5,,
"Tue, 12 May 2026 07:00:00 GMT",Afogados,Atualização do Inmet prevê chuva de até 100 mm para 118 municípios de Pernambuco - Diario de Pernambuco,INMET (via Google News),alerta_oficial,https://news.google.com/rss/articles/CBMi5gFBVV95cUxNTjJOblBJRWEzWkxscTZmb1dVRE1LOU1kc3hLbHVpT0tMazlaN1NiM2N5a2Z2MkhaNEJPNThBRlp6S0lHS2dVSXlzelFBOUtaOGhpN25pbkEydG8xajRIYlh4bm8tVlBuR1hEb3RFbHNMUmlrWjZRYzFvc3BpMy0tNGR2aFJ5WjZMc250eFhnQkxwTjhnUGt6bFJtUDFhTEdmMFJHb1Vld0xFczdoNENESXBRLTdEYldURy1YV3BZckt6Rm01SkU3NjgybEpGeHJEYTc1UVNuVlZsUUhjQnJ5Um4xbzhJZw?oc=5,,
"Fri, 15 May 2026 07:00:00 GMT",nao_identificado,Inmet prevê chuva forte para 117 municípios de todas as regiões de Pernambuco nesta sexta (15) - Diario de Pernambuco,INMET (via Google News),alerta_oficial,https://news.google.com/rss/articles/CBMi9wFBVV95cUxQREhES2RYblBLeUN1a3FXSmk2QXpUcVFLblFPd1F1UUg5NFBMalNxME51UTVIWHl3N0hSSEI2b25xNEpQc2dzTDBFT05QRlgzVkhqek1oX3h5YXNkbVE5c3R3VmYyVGNsRXlNcTQtb3lFM0duVFpLZTVCbnJTSWFKTGtJWEV6MHozRERwYk5lMlotYTUtLW9GSDBRUTNLZFZoWnZXb2RnVGMydDMwc1BwbFlsa1hDSWQ1ZnlTdGtVVDVEZGtNTEdzbUpjNTVYNzZFeDFCd1IxNEJzbkEweTlibF9xTV9UaVQ4TE5MSWxiYk10NmxpX25N?oc=5,,
"Thu, 04 Jun 2026 07:00:00 GMT",Guabiraba,Inmet prevê chuva com até 50 mm de volume para 88 municípios de Pernambuco - Diario de Pernambuco,INMET (via Google News),alerta_oficial,https://news.google.com/rss/articles/CBMi3gFBVV95cUxNd3l4Uk5INlo2cXBTRXo0NXdVWkx5WnJPUTJVLXVCcGF5UEx2WXVDUkJ2bm1DbFpNcnZGbDNtMmg4TEhJOEJFeG9aRmNjTWtLTEFLQ3ByREdydFFQWUF2TmZlYkZDYTdybTlyM25ZTkJNU3RhSzdqQ0dyclJPRjZDZEg4eTBPZlNYMnRJSEtBa05RNFZNUkV6dHJEclcwaU1jLW9jdWZTSkFodUhZdzRtUHZ1SXBRNl80WU9oNTlON3RjbGRCaEdSb2wzbzhLaFRPSEZ0OENsNXVic2JyWVE?oc=5,,
"Thu, 25 Jun 2026 07:00:00 GMT",nao_identificado,Inmet atualiza previsão e eleva risco de chuva para até 100 mm em 25 cidades de Pernambuco - Diario de Pernambuco,INMET (via Google News),alerta_oficial,https://news.google.com/rss/articles/CBMi9wFBVV95cUxPdjQ5Mjh1TVo2R2J2MURlUllJMWtTVVpEZVlwbmZGMWh1blZQVVJCcEd2QnNZNk5seHgzcldpQmFfTEUzT08tY1NNaWZVU3MtNlp5d1Rra18tUjV6NWxweGxzaGJURTlBOWFwWkpncVlJOHkwaE5nUTJuNTU4ci0wZDVIa3FEWjZ2UzlKZUxyUy1IRXFQbFhTdlJIMG9IZlhCTWt5OHFyM3A5WmpacURHd2FUa0JaQWUyWHZvc2xwNzRIUzQzMnlEVm5uUDE3dWtwdnhFb1pONmdQaVdnZDcxV1hrTW5KNzRiZ1lZbFRJYVVER2hHWnJv?oc=5,,
"Tue, 26 May 2026 07:00:00 GMT",nao_identificado,Inmet renova alerta com chuva podendo chegar a 50mm em Pernambuco nesta terça (26) - Diario de Pernambuco,INMET (via Google News),alerta_oficial,https://news.google.com/rss/articles/CBMi5wFBVV95cUxQRG1UQmtoWFZwQXh0ZHF1OWxmbkZwLXZtaXJXa0VWUC1lM0d5X0oyM0JneHRZYVVicVN1aC11NGZnNmFRUUJtMmFkU184SzVFVkktbnBKR2tXaE1XMkNCTnprcEd0cVpQZEpITkhkTlZveTBoa1NaRkFuQUtQenpacmVDRlJ4ZHZGWlNBVHYzZWNNYTFkbWJpRTRhLUR4R2Rqa0pHcXlja2thLW0xQXM5QnlYUDV6QjZkRjRXaDlyQmx2Z3Fkak5YeWhTSGwwOHZSRDJPUUE5UUlabTZQbXREdVQybkFtZ28?oc=5,,
"Sat, 16 May 2026 07:00:00 GMT",São José,Inmet prevê chuva forte de até 100mm para todo litoral de Pernambuco neste sábado (16) - Diario de Pernambuco,INMET (via Google News),alerta_oficial,https://news.google.com/rss/articles/CBMi7AFBVV95cUxPQ2ZBQk9lNy14TzgwaktVNDlqRmZhV2lzcDhUZ0p5ajNVR29KTnBZUURYRUVjUE1fVTY5SWYwNkUwN096RWNhR0RpQkNod21wNWF3NDNhTXRFMFZCRmExOTdxQ1htYWdzbXZKNXdud2pMUkJnaGd6VHlYZnE3YjRLRUp3MjBRVkMtSGN4LWpyMUtacThpbnRfdW5HU0s2dTBLMF9FVlM1c1lDV1N5S2dvMEFfcjRsbmFyLUR6MGVQQ2hUSXFQWVBvRDdxci1nVkNOWVZUeXN2UGstM3dHZ1VibzlDOS03RDNDbWtJbg?oc=5,,
"Mon, 30 Mar 2026 14:28:12 GMT",nao_identificado,Inmet emite alerta laranja de chuvas intensas para todas as regiões de Pernambuco nesta segunda (30) - Folha PE,INMET (via Google News),alerta_oficial,https://news.google.com/rss/articles/CBMitAFBVV95cUxOSnFQTUxrTFpQSk5IX2JnVUFzWmFaWkhsN0VjT3k4U0x0d3pZUHU0VVQ1Z3J6U0N4SjVwbUI4Xy1ENmpfZjBNd202VXJxUkdBX0xMSWp1TXpuWXk2eFJiNGhwUFFBV0ZPaERyb19vM19mb2hvM3AyUDYyNklqUS1NOTcySzJXRjBqYzl2QlpfSkhZVGREUFYyQVcwNWpGYmVVWk9NS3VadDQ0Y1ctRVhJT29wWUvSAbgBQVVfeXFMT2Q1dDhTVGJsV3RBSVRhdGNMUmRNN1RTcDFYcVg1V3lDcXlKRkpLUHd1QnNwNm8yV0pfM01rOGI5QXlCeHE2U3luTEl0TXdpZkt3M056YVZMSmZoeHFrQnQ1amVKZlNiejJQUXVUSFRHdkdXT3FjXzVRWEpHVjhmQWV0UUxnMm5lY3YyVHlCUnRzRFZkc21ZYmo0dmxMTjJ4aUNVckh0VEpNM3BtMU5wUzVZcFpDY1RkaQ?oc=5,,
"Mon, 30 Mar 2026 07:00:00 GMT",Boa Viagem,Inmet emite alerta laranja para chuvas intensas em Pernambuco nesta segunda - cbnrecife.com,INMET (via Google News),alerta_oficial,https://news.google.com/rss/articles/CBMiswFBVV95cUxPVDF1bENUclBtYzRzOTc1YlUxa2lObm5heldQWGgzc2t4RDJuR0NrREJrNVozVng5TVB2S0QxQmNHRF9JR3g5ZXRWcVByUHVUa01HcjlBSVcxRk56VmVUZlM4T2g3SlN0TnFxdEhHazBFQ19Xbm9RNlZIN1RPTUwxaEROdjBkYmE5czU1VVIxV3daM09LX28yaEdMOHliM0xhMm9XQ3hZSzBWcUpPNzkzaWI0QQ?oc=5,,
"Sun, 30 Aug 2026 07:00:00 GMT",nao_identificado,INMET emite alerta amarelo de chuvas intensas em Recife e Região - O TEMPO,INMET (via Google News),alerta_oficial,https://news.google.com/rss/articles/CBMiqgFBVV95cUxNMFlySmhpbm1nd3drMG1iRWpKdzUtVU9YeVhlNzZSb21tUm9oVWlHaE9ObzlVVVNTQ1VjaG8xOVlSRFB6WDltckJ4bWE5bEZkOG1xQ09wREFSQkVNeDFjZlJPTzN4dUx4b3ZnYkdtaXJjcmNDQTFmS1NBcTFfMU1maWZNTzlZakFyZnlKRVFydDlSUzZWdEVGTUZJRlFKRVV1YjBFR3NiTE1DQQ?oc=5,,
"Tue, 12 May 2026 07:00:00 GMT",nao_identificado,INMET emite alerta laranja de chuvas intensas com risco de alagamentos em Recife e Região até quarta-feira (13) - O TEMPO,INMET (via Google News),alerta_oficial,https://news.google.com/rss/articles/CBMi5gFBVV95cUxQMEREN2R5UTlvazlhOGpFUTVUYUtGTEF1elNMenJ5RjYzZzIxS3FuR3BJazlKNGYxMFIwYkkyMURTdlNPWDVHMktPTWNZempYR2xTb2Ixb0xZWXQ2VGRNWmFKLUtzNTYzMUFCZEEzeDRGWHRYc0hObkoxZHNWczNmdVpnVFg1cXNzZk5haWsyNC1TRE55ZW1wRU5BRDNKd1lodFRpNXh2SGM0TUVSLXFuOS11eTEzUVI1RzIxcjc5ckhvZ0dfZVkyT1pOZk92Sm9vZXplS3B0RHp1dXVYT3JHZWN2RUN4QdIB6wFBVV95cUxObXdDN1lmak11ZUpldHR0eWoyVnVRMVVKT1l5RzQ4M0tRM0xDTFFxYWlzamtaYzBIb3ZqQUpCVVVhUkUyTHZTTzY1ZjFMam5XN1VaQUlyMHJidkU1cy1jWVpKZzBXV0JLSk5pQ2lNa19fcE9mTHlUQ3p1dnk2WnU1SGtlR2Q2YkNUMHp4czJ6bWRHbktNWDRhTWRHdWJlQkhSYmFGa1h3Z2dRcFE0d2tIRkFsZHNhdEV0SWFyNGl3bUtKajlCOHBsMVI4WHJhSm43S1JWMU5XRUtqY1RrdDVobjdOTEg1TVprM1FB?oc=5,,
"Sat, 02 May 2026 07:00:00 GMT",Afogados,Chuvas em Pernambuco: Inmet emite alerta de perigo para 43 municípios no Grande Recife e outras regiões; saiba quais - Diario de Pernambuco,INMET (via Google News),alerta_oficial,https://news.google.com/rss/articles/CBMilAJBVV95cUxPX3BWQjBKWVhNUjRrdGNIdFFyYVpybUZXdXVveTRFaDhZUkd4X2FEcjctMEdUbENxVTdJY3otZUtHZDlVTkVjQ1Z0TGlwN2ZjcGV1ZnRiUFhEazFiVUZROTRSemV2bU1YUGE5Q2tVb0g2WTM2ektyd3JZYlpzckdKOTQyX29zVzdveEZZendRMGgyY2JqazExaWJaUTRlVEUxSmpwTlpRRnpFZ18zbDJYYmE0cVZpVEladU96SExaZ0pQXzg0UzRwSkVhRUpMcXhQamxrVXloNkZvWUc0bUVrY3N6bXZybkh6NXliOWRNTklhWWs4RmM3NnI5dFpLYjVoYXVTMzZuamVfOWptLVRXNm13UlM?oc=5,,
"Fri, 01 May 2026 07:00:00 GMT",Guabiraba,Chuvas: Inmet emite alerta de perigo para municípios no Grande Recife e outras regiões de Pernambuco; veja lista - Diario de Pernambuco,INMET (via Google News),alerta_oficial,https://news.google.com/rss/articles/CBMijwJBVV95cUxOMTRpVU8zTEJldkdjaFZaSXBVb3Y5WEpIVWI2dUwzZ0I1QjR1WU9SQXMxbGU1c0U1UUV3cEtlcHd0T3RRcFJ4RTg2R1BpbWNEQU1BLTB1R2tVRUt0SkdVajF4RnNPY2J5S01aOHpUN01qdW16Sk5TSG54RkZaYkVaQzFfeVFLbmFWM2RnNFhMbjBXcFU1alhlRkRiZUFWcW9rdFAyOTNjZHhGNEwzX3hiYmNXQVY1aUNCRVBqcVNSdUszLWtoYzN0aXlIdzNpTVZpdVMxNFpLYThsd2ZvaXpSZnhJYnJwS1E5c1ZlVFFrSDlSRW9hMDV4b2M0NV94bXpHVkNQZGNBSVU3QVNIQjVR?oc=5,,
"Sun, 12 Apr 2026 07:00:00 GMT",nao_identificado,Pernambuco recebe alerta de chuva intensa do Inmet até segunda-feira (13) - Terra,INMET (via Google News),alerta_oficial,https://news.google.com/rss/articles/CBMi-gFBVV95cUxPNzRpYXhrZXhlcGEySlV6NkF1WEZvZVZmNFBudWl1TzVCNkpyQjVGMlA0QXllbGRvQ0xnMXNOODZjeFN2cWJYMnFYbktyNlF0WFI3RDRBTzQ3WjcyS1hYZlZmZ2VrSTNCcWJ5cWs4ajJ2TFhaZmJ4U2Znb2ZkMFlUREFPMHhzTE1obW14WlB4ejE3WnlVWVpvT1puLTcwLWZlMlhsWl9HUHVpYlpZTk9LYWVsSEdaT3pNdHlhLXhTc21hYTl1RWVKRGc1OVV6eFotZWJPaHB6Rll6Z0MyX1JzNGx1c1pZZjhhd21LOHlVRWF3bGdvR1RyVFRn?oc=5,,
"Sat, 02 May 2026 07:00:00 GMT",nao_identificado,Chuva em PE: Inmet coloca 43 cidades sob alerta de perigo até a noite deste sábado (2) - Terra,INMET (via Google News),alerta_oficial,https://news.google.com/rss/articles/CBMijgJBVV95cUxQOGJTTy1ycHo5b0VEUjV4ZjRjdElyWklqdzJMUEdmUHZnWHVQYXc4SXNCVmhoZEMzdmJhZVR6NDN4eVdudVBQSDlYSDVwRlZIRklHOXhERVF2WmRNUkpxYkdDWDVRT0cwaGFsOUJicm11dEY2Q2FkX1VUeWpMaWd1NUwwakZoeS1HV0YteTNlekFzOWpTM1htZlBwV3Mzcm1wY3dFNk1Lc3BiVEY4NVloVW8zRm80bm1sYjdUZ1Y4YUhxT3otSVdtMFlneERJNDdoQnJOdXRUX0h1dkJMNGE2ODBVUldwYXJRRzloc3VqLUJJNEZZX2FqbmI0dldUSmtMTUZ1Ym1Hb0s0bUh0bkE?oc=5,,
"Tue, 02 Jun 2026 07:00:00 GMT",nao_identificado,"Atualização do Inmet amplia risco de chuva, podendo chegar a 100mm no litoral de Pernambuco - Diario de Pernambuco",INMET (via Google News),alerta_oficial,https://news.google.com/rss/articles/CBMi9AFBVV95cUxQQUsxektHdk9DNjZmR0dSblpoT3NFSW5SeTdMRG9jTVAtRXVHUUJhRWMybkdvZWp0UVpYRm8tOHduSXJYTk4wbUFtU3N4VEhOUzlJUzFZUXVOZWFvU0dRSjhuYlJkcU5ycjNWWmRTVi0yZnpra0IwSTlKNjJCTW0ydkptQXZhZHdUUFdIeVU4MUNjTE02WUVWTXNiYllxRkt6MEJhVld2eWNraGNuVnM1ZUotbGdmaHZmWXAwVERMNHlOYmdLZUI0eUdvZTM3cFFhX2pSYkxhX1FYckQwUE4wbWNmdjFxWGRRT3ROS19JbnRZSDc5?oc=5,,
"Tue, 12 May 2026 07:00:00 GMT",Boa Viagem,Inmet emite alerta de chuvas fortes e ventos intensos para Pernambuco - cbnrecife.com,INMET (via Google News),alerta_oficial,https://news.google.com/rss/articles/CBMiqwFBVV95cUxNMDFWcC1qenRmOWEyTGJuTHRIUTFucHNKZ2VRWUZQSi1HZ1h6TlFWV2xHMERQV2FXNjhnbGIxc2pMMGl3LXFiTmhRRWlqODRHYldZN3JRRlo5cmVpbFpqbmZEamhybDk1Yl9VREktbXgyekNkeEpPYWJRQ3I1UlJ4RnIwVmVQUHI5OUdld0txYVRXUTdIR0Z4TnBCZ29wV2c4RVVsU2lmVE1idUk?oc=5,,
"Mon, 06 Apr 2026 13:42:05 GMT",nao_identificado,Inmet emite alerta vermelho de grande perigo de chuvas para RMR e Zona da Mata até terça (7) - Folha PE,INMET (via Google News),alerta_oficial,https://news.google.com/rss/articles/CBMirAFBVV95cUxPYm1Nc0ZOYUEtTUcwclM4VVFuc1ZfRWxCaTlBNFZtVE9scHFkVnk5aFFEb0tVWlR3VmpGSllGMXJMYTlUQndDUG94SElQN25LaUtoRWhvb0I4dEtWcjdqck4yWGtyTGkydDFHYlNYSGhqSW5fZ196ejFhcWV3cFRYVVVILUszRzA3WHVZY0NkQmJmNkcxZzVSTlFQQTdyMU9nRWh6d21Oalh3aWh50gGwAUFVX3lxTE5jcVM1TEY5N0NkUDgwRjZGRXFRelMtaFRCUUNCX3h6MEs2bXRvcVJmRlBjSE1vNjFwUTdfWnNvV1B2V096T2pqc09SQUtCZjhPbFpva29XSnZqY244MEUxRWZvbDhYYjVpNzZsRFFBaE5KNmRUckgtV2E4N1IzTU1VQ1BFd2J2STdhVzJRaHBhbmthR213OFVrNGZBdFE0TlFvMnc3UkxCcUpIMEMtczlM?oc=5,,
"Sun, 12 Apr 2026 07:00:00 GMT",nao_identificado,Inmet divulga alerta de chuva intensa para Pernambuco - Diario de Pernambuco,INMET (via Google News),alerta_oficial,https://news.google.com/rss/articles/CBMiwwFBVV95cUxPeGwwWHFrWHZLdE14a2FPTjVYeTNsWWY4NmV3Ui0zQW1OMmE0SVVxZWtWbHBhemQxNnFUTm1vX2hSd0ZNZzNGNnJqSlA5YWpEYVFZN0V2clRodHZKbk1tMU1yb0p5RnJXaUIwMm1QMHpoMVh6SEE5X0twTTd1UDhRTGdqc21kQ2k3SExzcDVmY0M5R0QyYUktSHpfVlRFcFhueW1pYzhBUVpBSHZ2cmRhTXBJVTJST2hFODFnaE9OMVdzLXc?oc=5,,
"Sun, 17 May 2026 07:00:00 GMT",Boa Viagem,"Cidades do litoral ao Agreste de PE devem registrar chuva intensa até segunda, aponta Inmet - cbnrecife.com",INMET (via Google News),alerta_oficial,https://news.google.com/rss/articles/CBMixwFBVV95cUxPTTdWaUEwd3BhcjNXVVVyYjVPZ1htczZza0xHVFJicTZBZ1JiNkJmcFlvREtSZXQyNlZfMmlPdkJBdzc0aVVXckxRZzdzSTdRclM1dVVtME9uT0x0cWEwQ0IwWVBFSkVWYXlMdTFvSU9VcXFfN21CRExYVnlaeVp3OGlhVEFYM29FcUFrQVg4VmQ0MXExRHU1am9NZ0xEcTFTYk5Id3R5dU5ZT3VuYnZuWUliSmNpX2o4ak8zaVBicVdCb3kxR2Vz?oc=5,,
"Tue, 02 Jun 2026 07:00:00 GMT",nao_identificado,Inmet faz alerta sobre chuvas intensas no Nordeste - Revista Oeste,INMET (via Google News),alerta_oficial,https://news.google.com/rss/articles/CBMiiwFBVV95cUxNTWNUSm1zUFM5TzVES0RiNlhkVnJfbGVrY1hFZVk5REtRenk3ZzItQXNlOWFBUlJBOFdtcUprUTg3WUdweEdoSHU5dEUxWDZHQ251VHJqNDdVVlM5VmV1cWU1ZlZIdlFiSzFZSlZCR0UtR09CcjktMG0xd0ZycDl0bHhpQ05hMko0bno4?oc=5,,
"Mon, 11 May 2026 07:00:00 GMT",nao_identificado,"Inmet emite alertas de chuva forte para Grande Recife, Zona da Mata e Agreste - TV Nova Nordeste",INMET (via Google News),alerta_oficial,https://news.google.com/rss/articles/CBMiswFBVV95cUxNMG9ROUwzS2p0ZzlKNVJKcVhtcU5EZFJIZTJvd1JqYUIzQ2lPaWtPSC1uN3Y3eGI4dXRqbW9TeEFBNFo4SVl3RGt4ZDM3RFFFWGUyMS05MmU2enBhT1A5dml2NXJNVnd6azZDcF9jLXpOdWJ6QmZURkg1X1ZGMVNDaUVKSldPdFVjZzdSQ3BiNUVEQ2U2NldNb3gyQXFXaXhrSWNMZTFXWnJFZ3hRSXROb2d4WQ?oc=5,,
"Sat, 02 May 2026 07:00:00 GMT",nao_identificado,Sobe para seis o número de mortos por causa de forte chuva em Pernambuco; Inmet emite novos alertas - GZH,INMET (via Google News),alerta_oficial,https://news.google.com/rss/articles/CBMikAJBVV95cUxOY2Z5VFItWi10RVBOdm5YYk8zTkoyZkhDbWIxa240bmRPU1hjWkF3bk9ORDFLUWFjQkJmSEZQd3dlM3ZSZ294djNDeUVMVGhzOVp6emNjb0ZjdUZLcENUdHltNHdxVHFaMHRtN01udUpDYTJOTlBCbGdDV3A3NEhqcGwtbWZMZ3FyZjVBaFY0dTN3VGYzclZPOHpjbENKSUlxY3NuYkhTUEFyQnltOWRYSG5reFhqSTBjUEJadnpiUE5GZThhQ3o0eG5iMmVIYkxpU3ZOQy1DVzlkeFBJdzM2cU1GaHpuN3lGeUI4ME9vdkcxN2VPallfaGdQaXQ2MUVZRUVxSHI4VDNwSmxVLVpQdw?oc=5,,
"Thu, 25 Jun 2026 07:00:00 GMT",nao_identificado,INMET emite alerta laranja de chuvas intensas em Recife e Região - O TEMPO,INMET (via Google News),alerta_oficial,https://news.google.com/rss/articles/CBMitgFBVV95cUxNMVhEYXZqYVBCeENZVFlKR2lIczcwbjlnU2hRQUtQdFY5ZG5mUnFGdjJPdWNza3NhSkFDTWZ4UDVUZGFHbEtfVU5WMXh2Qzd3V0dnUFRXUFlWeWVSQmE4QnlOWWlCdFNrX3Z5WjVlT1RqNDByTVd4OTRXQlRnVmFRX3o3RWlJUl9ydTBjazNCbC1JRHZWUHU2VXVuUHBCMUhGMUZUNW5Zdy1sTDk3OGtvZC1xZml3Zw?oc=5,,
"Thu, 30 Apr 2026 07:00:00 GMT",nao_identificado,Vai chover em Pernambuco no feriado? Confira tendência da Apac para os próximos dias - Folha PE,INMET (via Google News),alerta_oficial,https://news.google.com/rss/articles/CBMisgFBVV95cUxQcHpXclZWWW9NUGJpeHRDOGxIbDlyS0JxLS15Nm5tMEhNYkM2UDBjSzlSSTNDSV8zbGlEbmpzWS1vTHJ2R1dOTGxLdDV4cjVLQWhKVlpDVHpnc1hpZl9PU0VCSkZTZ2pQR2NEanVNUm1DVHlXV0s5UU1QOWVXWHJDczZEeFBwWjJjekR2SmlObzZmQVRBd1AyWHMtdFB3TkZ1aHBMQzE0ZGxHUnVjWDA2MmpR0gG2AUFVX3lxTE5iT1V3OVliN1RONVFwSlA3UEhTd1FtOHhPbG91TG1CbWdlcGZsdnhFZlgzSUhlZy1DaE1heUpIRXlFSHF2d0hsVHBWWEU0UWdnNHo1eW9LQ3lQS0VTWXN4cWVJV1dMNW05ZjRramZ0azFsRWU1VXUzRkhWQ0VHbTAxZ3pYMjRxQmRvQjhjN2JsaEMxX1ZCam1OOXpid3hXdzlIYml3T2oyT3V3Wmw3VUtoTE83V1Z3?oc=5,,
"Mon, 04 May 2026 07:00:00 GMT",Guabiraba,Inmet emite alerta de perigo para chuvas intensas em Recife e outras 59 cidades de Pernambuco - Francês News,INMET (via Google News),alerta_oficial,https://news.google.com/rss/articles/CBMi2gFBVV95cUxQWjNTVWZwLUZEY3RRMEN3TU9Dc183SGJhc3pfUUdyN1ZsWjhQSEdScTJJS1MyNjZGNnItTDFfU0dqZE5pSlNWOUE3OVlFSHA4NmNGalZxVmFwc1ppczNoNmM5MXJvMmxfQlNYUWtsdmF0UVpOX05QVGZDVEJ3WnF1NDRnUVg0Z3F6cWtkM2J0dlVhUkJkN0ZzcTZLSzJ0d3puaW5RVlB2Y3Z1c1RDWDdXbEdKUUw4UkpHUzNjQXFsRU50bWNVRF84ODZmN0doTHlkTGxJekhuekREQQ?oc=5,,
"Mon, 11 May 2026 07:00:00 GMT",nao_identificado,Inmet: Chuvas intensas persistem no litoral do Nordeste e chegam à Zona da Mata pernambucana - Terra,INMET (via Google News),alerta_oficial,https://news.google.com/rss/articles/CBMimAJBVV95cUxNbG1lZ2JMS0dNQXkxaFVVdWdWU0dpOTlkcXRwMUhLWU5fdmtPNEJkMXFsaEI5cF9YZ2p5VjBmZk5peE1nU2xhYWFYbFMtY3Bua1ZRLXB6M3ZFVWNaMjg3NWY5Z081dXpJdWJqUW8tWmZnejh5alpWQVV6eGtXb2RLNEtlSFBmN2k0T2Z6QmNzSUhpX2J0cFJrSThadXVyMElBZDY2a1lvb3BjV0UyV3lyUThvckM2NWVsZzBhczF5MUtOeHZabFdlUE52U0tOR2lPeWV5MnJ4UHlYdGs1NjFCLWdzdExZSHRXLVI2d2JoU1F4Y3QwUEx4MHRmaUMtazc0YUExOHdBTlZURXBMNmJERmpuODhIRlFL?oc=5,,
"Mon, 04 May 2026 07:00:00 GMT",Derby,Chuva: Inmet divulga alerta de perigo para o Recife e mais 59 cidades nesta terça (5) - Diario de Pernambuco,INMET (via Google News),alerta_oficial,https://news.google.com/rss/articles/CBMi5wFBVV95cUxOcEFRN2xtanBPZ0l3b0RRWlBwX1BsYlBvelI1NkVGUHBsUGN6VDdFUEZ2M0EwRm8xSm9tVWxaQkdFdWh3MHJWR2hRbjRqUzhDczNxZG83enpSRDZqbGNaRDBaS290U1VZbmZvTngxOW5zUzRMMkhRWFJFNUtCdUVlcjJoWUR3eTV6bW9DYS1BMVRPS19tb04wXzFDa21jQXpMUnNQLXNtWEhNV2M2QTh2dVRPV1R5WHNZSU4tMml2eV8wZnBoTkZ0Q1R0TWtFZUx5UmNwMVJQOFk2U05HRGhJb3FyNS1xNHc?oc=5,,
"Fri, 24 Jul 2026 07:00:00 GMT",nao_identificado,"Prepare a sombrinha: Inmet prevê acumulado de chuvas na RMR, Agreste e Mata para este sábado; aviso é amarelo - blogdoalberesxavier.com",INMET (via Google News),alerta_oficial,https://news.google.com/rss/articles/CBMi6AFBVV95cUxNM0dER1pCcElhX3h3U0FNZDNmM3J4UHBRMFNLVTF1NkJ3b3hnMV9kMTJ3Yk1XU19YQ05UZVNlNTlLTHZxcFp4Yngtc3pHS1NWUURleGJXWHd4VXBNcWRJU2V6blFBVzM1V1RKckhidWlaYklHR2ZHbGZwZzhPdzZSbU9IX1ZNUlFpN09pSGxWeW9oWVhYNDNudGRhclhBNV9IUEgxVkRlYjR5ekFVLThYTHNpdUZIaXpZTVppZHJTVVFJSWZzUzZDRnYwZVdtbm1TWk0xR28yd2NqaHdMN2MydUdxckpGd1Q1?oc=5,,
"Mon, 06 Apr 2026 07:00:00 GMT",São José,Chuva: Inmet divulga alerta de 'Grande Perigo' para 39 municípios de Pernambuco - Diario de Pernambuco,INMET (via Google News),alerta_oficial,https://news.google.com/rss/articles/CBMi7AFBVV95cUxOY3lGLWxqSDFtU1RDb09RQkhncUluejB3azl5MExxNFlMYzNlOHo5OU1UeElXdHJOSUpaWnBxQXRyNlpqWHNJTWJyYVVmQ3pBOG1hb0FVNm94RUVaejZtOTVDWk1YNWtsREx0VnVyVVRsdGNjM1J3VE5KMXVLNTJPbUhUbmJsVWYzTnhZSWh3TjZjd21tWWhhVG1NUHl2czV0SDN2NF9XbUdYMHU2TXRyTGxLNkM4ZENxRElrcHhoYmpSdThFUzE3UVV0SkttX2VIMi1xcndVazE4X3FhWGVBQTVINnQ4dE11ZDZKdg?oc=5,,
"Tue, 28 Apr 2026 07:00:00 GMT",nao_identificado,Inmet publica alerta de chuva para o Grande Recife e mais regiões; veja previsão - Diario de Pernambuco,INMET (via Google News),alerta_oficial,https://news.google.com/rss/articles/CBMi5gFBVV95cUxQR0tuNWdkOGd5RWJnbUs1S2g2alg3SzdQelRJS2tGSTdQUERMcUpKZi02cXN2Wmd5N0tydEJsbWpnaHlLM0FRZ2FTd0Z0YVByZGpPOWFodzg2TUswaWxONmZxM0hJLV81YXpiYlZUaW84Rll1MVNFNHI4TmV1TkJfR2tvSjh5Wkw5d0hNYTFMV0xVWEc4RmpUQmdiS1REaHU3YTlqOThlcHkxX2Y2a2Ytb2dtYWY2a29IdnVYVVFZdTd4TlFXRHRJdXBCejd5UTJ6SHQ0WXFvbDl2U2FKamVhZzloS1J5UQ?oc=5,,
"Wed, 16 Sep 2026 07:00:00 GMT",Santana,Inmet amplia alerta de baixa umidade para 50 cidades de AL nesta quarta-feira - Cadaminuto,INMET (via Google News),alerta_oficial,https://news.google.com/rss/articles/CBMixAFBVV95cUxNMDJ5eUhOVjdHX3EyTHJHOVU2Q3oxODBWT28tcnpDN2ZaMVp6Y25pZzVwWWEzQ0F2MHdlQnpJblZXeEdhT2ZmN2syXzhxRzA3ekFKN2kwOUFoOTNCOVRGMHJpRVZLdG5ETXJacG1EeU1VeDVYU0Y5b0ZqVGwxdHJlQk44dEhfSG9CQjdiUk1IR3gtZ3FKN3g5NXN2eTlOWUJLNUNKRDhYOHNwLW1xcUlkNlp3NDV0MkE0dV9BWFJsZmt5d0dm?oc=5,,
"Mon, 25 May 2026 07:00:00 GMT",Boa Viagem,Inmet alerta para possibilidade de chuvas intensas em 66 cidades de Pernambuco - cbnrecife.com,INMET (via Google News),alerta_oficial,https://news.google.com/rss/articles/CBMitwFBVV95cUxObkxSay1NU0FPeWVNdEI0UmJrM3J3b0NpTmwzWXlaNE9LYnVZenlkc1lqcC13T3JqRmtNTmlNaTljWlBiU0NxWEpHeHVtY0hJMUtTSkZzNEVPTzRaRERBamRucFlKaHYwS0NlWkJWVzNUNTI0eHNVNWREcTVSMWp1M0tJMmRkRHZfUHNGZVJibTQ1UV9qbHVWS2RxVWpqSVhhXzZ5d2JzZGZmRTltTzMwT1FtVFRobTQ?oc=5,,
"Tue, 31 Mar 2026 07:00:00 GMT",Boa Viagem,Inmet emite alertas amarelo e laranja de chuvas intensas para todo o estado de Pernambuco - cbnrecife.com,INMET (via Google News),alerta_oficial,https://news.google.com/rss/articles/CBMixgFBVV95cUxNSXdQbXduMnJPeWF0cXdLWV9ZalpUQ3RKOXVqY0lPeGN0M2xScm9HZjktWkZPc1FwRVQ4V1oxeXh3U3F1cWJxVFJ1QmlSSFJINDFDVW53MHBXbWhGLTVDQUtjcXBNeVg3RldfTkR0Ulpnb0R4c2h2ZFhZZ05ZLWRMOWgwaDd6SkhuRlEyWGVxOUF6SE9qQVdrTkFZaGRGTDJCNk1kR3FBYlFmZVBLZXpXcUVvdnVLSUpoWG9JV0xqR2RZYkJYalE?oc=5,,
"Tue, 18 Aug 2026 07:00:00 GMT",nao_identificado,Previsão para quarta-feira (19) e quinta-feira (20): - INMET,INMET (via Google News),alerta_oficial,https://news.google.com/rss/articles/CBMikwFBVV95cUxOWWlJX1NPelZqVlBjNlk1TTM4TmtyQW1SQy1vbFdTTzNyRk1tbjhaRG5sTm83WmYxVjFscVFMbWtSZUdVS04zUXkydm1ER1g4STE2NXFFSEI5Zjl4eHFMNlNhcFVHdE50VlQ3UE9fbFhMcnYzV01jQXZJNFVrT05BTUY0bzJOdUo5T0VXbkNaelQtNWM?oc=5,,
"Mon, 28 Sep 2026 11:51:00 GMT",nao_identificado,Inmet faz alerta para onda de calor em oito estados do país - Folha PE,INMET (via Google News),alerta_oficial,https://news.google.com/rss/articles/CBMipgFBVV95cUxONl9CNXlHeGRJVC1NU3FiSk9NaWpiVHhKZjlETEg3YTBJd0RNU0NWZV94bGFZcV80S25PYkhrSHlSRWxUM1hsbkdTcjRWYlBLTzJMYW9BdXJaUW5kQ2NScnEyTHNTQ1lIWUxDSXE1c05LZkN3T2RtQnBrQVpCLTNIX3hYdUxYZDZXZ3dNVFlMWHNMM3ZONTRoUHN2c2pXWG1ZOVE5bGVn0gGqAUFVX3lxTE95OGF5c2xmR1FDZXM4bjJJZDA3d3daUjNrc0dxTkYzMHJFOWFoMldpVXUyaXVJR2tTcUdtSll0cElGcHc4WlFDQUg1TUFtdm9vdHhrdmxnY2RGR2pOS1Z0NWswSzdOamV5dnpTVENXV0NXdS12cDlnVl84VGZzOGl2ek9mSldaYno5YUl1N0MyckFGdUVhajdMWkVCQnV3c2FRR1FSQWJ6RURR?oc=5,,
"Thu, 23 Jul 2026 07:00:00 GMT",nao_identificado,"Inmet alerta para chuvas em áreas de Pernambuco, Paraíba, Rio Grande do Norte e Alagoas - Notícias Agrícolas",INMET (via Google News),alerta_oficial,https://news.google.com/rss/articles/CBMi7gFBVV95cUxOclhkeldaV1NHZVlCbDBWT1lqemhXdnJvZ0ZzdWZuM0hmaXVFdl9leFI4T2VWQ001djM0VVVwakZqMkpydHdPbzlKYWdvY19IUUlBd2d5TDh4Vlo4LUdHQV9ZQkF5ZmVodks5NkpCVkgxWWR4VWo2Snk3QTRkQ3l4NzUxb09HZlFQUlh0UjBOcWxPYmk3MHJKR2tDcG1vck4wS2tlS1VyMFJsb1VRMEJGUldLZlRDVmQ4Z211YzFXNmQ2SU1ESXRBN0dFdHdJakFQbEI0LThvSnZ3SGJDcVROaWZoRUxadWhvWVB6bzln0gHzAUFVX3lxTE9Da2ZzX2VaUGs5RWQ4cTFuRDdNYVJjRE45NE9xWHA4bzhxM0xGaVlIUWh0am1ReDRXNUZuUFJYSi0xNF9zNkFSQTdjQVFUUDQ0TEhQdVRObF9Cd1YwTDNZX25TTXpRWlZ0UXlOQWZIaWRrLVBXMGVRSlp0RVFFUjNGSW42N0dudl9SWWl4VTgtMG1nWURWaHYtTTVmcHVMbjRLWE1WS0MxYUt5RndlS21FX3QzTDhLUm01eGJiZU1tRWo3MURqaXpDSVJJWkROZi10dklrQ0w5TlpjdjJJU2toMFgzcnR6d0o4ZEdzSzBSdEoxcw?oc=5,,
"Fri, 24 Jul 2026 07:00:00 GMT",Guabiraba,Inmet emite alerta de chuvas intensas para 57 cidades no interior de PE; veja municípios afetados - G1,INMET (via Google News),alerta_oficial,https://news.google.com/rss/articles/CBMi8gFBVV95cUxPRTNEMkRjT0RSeS1KNzIyYnQwSFZONE5abVowc3JNN0hUdWJqTFRpU0w0cXpKbk82aFByX241Mk8xZ1N5b3JnRzZtcVdLYkRDNE94TjY1WHgyajdNcjdRWTgtVGlBNmpuY3ZZazdWM0d3Vm9XbTYtNWY3MWk1RmxFZzhET3ljQWhObnNPNE9OTVBfNFJTTXpoN0dEdjk5VDBVTW5aS1ZucUdVdzd6dmlhdFBiVE5oYWd0dVR1d01VYWo4ZjRKekl4UDN1ZHRKZG8tQnlPYzl2T3JJSnVxMUVydjNhQzNLeDVxby0yazlyNWhuQdIBgAJBVV95cUxNYnRWNE85T2lEanhWWnpyTExKcV9WVHhsVGdOcE0tXzlsVmxURVA0UFhaUWViaXNxR0JGZzdmVVlNVWdqV2pka21kM1czNWNLQ3dZRmFRRTI3Q2lTTVNNeXVBcG5ldW9YRjZraUhWZkhlenlEM0pUVEpQanJIcmwyNjVRbHV2S1IyUC1DNkdNY0E2ckl2THdGZTZlUTZPdXEyb0l6SGM2WGJqbzlUNlR0NXpub2xKUFYtLU1KYVpxdFBkVEdyUzBGUVhFSlo2TTcyYW0xVk9XVFlpR1BpeUhVeUlQa2hDSWV1V05HZ2hnQmxmY0RQeDVfX01YdGRlODlJ?oc=5,,
"Thu, 16 Jul 2026 07:00:00 GMT",nao_identificado,INMET emite alerta de vendaval para Pernambuco; veja as regiões afetadas - Terra,INMET (via Google News),alerta_oficial,https://news.google.com/rss/articles/CBMi_gFBVV95cUxQZHBwbDVxZmw4YmFSQUtiQUo1REF0a09XNzF3UkpNbFZ2YVVkM1JKbE94NTEzenNPbnhia0ptX1RMRWVtM1dkZnlqR3Y1UDlPWWl3alVVV3h6bEpfdE9FQTl4QWFJSGtKanlRdGd5M0Z5NXVTdEltOEw2SEdQbXRZbnNZbENYTVIzNjd3OGFtZ3h6Yk83Qk1yaXpsLXk3SXJ2eUxBQjZicnpsWkZ1eGtGTlJCbTBBa1plYTVYemEtRkd5R3pCODZzUWJVSkFyQVU1dzZ4WDNBQ3BWczdYdkwzck9odTRqR3A0TkJtQlNlclBLRzRTZi1naGZ1bnRZUQ?oc=5,,
"Fri, 17 Jul 2026 07:00:00 GMT",Afogados,Clima: Inmet renova alerta de chuvas intensas para 25 municípios do interior de PE; veja lista - G1,INMET (via Google News),alerta_oficial,https://news.google.com/rss/articles/CBMi7AFBVV95cUxPNGRXV01GLU01OUY3ZEpuVDR3bTIwbmJNdkRHM3NYbkoxR3BoOFlMd3lOQXJBQU5MYWlPTW8xbEdyOS1xZjVLRUpNMFI3Yl9GQS1hWW95RTVyZ3FpaG5YWDhKNHlxSmJrb2RaSDhOVXFHU29fLW9TU1BiaEl5ZWtxSTJHaTMzcnY3a3dPUFV2ZnFaSjlmNnVQUklKVjVNX2ZVY2Z3R19aQ1QzdW5ZUGFTS1pRUmhrU2luSmgtb0M2bGR4VHNrWVpNOEY3X2ZZSjJRT0NIWTNzWFcwTEtHbUZ1UUtIWHRFcjV3UlYxctIB-wFBVV95cUxNQkstTzJEWm8wRzZlLUVlWUx5UUc4V0tLUFl1UWUteGhzTlMzNWFralJjRlhnamFHa2tmTG1BYWMtT2F3c25zUDVWdHQtNkNfNUxHZ3hOT2FlQmNQV3FtbUktaVE5bXAxcFgxVzNCNDlQcnN0dmg4amNPb19SZXFfSzRudU5mcnFnWHJ2eFZGLVhSQks3WGtNUEhIUmNMdXliRjBseHVuVThGaHNmRkdCNDVaVWVMeURIajc3RjlsMlV5RDBsRC1HYWdTQjFxM1JJSmpDQUc3b0tUU0F4TFZOVXFwLVI4ZFl5Zy1EaWl5bk1NM3ExbVBEcWJHSQ?oc=5,,
"Fri, 31 Jul 2026 07:00:00 GMT",nao_identificado,Inmet alerta para perigo de vendaval em 36 cidades de Pernambuco; veja quais - Terra,INMET (via Google News),alerta_oficial,https://news.google.com/rss/articles/CBMigwJBVV95cUxPVF9rSjQ3TDF6Q0l2YVFsMjNLdU5hV3RjZ21xQ3F5WkJMUHFDSl8yRzRINmZuTnFJaW05UHI2WWtvOEhOZGxXcWFlZ2Y1aFZZX3pqbmFrMFZMaWxlUXhNZWRtVm45WFpOOURSUHhMMnZtNGpNOTRfUERPcTE1MlhlOXZTZEVSU0dQSXAwSTJvSGFLbTdCMzA2NUtqVWVOT3lSUjlPN05ndzZUMTBob2daWjRWdGtjbWRJZGFyT0VrR3N3SklWNUVDRUNxakRxRmxTZVE1dUdQVVZUTFFmTDJiLV9tNFotR3JNYnpjM1ZYQ3lvMEJqMm8zV293WVlBeUtjMHBZ?oc=5,,
"Sat, 22 Aug 2026 07:00:00 GMT",nao_identificado,'Perigo potencial': Inmet alerta 23 municípios de PE sobre vendaval - G1,INMET (via Google News),alerta_oficial,https://news.google.com/rss/articles/CBMixwFBVV95cUxQWlpCUVljbEJpaE4zc3ZFd1lvaEx0VUVtOHdqeXpKamU3dHBia1R3d0M4VEJOV244RDZOcjFlb2VxTlRQRlpRbHNNT3UyaFBZelE5dkdvZ0pTdERzektyeFlGTFBUdDBQOFlqZ1ZZTDZOZVl1LTlEanFEZ0Q1azBqMG0zX25SWVE5VUE5MjZKLWw2Rk1ZR3ZwVG1pRVA4TEVVWE9ady16MGtlWkxKaDhjdlctcVA5NUZhak1rYkVGT1IteEpaeGVR0gHWAUFVX3lxTE10cEdVdzRpMVduM0F5ZU54cU5oSjhmTk5CMzdHaG1yMFVGMEFzczNzblB6eHVXZWtUX3ZULVYwWE15dzRXVUp4R3VXdU05YzlSQ1ByeE1RSVpwb0FQcU5jelU1TmhKUzNVbDVJV3FJVVFKYkJ0THZYUk1NN2lhSjVfTVVISjB3a2lVUGdJbFUyNFZJM2lEX3R1bENaODdpelktSHlWa3l3NG1VUnRLdWJid3FBY1dTT3lOU0hldVZGUFc0UXJYUVp1NEpwUk5zQkJlei1sVkE?oc=5,,
"Tue, 18 Aug 2026 07:00:00 GMT",Guabiraba,Caruaru e outros 44 municípios são notificados com alerta de chuvas intensas com grau de 'perigo' no interior de PE - G1,INMET (via Google News),alerta_oficial,https://news.google.com/rss/articles/CBMiiAJBVV95cUxQVnNLLWNCb1ItME5FWFYtVXFzeksyOVF2ZkJKbWtiVGhfUFk3R0dISTd3OE9hMmdQOTE2UVdrd3REdjRyWEEySGRWYzZlVEllV2ZjeEc5cjJpX2JFOGVVNjRxNlFYTFpfbVE5cXNteV9SS2xER0ttSEpnVlZkeXFyaXdXREFPVC1ZNE54Qm5LdDk1ZkxvYk9pY1JjVHJQcVBFSnZGcWJPS1N1bFM0akNrUFZKNTVMSU9yTnJLRHZfUkFsMWFrT2RnS0xiNmJRUTZ0U0xrMEtia2xnSlF5RnZ3YXZlOGpwTHJwbDJPQVBZbEhqRnZUaUdaWVk2ZEU0dnUtMVBfVHpHdXjSAZcCQVVfeXFMTlVWMDY5Z3c1RER3NjRuWUgyWkdsVE1TSzVkX296eEwtcFluOHNFRElvOUVxTjJJeldIV3A0QjdkeWlfQU1NUTA3endoVTdPeUprUGtFQWw1NGxLNEpIXzRuaTY0d2NTb2dQZ3l1TG82cXIzeW55Zi0yQ1BVSS0wQlBkNEVlZGxvS3dDbEpWWmdwaWRJZ0FTOXgyV0dsckRBVEJuOElhaFlTY280ZmhuRFgtaGNqdnBXb1NXby05UGNITVhtSjBGMFF3YVNoc0tCMkNmdURMakNBVjJscUVhQ093eXhzTDNfSkVaZ2ZoRW94akFXNGJvX1J3OE5NYkZ5bzN4d2UxcEZqOXBlS0ktc0RYSlgxbmtr?oc=5,,
"Tue, 04 Aug 2026 07:00:00 GMT",Afogados,"Vendaval em Pernambuco pode atingir 89 municípios do interior, diz Inmet - G1",INMET (via Google News),alerta_oficial,https://news.google.com/rss/articles/CBMi0AFBVV95cUxPdjFOcGlpRDFobGxpTEIzWFU4N2JUZkN6U0pjSlRDSTRWWkhFZUJBbUd6blJncXZxdVJsaVlsYzhCQ3N1a3E5VE04YXU4dUtfRkNrWG5JM1JaZ0NLWDBZY0V5RUVvUHVRM0ljd2Z2aElRU0ZzeEc2bU16MjlpVEx4aHd4OE9LeG1aS1Itb1ZCRVRnVkNSYnJnbVBieWxDbW1STVBWalQydGFRNm5qYW4zYXpCc1NOcVdKbHpfNTcxTTlSc2RFUXVybEZMN3dVeHlH0gHfAUFVX3lxTE84MEJnWV94SHg2Z3hhSVZXN1E4eW9rM2hKSDk1RnVwNjFINVQyUjNQajNCZlJlRlVpbVlSRUQwZGZHeE92amNEZ21SSFBqZHNTOTdZaW1fT3hsTkF1MWR2QUVHbGpvZ3dYUHBLR2JjWkVKU0o2MWlqS0NZdDVVTXRqdTA4a2V4ZEwyVDRDRjlGZDhZamFzbjc2X1JIU2RBalJValZTMDFndFotMkFXei1NMXJzOGVJNl9ROEtCZGE5UmZjekpjbE1QZTlUbWJ2bE5FYUN4eGVXRi1jSWItUVE?oc=5,,
"Wed, 05 Aug 2026 07:00:00 GMT",Afogados,'Perigo potencial': 58 municípios do interior de PE recebem novo alerta amarelo de vendaval - G1,INMET (via Google News),alerta_oficial,https://news.google.com/rss/articles/CBMi4AFBVV95cUxObW1OZUh5SkMxX2FsUjJOUjBhaV9kMDNFN19OM1ROUHlTeDc4RWFIZ0VSVnAxMXI0NEVnNUQ2Wmota2h4eXpDTUdsVnJhZzRSVGZ3UEhxbmR1YUZlaTlycE01UjdNTkVmblpkamk5dTZ2ZUc0dk4wcEM0MUlqR0tLcng1QWlnV2RYcGVxNG56X3FwSEtPRXY3a0E2Y1R5RU9GYU5WcE9nVnU5VWY4US03TnBkYzhyU1dfRVBnd2xiV01lci1SSnZHaDhfbllIeWxKTGhKSjFqTHlMYUFSR2FQONIB7wFBVV95cUxNY3A3eUd3XzR4ZGRIRW54aVBadnI5c0R3T3N1UkZTQ1hCVllMeFU3dTlqbF9FS3BHdm9aZDNQY2psTTRHR3hBUWdVRnNuUWxiOGJRdGY0eGwweWJTYzQyX1dxWGZyMTRhT2RZb2ZmTFdQSDhZSkNDTTNqbFByTmoxOEpyWUdoUDNKbDBjdFBKcC1fTWNLWnNnaVIxeFNIaTJ1SzZXNjhlRUx4VjNXU2VLc2wwdURFY1V2MTJIY0N0SmxwcWdJd2YzTjJNYXZFQ1YwdWFxU0JhSkhiRUdWRW9wUUtVa2JiblJ4Nk5TRjhXNA?oc=5,,
"Fri, 26 Jun 2026 07:00:00 GMT",Afogados,Chuvas intensas: Inmet emite alerta amarelo para 94 municípios do interior de PE - G1,INMET (via Google News),alerta_oficial,https://news.google.com/rss/articles/CBMi2wFBVV95cUxOWFRPeU9mbHBUakNwazJIRTk0QzNuSEY0cnpKTTNGQUZFQ3NFR2I2Q2RzV2FaZ0pxTVNzQ0MzbTNmdVRSYXV5YkNmWkZaQm12Tk9KMzRIN2hGLUg0ZENPVzJ5NnpYNTVoYnl6R2ZXbTQ3MkM4cjVnT1UtUFVwTzJEbHEyelJfRi1DWWFRUlNTLTl4d0FTMnQ5aWNJcFV0X3daZEhaTkZwaW5aNTNxNmZYUnRYdWZzR3ZPNHUzT1JMQVJ1UUpfZ3RfR3RYV254ZVBybDFqb053ZHF3T1XSAeoBQVVfeXFMUFYxSFE3TDFYaHNiZGFMdXN3TF9wQ2N4c2RVRlZteU9LaE9Oenl3QUZ6QlFka0ZINDdxbFFxQkExMDE0OC1SMDNzUW5mWTB6VnhQbENxYmZyQ0dPR1J3OS14UlhuS1JkN2ZURFdGXzFOMUtqMmh0RHVWTE94Um5qRTJKMUVCVTVFNlFiVUV5S1lEcXg1aEVkbk9HeE56VVBmRGZhSXpoSUJfLW1fS2xRLVFOOEVrM1pTYlZfTXEzeHlod2FIanhvOWtGdVZLSmZ4UjVmVlRfWjItbkVNLVlhNGNFcGxzakpKVFpn?oc=5,,
"Sat, 25 Jul 2026 07:00:00 GMT",Guabiraba,"Caruaru, Garanhuns e outros 59 municípios são notificados com alerta de chuvas intensas no interior de PE - G1",INMET (via Google News),alerta_oficial,https://news.google.com/rss/articles/CBMi_AFBVV95cUxOdldSeEZLc0dSVmhmNy1ST1VCdndqRUxBdWJERExBaHNtMlRaeEJyRk53TC0yLUhNMk1tTEJWNms4a2QzLWpFaEFXMmFtN3doekJvbmY1d3JTSXVYeXZKbDFjS1VHTVpRakVldjdqRUwtbmFLY1E0SlhwYmVLRTU1Uy1QWjBNM3Q5RVhJQmNZeWlYTFdVYU1NSEJVaDNrOENRcWNrNXlLMUFBRl93UEJYa3N0QzBQcTN2Z3NlRlRaVGJMZGhRSF9NUmdRVWZ1RFhXaXpPeTE5dFlZRnZnQW5RWmpUVE94QVg2YU1XcnN3MTNPS3JuQUdlM3pHNUPSAYsCQVVfeXFMTVpnOVE3VTFRY1FGS0FtNzNtVmtXVzRrZTdlTmppVHdJTXpJLWR4OUJkWkh0aTlFVzJteFcxTzJOUlN6VHozYTc5MDhiX3VmVnl6c0ZtenVpZERLTWNURWZPd192LThoMFlpc21EZE44ZlNsUFJvZzJpTHR1ODRyamhQTmdHRDVSMWRWQy0zYkdZLXZFaE5idmExZ3daaXg2SGhyS20zWlFpNnlWNXowR1JCbVVMQWNzT25FSVcwV1VkRHNkQ0ZqMXNKcGlCbHVNdlQwYU1WenV3T21RTHk1NUJRbnNwd0xrd0VmZXVBOVpTSlg3U1FMYlJUNm5tb0VHdEhZbU1uQzBnZ09n?oc=5,,
"Tue, 14 Jul 2026 07:00:00 GMT",Santana,Inmet emite alerta de chuvas intensas para mais de 90 cidades da Paraíba; veja lista de municípios sob aviso - G1,INMET (via Google News),alerta_oficial,https://news.google.com/rss/articles/CBMi9wFBVV95cUxOaHBTY0wxdlphdlBueGlVSTVRWUU0eFNCelAwdVdJTUdTY3d3LUN0S3lxZ2hYWS1Lc1otMVNZb0xPcGZKYURoS2J5MzFWS21nU1BxRnowalJwTXRZR1BrQzAtd2hvOU5kRXFxRFQ1M2ZJXzFzbkYxRkZNV29GOXdGYzVfSDd5clhEZ1E5SEtHcXk1UmltenQzV1REYnh5TzVmTVVYdDlTT0NRYlhZZUJFRjZ3djV1eGt3WmlDOWlYSU4tZGl0ZUwtTEpxS3pxRFhrcERQSTVwSUEwTWROMV94NV80VHRBMVhvTk11ZUpQNzBqNlpTMXhZ0gGGAkFVX3lxTE9sb0F6Y0tZanpkZkZvdXdKQ0U5QkhNcTVqb1NqTVBTd19pU3FTbGlpdVc0YWVvOE5IUkJ4UXRVZTlYSXQ2VjI4TW9TRUZRcUlEQ1Fndk4zY0ZqQ2V5M2dFRm9fQ1RwMnIzNFFzUXVIaE1ZNUl6MjZSWDZxeVdwSDQ4UFlmVjd2bWJfVHdzWk02dkEwX01TUDVlQ1dmcWdKMmVuUU1WQ0xnbExldmRMOGVnbURwRGFZTG56dFB3OTRXQjdZRWJjZ3RKeUpmWTl4YTNZNk0tZFo1bzAxV3F5WklhZUY4SEdwM2tiWHJ1TkpTMzlXeEYxeEJUa2RSWF82cGdYMWN0U1E?oc=5,,
"Tue, 11 Aug 2026 13:22:41 GMT",nao_identificado,Inmet alerta para potencial vendaval em Pernambuco - Rádio Cultura do Nordeste,INMET (via Google News),alerta_oficial,https://news.google.com/rss/articles/CBMikwFBVV95cUxPYUJtLUFETThMREpGRkNQa0Q4bzFnaHZWQlc1TThNeHZ2U21PQUVlZXU2QTh5dl9OR0xOWm1CU0dCdXFhTUVSMzVaREFlT25lZ243dHg5Y3ZVWml0RXlQa3NXenNYcWVfTm5HZWx6YWlZYjR5RjFZckZpRXpLZ1gwNEtXUDdGdFRnalVfcjd5bG81Y0U?oc=5,,
"Wed, 22 Jul 2026 07:00:00 GMT",Santana,Inmet emite alerta de chuvas intensas para mais de 100 cidades na Paraíba; veja municípios afetados - G1,INMET (via Google News),alerta_oficial,https://news.google.com/rss/articles/CBMi6wFBVV95cUxNdnZIVkQxb056a0ZsM1hVY3R6bWZ4UzNzcVZGcEh0dDRZYWhuNTBBeWFldFBWRm5fZ082cGx5ODVMLWg5N19XLVp2MjVkaTR1Z2dRNUN5S2I0OURwQ2Q4VFlVVmphSlhFUlBlYUVjUmhFdG9KaGh2VjVqMFdqM01ZdWlMcTF6N3BQTFFyMWpDM0U2M3JXZkVXYlhjUjNqbGZkeWMyRm9QaGZrZDh6NWxUcUlkbnotaW9uMkZrMlczQXl0WkZYbWxsUUN5RmlURUgtZ0d1NjFTcldSTDB5WTJ1NEtRbnV6ZXN5a0E00gH6AUFVX3lxTFBKWGQ1bnRkVFZPSTExNzFHck9uSS1ma3laU1hMQkpDNmd5UUo1S1BOQURwOEotd001cFhpdGVOTTc4QlphVy04alJISHVvRlZaRmZhZm1Idm1CRFAwM0s5U3pHSnRnRzRVSHkyMDBrLWxDUEJxMU9MckFnc0RiZWwyd2NwTlo2ZXRYbUZqWUN0cGVKRXpSYTU5Nm45dHJwNktTdDNsT1V5SVJYUVVzb2t3cE9rTmlNd19wY1ZaZWFzT1RueFpxYkRSRW83NTlTcEVmazZ5a1p6czVoT3RoWHpIOHplZWZwc0plcHdJR3ZKdm9XTUpzYmxQNUE?oc=5,,
"Fri, 19 Jun 2026 07:00:00 GMT",nao_identificado,"Chuva: Pernambuco entra em alerta amarelo até o domingo (21), diz Inmet - Terra",INMET (via Google News),alerta_oficial,https://news.google.com/rss/articles/CBMi-AFBVV95cUxQVmNyQUY5VGo0eFlzTDU0d2tFYnRJY0NQVF9DMmRVZS1YRDJLZ2lUay1CaVRTdFRQOHRBNEU4UEZEcFljZTczYU4xbDFReXRiZlo2MVVabTRjNTRRSFRBeWZhUmVuNmtyXzFPdDltZjY4NGUxSEl6QkJmQW82ZWRUU3pRN25jaUZZVVhmR0JZUm4xTE5fY3BVenlWdFRHNHpKaWk1OTd3WDRhcjBJVzl6YURHcTVvcWhmLWt1ZDlZN2RfMkg0M0ZGNnllTEhtNzBaamF0ZVE1MzVhZG14Q2MwdTZGS2d1Zml4YkFKTmNnMGJ6YkFFa1ZXQw?oc=5,,
"Thu, 20 Aug 2026 07:00:00 GMT",nao_identificado,Ciclone extratropical se forma na costa e Inmet emite alerta no Brasil - cnnbrasil.com.br,INMET (via Google News),alerta_oficial,https://news.google.com/rss/articles/CBMitwFBVV95cUxOMnptUVd0X3JSQ1c2cE5SanA1OExjRUN5T1BwU3BqYUpPV25RNm4zVWxOUlpmY0xIU2NWRzl5amR4Um1vMEJXZjc3LXJDMGxhZUVxY0JGel9QT1Z6WXQxaC1YUjZ4SEllX25FNDZkRFg0OThwRVFTS3VKa25BbXktaUNBQ3BseThrU25IZ21VRzNkSXpaY3VGSHp5d3BSQWdqWEZ0Q1VDNk9qQ29nU2M4bWlwRVh3aFU?oc=5,,
"Thu, 25 Jun 2026 07:00:00 GMT",nao_identificado,Inmet emite alerta laranja de chuvas intensas na RMR e Zona da Mata nesta quinta (25) - Folha PE,INMET (via Google News),alerta_oficial,https://news.google.com/rss/articles/CBMisAFBVV95cUxPT3BFYV9UTWtDaXdaWDdoVGc3S2IzZk02THdubzVEVjFvUXVjb3E3T19idXBidEtkRlQtTFJoUHF1U2JXZEFua2ZyV0NuSG5GWTlTenBIbWJNT0xCaXRrc0F3NUlNQ2s4RVNZQU1IZ2g2UUgzNHlvUDBOeVdjSWRjaUJ3eWdKS2pRcWhpcWV5RFFtdEJZUC1sOGYxZENlbUp0b0NrRGdpSlBwWW16WTN6etIBtAFBVV95cUxQTmxCN0dMdEw2T2VWbjktZEhuTUkxNDRIZFFUOHhGa0ZVYkRlVVZyRzBEOVhqakYwOER1cjYwVjFRV2diSExRWHVvVk9sRXdVQWhSVU1MRjB3Z0o5dGJaeDNZUnBSTV8wT3hqNUpoMGRpN1dkeXJmRnhHUlJvMkJJUmNfeGFqdmVmQmtQWEhiblRxaTVzcFlDSXFqYUpzOGFySHE4dlRmZjNNc0tQUUNzcU4yOVQ?oc=5,,
"Tue, 02 Jun 2026 07:00:00 GMT",nao_identificado,"Alertas de chuva: 39 municípios do interior de PE são notificados pelo Inmet, veja lista - G1",INMET (via Google News),alerta_oficial,https://news.google.com/rss/articles/CBMi5AFBVV95cUxNYjNHelJlWnU0dnlmbG1fSEwwazN4UFRsbXczUEdtRUYyLWxncWxhV1oxOE01SThhTzU1d2pScmtwbmVUX0ctVzNvdnVuYlJKT2swZGZkaEVKYlJHVVU0OUdobFFRX1ZjME1sSzduX2p3VHdNMFMyaXVVREkwNlpHZWsyaVkzTlh5OTQwZ1FrQ1o1U3ZhemQxdEpHTmdpaVBtX3g1TklWVkduSjVyS2M1VUFtV28tM3EyeHdvaXdoN0l5LU5xdWdyaGd0OEt2cFdreTRfanZqWndWbHI0b0ZJcGdIVF_SAfMBQVVfeXFMTi0wT0p1Tl96QjdjelZJM1VNVUdxUm9RNmlKZngxcVJhbTE4b1p6NExLMFdBYk10MnJac2Z3cnNRT1d2WTNnYlIxNWVLcjMyeGhmSkk0czN5RjY1ZUZDOWREbW4tUG9EUHVra1JULThVNTZmcWN0VGx1NzM0QVF2YmpOdGNzV0VrQTFiMFB5NHcyMk5URThJWGJnMHMxRnFua0k3UVl0bVVBMVlicHUyeHpxSUVycjlqeW1vbzRoYmRxMVZtVXc0NmZaOFJqUGlEOWV5MVFWb2F2bHh2NC1jOGhQUmlPOEVObENOdUxqd3VyQWpJ?oc=5,,
"Fri, 05 Jun 2026 07:00:00 GMT",Guabiraba,Inmet alerta para acumulado de chuvas durante o fim de semana no interior de PE - G1,INMET (via Google News),alerta_oficial,https://news.google.com/rss/articles/CBMi2wFBVV95cUxOekFqX18wR2FUamFjblE3ODBnYWY3WEZQckVVb0tqZEFaZk9COXVxd2MxcVNoZVJPZE9tb3lqUlZuQlMzZXdlNHh0RTZCVlNJWE03ZFZ0SVZQNWF0UHJJaGk1ajRYWGRPcDRfQjF0Z0wwaUc3dU5QS29CaEhtVkwtdXdmdnVTcWZUa1BlbS03dXY0eXdLT3BrTHRGRkNEQjJqak1mNW9KWTZnTjNUdXBfbm9xaDhCaEZYeW84YUpubUtLNTZaZGJUenJMNHhFbzNOWlZwYW52SzNqbE3SAeoBQVVfeXFMTl9qeFh6SzhKNEo4ZzlTeURrODJqT2ZjU1lhem9FZ09kdVg1SllreWxSSzZpUi1ZNGRadGxWWEZSaEwtTFRVMHRXMVgtVno3cnZTVW5TYk91bjVuVDhqQUQ4c1RxZnFfUENEMm5nazhlYWl6d1d1dHU5R3NtbEp0TkdNNEY2UWd4UzIyRXIyUWt6S01TeXgtQ2drUVM3bFFrU09neXZ0bVhCbDFpZnZDc2pWZHc4M1VaaVRpSEF6b0FYOVlMMENIQW5NNUpfcmxMb2JBdDdwTFB5V2dMX3hMSjVmTVRXMFBLQ3NB?oc=5,,
"Thu, 04 Jun 2026 07:00:00 GMT",nao_identificado,Inmet alerta para acúmulo de chuvas em Pernambuco até domingo (7); veja regiões - Terra,INMET (via Google News),alerta_oficial,https://news.google.com/rss/articles/CBMihAJBVV95cUxNZGdWd0hNTlFZbHFlWDkyTGRBRndvVDZPSWhDaS1yZHpCUWdySmJYcG1HRkdLbFQydmxFUkRHR2poejRNX2l4RDR4TmxvUjg0dk5wVUdDV3VOcENyN05CVTlqOUoyUmhuaWNpTWtwM0NZeWQ1dmRrTjZLV002WWc2VE1jeG5yNFhCRDN6d3U4WVlvQkNZd2NUOEUyazMxOUpETzR5VnI0Y3AxTEZVSkZaTmlxVHB3WFpjWGRqdm1SWDFwU256ekhoT3JuT2M2VENOSmVES1FqdVpVcmNvZDltQVdlZjdOMWd1ekRwdkdUN1RwdGl2b2FWWUNVV0xhbDQxd2FhNg?oc=5,,
"Mon, 10 Aug 2026 07:00:00 GMT",Afogados,Inmet alerta para baixa umidade do ar no Sertão de Pernambuco nesta segunda-feira (10) - Folha PE,INMET (via Google News),alerta_oficial,https://news.google.com/rss/articles/CBMipwFBVV95cUxQTnJJczhwZVFaWWYycEVFbElxWkYzdUZTSmN4a1pkT1NPYmFRQjN5RlpQR2x0d2NYSjNXV0dFbkVoYmUtdkdReEV0czZnYWI0Mko0RkRVX0Y2SW5oWG50Qm9WalA0a3ZOdWxTVHl6WF9wR0dTS2FXNE4yeEtMMkNJRE5ZNm4wcmZJUXYtYXlER1BYS1VCbDR2UURfWDFyelAtLXloOS0tSdIBqwFBVV95cUxPQU9xaUc3RkFGMGVFLUZVLUFtTWkzdThORnVFeUtaVmZhVG10cHZjWlIyaTdvbDlWc3lmM1BoQWdyeTBXWWlVVks4c1hjREl1WEhCbjlnN2FHVGxwUFZfZER1SDRmaHUzQ2tDY24tTW5oV2tVNThzSm4xTV9EVlNlX2FMNkx2MFdVdURjN05vWWNpTEdPN2VYUnNlSWNtUnlKTnhrWmVJcEtCcmM?oc=5,,
"Tue, 02 Jun 2026 07:00:00 GMT",nao_identificado,Inmet atualiza alerta de chuva para laranja a partir da tarde desta terça-feira (2) - Folha PE,INMET (via Google News),alerta_oficial,https://news.google.com/rss/articles/CBMirwFBVV95cUxPS1pJZ3dKLWRSQTN6bTJyczdKWGlEVEVpbzNoTVl0SmNOTjNJQUQ1MXRLSDVhQ0tENU91VFhnM0pkRnBIVlc2ZEwwcXFGRTZDS1FnMWluclZiRUl1Y3ZtUW5HcVBULUdZWXBsSldTellsRDFhZEYtdEJYZkdnRDNiUEZsVUs2YUJkZmoxVXJhUGZEd2l2NnhUOUpIaGs4ZUlVdWIwNVlDOXZnSGUyNzc00gGzAUFVX3lxTE1aOTN2SWpaUEZTTVVzYmJoemhlSzlORV8wMjFaMWIxaWc4MFRsRi1kNEdHWFlld3IzeXhob3RzTm9kY0hheGVFS096RGJXZFVreHJlN0VnSWJ1RDB4T1JjcXQzSUNFZEJRYW9QRnVBcEd4WWNvOXdJTkl6bG11MGtCWDI0eFN2Vm94aTEwcEREU3hqYUtPVWZaSDR1NmozcU5zTXFVNEUyWDJCZWxhWktMN0FN?oc=5,,
"Thu, 06 Aug 2026 07:00:00 GMT",nao_identificado,Inmet emite alertas de baixa umidade para Sertão de Pernambuco até sexta-feira (7) - Folha PE,INMET (via Google News),alerta_oficial,https://news.google.com/rss/articles/CBMisgFBVV95cUxNd05Gbm5HOFJTWWo5bGRvVzk4MU9IaXR1VlhVeEtNUVBuc212RXoxYjZoZjR1MDVoVE9sRk41ajd0Uldub29ZTjAzcHFOTkx6bFUtcDhwQmNFN0RJb09BQm9RaHlGa29ORUIxT0tTUnVHNGpHWFZkLTZWdnQtcHJsOGZmb0I3UVUtaHp1Q0s5MzRDd0lsNFQzUDBYUlVEd1owMUwzXy1mY1g4SUJMSDRqbWFR0gG2AUFVX3lxTE92clJCT08zT0tRZDJSRzgzWWVWczh3THZGVGMyMVkyc2ozTmNETWtZVDNZRmFnT0w0b1lYMFozM3FvWWN1Rk9kM2pIR18tYU9lM1d6MktTZGNpYVg0N3hVX3pEU3V3OGZzYkpVUlhZVDhzSkF1SmZqM3ZLa09xcWd1NHlGaExXa0pDN2Y5cVByMkRxSHBaRXVrWFJTNEtyMWxDZFc5bnpLZ0pyZEc2dlViLUg2bXp3?oc=5,,
"Sat, 01 Aug 2026 07:00:00 GMT",nao_identificado,Pernambuco tem alerta de vendaval em todas as cidades; veja orientações - Terra,INMET (via Google News),alerta_oficial,https://news.google.com/rss/articles/CBMi_AFBVV95cUxPQTFXU01SbFJOZnRkLTItZ2dFVkFsRkM5RW80V3l1NXhKNEJoUWdiTk44dDNzMlp3aVdScXJRMW1fckNURDZvWHdYaWxfVExreWlER3FzY0NIV2lFQ1FmTG94X0x6OFJhbmQ2T29ZNElOck9sX0tjaHZMdzVUeTFqSDFQRGJheC1wU0ROVTlLbEc4OVc1YzBwNU9oamh6dVhTTHR5V1lhWlBrMHQ5MmEzN002VWRPdTViSTdQS1JWT0t0cUdKUVNkOXNOT3Bwc3JOWmVKVExCTXJLR3VzVTZQZnl5dDlheW5HQXhuUFJubDBFcU9CZ1N3c3RGYzI?oc=5,,
"Tue, 18 Aug 2026 07:00:00 GMT",nao_identificado,Apac alerta para chuva forte em áreas de Pernambuco - Terra,INMET (via Google News),alerta_oficial,https://news.google.com/rss/articles/CBMi4wFBVV95cUxPOEJlREs3QldNX0tlZ1pZMjh3WU5DQm5TX3lvNm1fNXhkQlJwdVN2Z2dNb0dwc1NRMk5qYmFvWFlpTnZHNWwtOFpxcGZLX05Qa3ZwbkF3VHF1NUtkbkVMVGo0YzNrOXZaZkxZN3JrTkIxdkZXZFBaZ2xNQzhlS3Y0RmZkODlaNkJjSlZSdXp2MzhhMWVySEt3NndyYlVKVXVfcWZCU3hiWTB5b0lBQlVRQmxQNk04bVdVdjFGRk81NzJ2TnJ2X29kSkJBeEt0QzJQcE9tS0dJRWRiWjlWV1BBVjJQbw?oc=5,,
"Fri, 07 Aug 2026 07:00:00 GMT",nao_identificado,Inmet emite alerta amarelo de baixa umidade do ar para 101 cidades da PB; confira lista - G1,INMET (via Google News),alerta_oficial,https://news.google.com/rss/articles/CBMi2wFBVV95cUxPYjZVMkVmWWZTTldlVlNReUpTYzR5SXNrYWZRNURDMkVxcTJLRFRPOWlmQjFyaXJWNW5hZGZHOGx5SllmOGZjakJxT2NSZTFlcXdlUV9RWm5FTkY3LUtVdzk2ak5aNEhJTTVtV0laTUVzUEZuaWpBMEtXeU1yRndhSXVOY2x1MW5UOVdVUG8zc3NKa2IzVjR3VlRoMTgzdW8zTVRfUFJsc0E4Y0dFTkptdlpnaXotOS1ObjdsZzZMU2NmQ1NUdHBCblJzN3duZXFTRl9DdVpwRXEzZ0HSAeoBQVVfeXFMTVlPM09iZTRFdUpDelpwdUVzZmNLRU5oZUxsUzFqbjl5M2hleFo1aWFiRkNKTFN1bklwTkJMdC1vRFBtWDZkcHFtTlVwMmFXRzVSQVJVWlI3X2JBa2dic2pNWENnQUhLbEhIUUlFNFJ0T3JTWl9UbzlrLW5RR29JVXVBcDZlQ2t0VjdEb1lDU3ZLUl93aVc2QjNkM2xiS0Z5UG5EcUc4TUxNWnFaQk1VMF9YMWMzV1ctNGZvaVA3aDJOMjU5a2s1S1NseS1XNjR5WGhkUkdvLUhxTExUMTJpQlZ3S0hURjFKNmNB?oc=5,,
"Tue, 12 May 2026 07:00:00 GMT",nao_identificado,Inmet alerta 118 municípios de PE para chuvas fortes até a manhã da quarta (13); veja quais - Terra,INMET (via Google News),alerta_oficial,https://news.google.com/rss/articles/CBMilAJBVV95cUxQbEtrVTdsMHBHeklBbkVwdmJjNThVZ0RxSHJET0tfandFdjU0bktLNmVEWm9iOTlCZ1FkRWRFWi1kelNUVENabmtSbElqV1ZXa1JkMEw2VnRPLU9maDNvWDhMMWpWSDhaMnIyWEVrSlZUeUFJSmpxVjFjQXVoV0xieUlJWDg2aGVqdnMzazlkRXI4Q1RiVGZfdC02OU9vUzdzVkRESmhLRzBvMFNhOG94eXFSaFlySjhJd0pSY3JsRi1HUWJVZ1NwYmdZcVlXUzJLQVI2bTR5M1poaGdGVFVKdHFLUmdCWjFNMDVIX2V4NVo1RFhicDJlSmh6R1hpVzN4U0VMdkl2dUJSaHBseEVWV1hyV2U?oc=5,,
"Mon, 07 Sep 2026 07:00:00 GMT",nao_identificado,"Inmet alerta para chuvas, ventos fortes e baixa umidade no Brasil neste 7 de Setembro - Francês News",INMET (via Google News),alerta_oficial,https://news.google.com/rss/articles/CBMizgFBVV95cUxQaFZKZHNWLWp6VDRibG9nZ1VVWkdBcUM3b3dTT1BjUHJOZHE0RkhZZXJ5YldKVXhhTFpXMTl1d19tLWJtazZvYmxCOWc1MDVjVlZTSk05aWJlM0dUekN2OWxqMlg3ajRJd0MwSlljM204NnViaXAyTi1iZFhKaHM2My1wdFdXOUpQWXpTYzJDTzF2bGVJWWloTmJIY2tZQjhsVTRWNktrazdrdXVMTTZPdnpmODNPX2tYSlJocE1aZkdsY29EeUNwYnlPOGtQZw?oc=5,,
"Tue, 18 Aug 2026 07:00:00 GMT",Guabiraba,Inmet alerta para chuvas intensas e ventos de até 100 km/h em Caruaru e outras 44 cidades de PE - Francês News,INMET (via Google News),alerta_oficial,https://news.google.com/rss/articles/CBMi2wFBVV95cUxObG5XbmFwS0ZFMm9VYlAyczh0NExURDRKLVQ5ZHV0aVdrVU5WWC1YUzZOaVBiYjdQSzQzZEIxdzZidlZaZUhpRXQ0YS1XNnQyTmhvTXBHamZDTnhIR0ZxOUpLTUphSGhjNm9WWGRtSlpncTcwWGI2Q245MUZkUW9sYVAza05ncTRXdHliVjVwdGhOLWp2S2tyTElOcDVMYkR0aS1UdGI0NGJjR2g0V24tSjFiQ2I5MDhzLWFaS1dtWFByMFoydGtTX2QtcnhSN3p1elBRZndwTGVDWnM?oc=5,,
"Sat, 16 May 2026 07:00:00 GMT",Afogados,Alerta de chuvas intensas: Caruaru e 75 outras cidades do interior de PE são notificados pelo Inmet; veja previsão do tempo - G1,INMET (via Google News),alerta_oficial,https://news.google.com/rss/articles/CBMikwJBVV95cUxNSW9va3JwWmF5LTVxU3RXdTFKQS16aWliSUN0ajRmeHFOemFtVWxRLXkyOGU4Z09VUEdHLTFHalVFYzZuQ2Rmd0Z1VE5oZXlfdHY5NkcxY0p6TXhLQy1rSnBRWlAtZS1uSkNwNDlBZ3gwcTBBUDlwdUthZUFTWWFTYlpyenIzcUNrcnpsa2JJV2tVNUxZaERwOHBuOHpIVTJuNmlMdnZFcjVhVlBLdU9KazBDU2V5Q2s2YndjM0NOUGllVWMxYXFZdEgxRXFXUmpETXVkTHNsYVlaWnhBc21VM0s1Q3Y4NTBPY3VlcjZxaVcxZ3ZlR0dkRy05Qy1GelYyWWNVQld6OTRfS1BJNzBQcVdaWdIBogJBVV95cUxQQWtkd2h4STV1R05ZMTU4Qm5ySHB6SG1obnlyTFFLZy1kejlpWXR1eXA0RXdoS2tWLUhIV1NXdXd0dmNMMS1LZExoNndyNmdPNS1WLUM5akFGaDlwSmthckVINzU0TWVNeGtmTG5sSDlVSVl5UVhfc2dHMHhQdmljblNVc0llZ2xqNnNJUW1ORjhCVUI0WHhxOS1VZlExendjWjlsdzBIV2NVbjJXaUVCYVpFd2xhZ2pOUEZ3SEhUR21Ha2JJYnYyZWdDM2JzSWc5VXlFZ2tJZlplTmdZV0IzemJRMlc5SVY2bm5GRXlGYzBSaVNNalA4YXhDd19xSElsb3JncHRGOUM1R05MbjYyVWJFUHc4TTFEVU5aZnl2YTFMdw?oc=5,,
"Sat, 18 Jul 2026 07:00:00 GMT",nao_identificado,Pernambuco tem novo alerta de vendaval para este domingo (19) - Diario de Pernambuco,INMET (via Google News),alerta_oficial,https://news.google.com/rss/articles/CBMiywFBVV95cUxPWGpBaXZHaW9QeXdOYlpseWtqaXFua1FvdU02Q2lheC0ydU0yaWtvWFVlVUllak11T1d0MmctRnZVV0VFcGtOQjBFaDZkMVZXR1llcWhnNTg1YzFmUWVLSGpEMTZNdUgxRHFKdzBmc1YwblFVZ2lINXRNc0ZSZGI5UndrSi1FYWQtWElsNjFPYlAtY1J4UWpjTGtkQjhYbWVYc1NJUXJRZHh4SkdfWVFDY0daSHVXWGVfVHBCRWFrZ3NBYW5YZHJKMFhMdw?oc=5,,
"Mon, 04 May 2026 07:00:00 GMT",nao_identificado,"Inmet emite novo alerta de ""perigo"" de chuvas em Pernambuco até terça (5) - Terra",INMET (via Google News),alerta_oficial,https://news.google.com/rss/articles/CBMi-wFBVV95cUxQdmRwTHptWTdnZDlnTHdVc0FSaXRFaTZUZi1QbUVEaUVlRGtrTVFvcHVLV3JxcWxUQ3A4Y1NDMUFvUlV3d2JndzNFN0VjSGl0LTVjUFgyM29zdnNtMXFvQXFlVTBnbm0zNFR1bTctbW9fUVY3SENSaXdFQ0Y3OXZXTEZZMXRHX2RzTUYteG5zZ25odWRTa1luVS1GVXk5R1Y5X09BQU9GV2Qydy1VdUlCSi0wUnM5cm5mZDZHRDFoZnpJWDdUcnpycVZwSjZ4ejhWQlFDc08xb3BmU21ySGxpaWN5c2txbEUtdDRWVkZpNUFUaWFJUzhkRUowRQ?oc=5,,
"Thu, 13 Aug 2026 07:00:00 GMT",Afogados,Inmet emite alerta de baixa umidade do ar para 47 cidades do Sertão de Pernambuco - Folha PE,INMET (via Google News),alerta_oficial,https://news.google.com/rss/articles/CBMitAFBVV95cUxOUjczbGNyV2RteTJZdTZTdVUwQUZtUzNfVms1bFF6ZENxMFFzS1Bab1FxRm4xUUhJTkVCX2Qyd3pjRW4zQlFDTk5IU1NVTm5FUWlYajh6SnotNXRCVllWRG5LaTZJaGJ3ZWxvVGFxWE9HXzlQY0tBQmlOUXdpNzhLeGZCcG1pRFQxbkNhQ3dwNjVtOHItMF9EU1p6NmxQR1g2Z2N1SEV0bWhPeGpUd1U5cHF3bmHSAbgBQVVfeXFMTlZ5cTRxZzdLM0w0U1FQb3FEejR6UlppS1JSYUZBTHVjU2xoVzQ3TV9IaVIwTm94a1BkYlhRNWRGY3hWQjI5MmYzNEdyZUpycWFyTUpqZU1jU3pDenVNNnpERHVVa2N2TWI0LXFXXy1GekdrbFNfcWctajBwaDV0blFCaVpfeWNHel9tMlVfX3VHbGtNVmxkNWlqWWdaUGZPdjVtWTVnajZDUXN2blFXYzVuNVd3Mzdpcw?oc=5,,
"Sat, 27 Jun 2026 07:00:00 GMT",nao_identificado,Alerta de perigo de chuva atinge 75 cidades neste sábado (27) em Pernambuco; veja lista - Terra,INMET (via Google News),alerta_oficial,https://news.google.com/rss/articles/CBMijwJBVV95cUxOZHI0VXFSdU9hbFRCZHo3MTlLdGdtVFI2VXp2cEx6NDd2M2lOVFJEYnJ6TVNxT2dkcE5LSUU5ZjVIZ0dVTWVDVlk3ejVGS0taOXJwSUdCcFR0UC1LMTJ4dWdqOWZBYjI1Umx3ekZCd0dVZThaWXJsMUdsd2U1UWlXaVp5eHNYUndpclJrd2pPVWJYbUNZZmxub2NXTDRFeVNPZmFFcTJ4ZjlZZjZtUUs1TndjeF8tNjJLVWE3VG9KM3E4azAwTXlkb1ItaGlNMnpMZ2FrajdCTWxTNjllLVJ1M3c2b2JPMm1BZWhENmpKdVNvMUYwNFZPOEh6V0tRcDlVWXUzWEdDVDhrcndwV2N3?oc=5,,
"Fri, 01 May 2026 07:00:00 GMT",Afogados,"Chuvas intensas no interior de PE: 105 cidades estão em alerta amarelo do Inmet, confira - G1",INMET (via Google News),alerta_oficial,https://news.google.com/rss/articles/CBMi5AFBVV95cUxNYzVfV3lWRy1sdGZjQ284R1hES0tTX2Z0OWt2czdqTFdnVThKdmJaeHFSUFpPN19vZ28zVjRhcE9nNEdlTUdHVkEyOUR6QlBQWkE5b1U1aUJYbnZJYlJJMWwtcVp3S1ZoMnJBSkFFMHhZT251ckl5Um9pUTkxc3QySEJjSDV4Zms4cTRjOU5JT3ZyeTJYLTlMNUlkYmczUk8xbkVpRzlmejdvQTl2eEJ5MkdjcWRxUVNGNGdSRFFxS0w5TkhIdVdkMDNVNWRWRDdfMjRobXdyU1ViQVFzMFNocTFaTGvSAfMBQVVfeXFMUC1wVTZTQ3dTYTVzWFBfd3c2WmhhQzdNU0VnWEtKYUt3bXd5M3ZCUnFoTTB3YUpjNTlvVnY4TklCWW9jb0h0UWxQZlNuN2NmVjE4anFOVmJFX2dZeWlFTkN4S3BRMlNLX2h1aHBRX3BfY1BjUGxNQlBUS0QwcTdPaWl3UGcwMXNpamp3WTZrQlVQcVhkNnhqX2FiRlBQS1FrM2xKajN3RXZYLW1yeGtiR3AwZjFaeWtzMGM1Tk5WUVgydmdlcGZ1TFhZVHhDaEYwYXFhNVM4eFZUa2c5RkhRQTIwLUpkU3lSTG5JZldBbkhZel9n?oc=5,,
"Wed, 22 Jul 2026 07:00:00 GMT",nao_identificado,Apac emite alerta amarelo de chuva com intensidade moderada na RMR e na Zona da Mata até quinta (23) - Folha PE,INMET (via Google News),alerta_oficial,https://news.google.com/rss/articles/CBMisgFBVV95cUxNYWxHQXg2NzV1M3FwLV95b2NVOG5HeWlrX0VjQWJfMGFPS0dMVGJUbVdQQUpoRGRFZXhjS05iXzkzZFF6QVVnNWZoZU8xQlZvVlpDUmxQVk5SQzVuSnBwMUZvdHNQNlZQMnJnY3Y0eGUwTnAyUEc4dnl5OWxURmUwa1lkSHY1Nm43aFhKcEpkZldlTWdSVlpjdWtXZ3psb3VrbVVJaEs5RjREMVBIc2NIaHdR0gG2AUFVX3lxTE1JQms2RUR6dHBpLUloQlMwckFIV2lUdkVZN0tKNTM4ZkJzS2c0aDFsU0dFUHVMdmxrRFFoMmJwTjFMWGhvY3FpVFpmVkRFblJKcWdLaTBsTks2TEVqY3hLRkZKU1l5Y3g3b2w1TXM5cTlUZm9rQ090ODA1Y3BBUW9ReGU4Zk1ISjRXOWVYd3JFb2hld1BCNXk4NFdGcnJxcExLQzRlem1XVC1KZy1LY2Z4ZGsxWkZB?oc=5,,
"Mon, 11 May 2026 07:00:00 GMT",nao_identificado,"Em novo alerta, Inmet prevê chuvas fortes em 51 cidades de PE até a terça (12); veja quais - Terra",INMET (via Google News),alerta_oficial,https://news.google.com/rss/articles/CBMikgJBVV95cUxQRHlxVXlNZXdqUzBYX3N6cmRPUmV5VEtEOWF2dWtkSGNPMzV1dGRiMkdXOTJodU5rV2tyZXBOU2c2MlZtbXpaWWZlNGt1V1pLeWFPbjV4NzJ1RVNNYWdWRGhrUlpSNEVWMjFUd2g3U3FKeUdtV21ZYTlqS2pxTS1xNDV2U0tLQVE4UmlaekJXRXJFZ1VTSVlsMjJCd2xWcnpSUUExd09RaUswMmpfQWNvenBNMFk3LWNfbXB4ajR4NnYzSlIwaC1uZzdLYjdUWS1sN05lektuOW9PNFNEWlVodDFMTUJadXZ1MVlqTThTaDBacXFycVdMNDQ2bWx1eGhWTDhpVDg0YlJFSnlrZnA3cF9B?oc=5,,
"Tue, 11 Aug 2026 07:00:00 GMT",nao_identificado,Vendaval coloca parte de PE em alerta nesta terça (11); baixa umidade também preocupa - Terra,INMET (via Google News),alerta_oficial,https://news.google.com/rss/articles/CBMijAJBVV95cUxPbFg0TFRoOVBDc2hQM21JcHBKQ21fWGcxTzJTQ0FWUDFGX1hkbVVJTS1LQm9GRXNYZmdnWTc3aXRIaEpPOC1qLXRaT3FnTmhLQVNka0FsYlJQUVJ0VlJRajVnY3Ntb1pvbncxZ0JzUWxqVkJkTVB5VkRsaU4wZUczNGJSVkJoWUxBMFhRTGJjMVhrcTMzOHJ0VFRUYlJJZ2JwU3F5RHZGS2paVldxSl95bFE3enNpeU5ZLXJNMnFoVExZcXpNSVdXWU9PNTdidTFkUmNjNTBteTR2NXVTaVNtb25yQlA2b3RDMEx6NkdfY1dUOUV0YWttaG9uSFl5UVFzZGNzV3BVWW04OTJp?oc=5,,
"Sat, 04 Jul 2026 07:00:00 GMT",nao_identificado,Inmet alerta para chuva intensa em cidades do Nordeste e do Norte - Folha PE,INMET (via Google News),alerta_oficial,https://news.google.com/rss/articles/CBMirgFBVV95cUxNR2pQVUoxY3VkM3FqU2hXQlBtVE9GTmZtSHdHckhlZ2ktQUEzS0FWSElKeUM5TllxV3A3bmw3UjI0N2RZY1p5WGJaNktXVlZXZ1dTQXJqSm9nc1htR3FhMWxUTDRMUDB2U2hzdlBULXF3QVlzNEljSU5saTdTeDBxbDVIVEljU0ZJNG56d201OEhYeUNLbUJUdF9LVjc4dE4zbERSM0ZoZmQ1ODI2eWfSAbIBQVVfeXFMUDVFZ3pnQVVqNmRlVjl0aGxMR1IzZU4wRWxaZVV3VzZjd3RwZnFNRXlXcmxZdFpFMHVyeFFxS1hBVU4ydUVuekJndXYycjJGbDdGVnFZX2JFZWhEblBNWlNORHlrc0JVYXBTZy1fdF9HaHRFYTUtSkE5Ul90OFZEWjZfUENIQlVWUHNLTGxJUk9fSUpnc2NEdzVmaHRBbnlVZlJES2RCTVR3MWJvd1R4OU1MUQ?oc=5,,
"Tue, 02 Jun 2026 07:00:00 GMT",nao_identificado,"Alerta de perigo: Inmet prevê chuva forte em PE, AL, PB e RN até quarta (3); veja áreas afetadas - Terra",INMET (via Google News),alerta_oficial,https://news.google.com/rss/articles/CBMilwJBVV95cUxQQVk3MW1IeHBYR0FleGVKR2pqeFpUeWxJUTJzLWFULTJTWTFRSVN4enJtaEp3NkloNjE3cXBmSFppWUNvRzJrMThNLWptUFY5TF9IbEQxb21XcHlCaXBqd1p4TS1yTGYtS0o2WlM2T2ZzSmFIM1lwdHU4TklDU0FUOTd6VXFjNno4aDhGclJPazNjM3pDemVycVdBMzlKZjladVkxaXNzODY4WGdGWU4wQmRZd0Q1aHU5N29ZVlBiY184UHdhNm1xWUZSZjNCY3RqY2dNclBlWWhlbE91YVVRR1dCcUhSeGlTOGw3NDFxTVJsYXNmcHRrd1hsWkV3R0xrZjhlTkNCUmI3bmFRRmhGUnlEcS0wUlk?oc=5,,
"Mon, 04 May 2026 07:00:00 GMT",Afogados,Inmet emite aviso de perigo potencial de chuvas para 82 municípios do interior de PE; veja lista - G1,INMET (via Google News),alerta_oficial,https://news.google.com/rss/articles/CBMi8AFBVV95cUxQM09sck1VbE92V2JHWUlGektxS003T0tFamRhVGlBTGV2cEpCSFR0RlBEaEF5ZHF2QWgyZjBnVW5QckVza251RGNkdlowdWY0U3UwS2xHN1M3SUNZVl9taHRsbkJxZEZQNXBEY0hubktFLUJjejNZVW0yRG1QQzRLeGJ5X2dqN20zeUJCNk5lN2pKRTlCZk52M2xyYk5ybmVrUTc5YnIwY0k4djA0aEx5bFg2UVczY0Z6MTBHVnZtSFRPYWtiZ1ZRVW1VTWxzSjFOZWowUjF0YVN0eGo4aGRpVVFpVW9vMVNUVjdOU2pnanDSAf8BQVVfeXFMTjZib09LLWkxSUhwN2pLY1dnZUI3S2RObUtkVUVyU29IY3hGbUJ3dUY5TEVfMlNsaDZQY2M2Q3VXd1RmV0pzRy13VUxOWU4yTnlNYzg2bER4OFo3eWRfbXJRYkxUckNQR2JYN3JjZzFlZEVDenlBUlo5T3EteE8xTE9RZkZra0pQM0hlQVhnSjMxUUp5anFkYnpUQXV0allycDJSUklWcldaeUsyLUJMOXFsQ2xvTk10YU1KSnFFd28tbDU2cWRhV05FVFRkS0FxelVOajVYdEZOMXFnWk41RnpUUmRIWUhRVk40Nm5EekdDMTJwSTlfalc2V1R5YXpj?oc=5,,
"Mon, 31 Aug 2026 07:00:00 GMT",nao_identificado,Pernambuco entra no alerta de baixa umidade do Inmet - Diario de Pernambuco,INMET (via Google News),alerta_oficial,https://news.google.com/rss/articles/CBMiwgFBVV95cUxONnJtNVExRTlTVjdZQWtXbkxQZEdDSmhRSDNRcXNlRkdyaWlyRExJcC0wMGFKZTNCcTFCX0MxS3ZvUVY3QjZPWFY5TWprZlhtbUR0V1ByUkE2dnJtS0wzb0FhSzVBdnlham1YQjd0QUxtVElqNUI3ZDRSNnVMWGdjd2tUZkUxYmp3X080UllJQ0xWTmh4RnpBbTF1a2RkbHRxOEdvWXVwYi1hU2gybVVZc2x3VHlfUG9iOGdjTVVTSGVWQQ?oc=5,,
"Sun, 19 Jul 2026 07:00:00 GMT",nao_identificado,Inmet alerta para risco de chuva forte em sete municípios de PE nesta segunda (20) - Blog do Ricardo Antunes,INMET (via Google News),alerta_oficial,https://news.google.com/rss/articles/CBMitwFBVV95cUxPRFFOSnFtT2ZsRndUVnRLaFJjUVE0TFgzYms0dTNlYWdBS1VYMGJMRl9mT2xyYWxLUEpZeDRwd2o0MXRJdHUzSEtnVy03T3dwcG55NUIzWkE4UndmY3kteHF5bzNRb25hcHlxbU1ONzF0VkNZOG1Ec3h0Y2xyVW5UTGFIMVBDNDhfS3hRZGZkaWYyMGV3MW4xcWNEZ3FGenhMZnE1S2U0bHVLUUQycmxiREpnbDJUYWM?oc=5,,
"Sat, 18 Jul 2026 07:00:00 GMT",nao_identificado,Inmet coloca Pernambuco em alerta para vendaval durante todo o domingo (19) - Folha PE,INMET (via Google News),alerta_oficial,https://news.google.com/rss/articles/CBMitAFBVV95cUxNMFRiTGFXREpiMFlBazMxV1ZsY3Q5eGVDcTU2RnlmU2l6OS1keFZiNUpycjU4RTFOUURLOGVTSC0xejhZcENkMndDR1lTcEZrX2xTalB5U2VCSGZqV1daQ25wNXo4ZjZkUWJ6Y3d0c2JzMk9aS3d1QTIwckZETmxHOHQ5cGxEU1ZyM3o4TE02NTZrRXpiRmdrLXVIUE93RlhKbjJTRnY1bWpUa25DMGhIbXVVWHrSAbgBQVVfeXFMTmJYWUw1aFhRazVWMHI0V1pSWG82YW5aM2c4NVRsNW5vZHhNSk5yUnljbnlHVE4yZ2pBVnhBRFdVeUNMQkxBT05pWkhTYWFTRjdqc3RRT3VLQ2plU3B2a3ZwU1dkVzExR21CNUFfNGF4blpadVpHaTNYTXVpaXhxMzlzZkdyWkp2SGhjdVROalF0bXFidWFQNzJocGh0TllGdXRyQ3lqZHJ6N25DUEZDcG05Z1kzWWwzVQ?oc=5,,
"Thu, 30 Apr 2026 07:00:00 GMT",Afogados,Inmet emite alerta de chuvas intensas para 76 municípios do interior de Pernambuco - G1,INMET (via Google News),alerta_oficial,https://news.google.com/rss/articles/CBMi3wFBVV95cUxOXzA5dFlJQWl1VkFwekJ4MmZwVWt5LXptZ3NLSHRFTC1VYlFNMnhJYmtVNlVaejhEejdaeF9jcDBsZGJQdmR6UlBfZnItQjhOWE8ySFhfcHlGUlBpeXczLWQ0TGVZQzNCYzFjNVcwTTk0WWJTbU9mbzRXREVQcFJTVHJzekF2ZGFsMTlfZU9GN3Ewc05MUWRfN2kwLWdqYTR5T0JaNmo2X0NKdGVNR3h0QWNBV3ZTWXZCZVR2ZWszSHhpSUFnQlNfaXNXdVhwa3FCR25DYmh1aUdZT1NfYkVZ0gHuAUFVX3lxTE9Bak9ZNnd6ak1CcXI0VXdmREpwTEZ0NC1mWU5fWFBualJ2Q3BzMDlIM3NsODU3UDYwUTdzc1NkamRvYUpJSy1OVHk2YU9MU2pqQlZDb3BxNmVXdkswV2pVdGNMUTZYb3VERUw0Y1ZQTWZKeEJxdkVIdU5OU29WUFBiNi11THZVQ2dINnNKUkR4Ujl0NmZwUTY2cDlUYnY0QWxBVlRZZmFQNVBlRlEwVVJNWWxwd2RWeHB4LWh3TGRySE1VYjlIY09oRlVfM1NVUDRzQXFpVXBETk9TSkhKT01CUmlDSGVzeWtuMU1kQmc?oc=5,,
"Tue, 18 Aug 2026 07:00:00 GMT",Cajueiro,Chuva intensa: Alerta laranja atinge municípios entre Alagoas e Pernambuco - Clima ao vivo,INMET (via Google News),alerta_oficial,https://news.google.com/rss/articles/CBMivwFBVV95cUxNbURyVFBNZkYwX3d4bU1wZm1TMTYtZFBkSDVQLXVaa1RxY01hRjNLNlczdG5Wc3F4bng4VmVwUkU2TVkyLXdYeHpoX3BuNThPcENpZ1hpeFZSclVZM3FVcG12VXUzYjFvUGFySXFWTU9fSjd4Y3dwUlhPTVJjSnJLX2JPempiOVZybHBLNTNhYkNlQ2lHSDNvMXFXVkV1RnhuQkpXdUJ4UVFqS3ZQYTY3MnR3Z3dwbktNQkJXRVdZZw?oc=5,,
"Sun, 19 Jul 2026 07:00:00 GMT",nao_identificado,Inmet: sete municípios de Pernambuco estão com risco de chuva forte nesta segunda (20) - Diario de Pernambuco,INMET (via Google News),alerta_oficial,https://news.google.com/rss/articles/CBMi6wFBVV95cUxQcmM3aDl2WDhoT1lyU0ZSTTZnWjdhT0tVS0VkNjVHb3M4U2c1Yk5TY01XV003bXZ3alZudldQdlNkTnZZaFBaUzZDNmcyeTdTQllxOGpwZ2pnMFhuLW8yQVJZNEdmcmt5SkphcmVfSmd1Zkd6ZmstVWtFd3Y3Ny0yZ3A4ZExzYURkUU8tSkh4ZFNuZ0JudUVEWDNLTl9TQ3BUMlVTLU1LNElFRzg2OWdWSzljQWFiTG14RkdyZGVnd0hsa0JtVzM4LW1LMTVBeHI2RTZIUXA5NkhQcVEteUFqTHE0YzVMUlNVRElr?oc=5,,
"Sat, 25 Jul 2026 07:00:00 GMT",Guabiraba,Inmet renova alerta de chuvas intensas para Caruaru e mais 60 cidades de Pernambuco - Francês News,INMET (via Google News),alerta_oficial,https://news.google.com/rss/articles/CBMizAFBVV95cUxOeERIbW5ycklUNFgzVWNwTl9DRFBXa1lFbFpKNEhrZmpVZEIyNllEMUVTdWcyRGZrdDhfanUwYUpsS3ZkZ3FQZ1VCc0gxLXB3UF9BX0xhQkdJVUhSZlhNdVpJWHRqS2NlN1ZMUlpTV0xVMlFtTGVmMFRLQTk5aFNqMnN1T28ycjJsalpCWjB0SHFTeWttTmJ5RmE1OEZsZ01wZE0wWmRvUkJrOE1sUm9JSHF5VHdjLUNwQWxmTlhyRGFXWi1lUkpkWjYtMXA?oc=5,,
"Fri, 15 May 2026 07:00:00 GMT",nao_identificado,Inmet aponta perigo de chuva acumulada no litoral de Pernambuco até o sábado (16); veja cidades - Terra,INMET (via Google News),alerta_oficial,https://news.google.com/rss/articles/CBMimgJBVV95cUxQSDAtYi1ZZ282TV94cVhUOERBYUZWSUZxaW9wYVlqaDI3dGNrX2tyU0d6Q3dMdnZLekJZeld1Rk1LNi15WFJ3QlNIUnRfdXdaUTNXTFVJWTk3Tkc0aHQzSmtxMzRUUTRMd2dRM0NxMkJUMVZwbFFDLUZfSm5vVWwzOHhYZFFJMTNnX2EyQlZBd0FkajZoWTJ5SkFaVFI2RkxKVUpsZ0hoLVV6dGp4bThIdUNvVGZ1QTNQWTItMDJvNHRyUmtKd0tsQUMwUW9YZzhsNl9STmtqSVV3anpRRG1JZXRxaE9OaDBUOXdQMXlYdWhDUTFzRlpnRWtvVFlDdE5SdTAxemE1bV9xVHFnelVYMThWNXBuOW5USlE?oc=5,,
"Fri, 31 Jul 2026 07:00:00 GMT",nao_identificado,Inmet emite alerta de vendaval para todo Pernambuco neste sábado - TV Guararapes,INMET (via Google News),alerta_oficial,https://news.google.com/rss/articles/CBMiwAFBVV95cUxQYXpPOTFjRzJjQ0poLTBLbzZFcFFDelJZVU03aUhoUUwyVUNuU1pkcUZGb2RwZTBTbG1YcGRia0dFdkpLc21RM2VZX3RmU1FEN3dQS0pwenYtTHRuSWl0MlRjeXRocV9MUTRFZWJtbWh3U1g0bUw1Ymw0TnFZVVo4TlFLTXlGa1ltaFZWdmdSVU94cGwzR2k4bDRuNjd4b3JUd3RLalBzeUh2c2Njb0pNYWoxRXVNVW11RzcxOEhsVWM?oc=5,,
"Sat, 22 Aug 2026 07:00:00 GMT",nao_identificado,Umidade pode cair a 12% em áreas de PE; entenda os riscos para a saúde - Terra,INMET (via Google News),alerta_oficial,https://news.google.com/rss/articles/CBMi-gFBVV95cUxOMzFCV2otQTR0OGRCWVRKcWdJaHFZNlVqR2tXVUgtc1NlQ2lhekNtRG1MNmRJYnhLOXZLRVdZNTRHOUV6aTVEeUFVVVJIcjFpZmwwSjdlU3hqU1EwTlkzTVpISVBmRU9yZDRqTXNIRXdXZ1lsekJVMFY3dWRKX1p5aU5YejBaMUlSWDJTc0VrYURKVHlObzBjR3VueUZRRHF0TUFGTHJESVgtSTBGSzY4SUY5c3VheFBPZXptQ3FKNFR5aHY0MEVfZ0J0cVRfSVc3a3Qzb2gwTlFya2tZdlpUS3E1RkwwMW9vei1XbzFkUGRQWGxnY2RrOEVR?oc=5,,
"Fri, 07 Aug 2026 07:00:00 GMT",nao_identificado,Inmet emite alerta para vendaval e tempestade no País com passagem de ciclone - Folha PE,INMET (via Google News),alerta_oficial,https://news.google.com/rss/articles/CBMiswFBVV95cUxQNzRxQTM3QnVxandyREJySnB1WEczVm9mRmxmeXFfM3h2MHVTbVlsWnFUUEZfbTNNS0IyX1k0ekdlR3VFb3NORnNLTV9HaEc4a2tVZ0R6MGE3SUZueUdadXFSWHVib09mZU5pVTY2WFlKYWxFRmRWb05TeHRQSzBkOF81dG5ncGRCVGpvTFRxUEdrTDQzbF9JSm9RME00Rmc1Yk1NeVEzLVlISXZkX21NOHRqQdIBtwFBVV95cUxQak5JcjQ4YVdocDZEM2pOcU5nOXFrMldJalpnVWpCdk5ORFYwMkk5dEphU0g0bWhPZFA5RnphSFBMMDdGWWsyb21VQnpRN3k4LXVMODJfRks5YnJIQU9Gcmo3WFZianVZZndhMFJzaUFDTWZ5MkdzWXgwMExRbWFYaFZrTkhUVHI2YzJpN1pxRkw4R3J1Yk1Ec1A1NFZyTVRXcWFZZmRWNnZ1cllUVXN2eDhyZFRYVXM?oc=5,,
"Tue, 04 Aug 2026 07:00:00 GMT",Afogados,Inmet alerta para vendaval em Caruaru e outros 88 municípios de Pernambuco - Francês News,INMET (via Google News),alerta_oficial,https://news.google.com/rss/articles/CBMiwAFBVV95cUxOTUdfVGNNcWhJT3JiLWE5b1V6OU1NWUVtQXo0SWVkMmpkTW1MVGU0ci1KZGFYbHFfeDlHRUZtMDBnNjVNZGcxZTJjMWcwc0xVemdIYjYxNmhWcGh3YlJoakFtWlk4cGtyUzNQMUtvWjVvaWF6VUo1M1JiUmNxM2ROMEtxMFpVUVVDa2dmazh5M3ZUOHhBd0lJeEdPSlp4SlplVDlBS1lBNWtPMnNwb1k4cURBWnU3LWlOZi1vUGItOFg?oc=5,,
"Sat, 02 May 2026 07:00:00 GMT",nao_identificado,Inmet emite novo alerta após chuvas deixarem mais de 3 mil fora de casa no Nordeste; oito morreram - Estadão,INMET (via Google News),alerta_oficial,https://news.google.com/rss/articles/CBMi2gFBVV95cUxNeWpnWDZsRGxZNDhNZmtmV2J1ZUJVdnd3WjZoaFRaeW13eFpZY3p0OXE5TzNLMndyTGFnSHZybTNPUFBlRUtDeUxSSkN3UjlBNWd5bVU2Q0tDdGJNVnQyMDkyY0lNU2ttM19aX1VNRWFtbWp0ZTMxSUpQem03VnBRZXVJZjF3MWkzOTZkWDFzdllTZnhiZUphWDI1X3FZZWp4VXBXU1BIVGMtVTQzNlJjSjNjWTRwTmVDNFdDRFphZUxzdk1laDhOR2VDc2ZWR1BQZlJwUHlCMEotZ9IB3wFBVV95cUxQUHN0Tm9pTFdaam8xR3ByRDgzcG5GNDl3eEdUTk1HbGdEN18zc0dOdDBUUl9lOE9zTFU5dk9rV2NSbXNRdlZRaW1YaXA2UzJXZjhrNHUyaHA4WVhsZ3kyUElMdkpjSXNMX3ZnYVdKS1ZXandrTHZPZFJaTWk4STV0UkxWTnVLbHkzSUlVU2FqdzFCYXFNZXNwS2M2QXpCNGdsUkVsNmwwZzJjZW5ENWVzTmh1amZzWkF1Z2tDclFWem5wdE5MOWttdF9MT2tsb2xmd1huYURuOUNlTWVlUUFn?oc=5,,
"Tue, 09 Jun 2026 07:00:00 GMT",São José,Inmet atualiza alerta de chuva para 55 municípios de Pernambuco - cbncaruaru.com,INMET (via Google News),alerta_oficial,https://news.google.com/rss/articles/CBMingFBVV95cUxNVVZzQktCamRJbWpmUFY5cklRUlEwZTZndjktekNza2dPRllNazZUOHpzOG9kUElzMUpXUUlNVm1ncUE0alM2M3NyZ2FSOEZucl9sZGZrckRjUFFZTmdUT3dmTlV2QXpxLW01RE1zSXJRTGNiUC1VVXpKQnJpZklTa0EtdEV3am9RcXppMEgyT2JPSHBBdWdYd1BQTmVIdw?oc=5,,
"Tue, 09 Jun 2026 07:00:00 GMT",São José,Inmet: 56 municípios de Pernambuco estão com alerta de chuva de até 50mm - Diario de Pernambuco,INMET (via Google News),alerta_oficial,https://news.google.com/rss/articles/CBMi2wFBVV95cUxNeVMzaVhNTjRiajNvSWhtX1ItaFBvdU5uUlpDUmJhN0J3a0ZOems2aDdSTUZYS0xNQ3JEOFlDcXNaMFBIUkptdGd3UXpDcF9FamljdmdXendmVk9ZTS1NaXpSZ3FnVkRubGdUWmNfMldmbFp5b2hENDFFM0F1TkdSMFMteFh5WjFrZ0hQeUs1clV5VVJnVTEtODVMQ2w5RFZrUU81NnRhN1AwTnNQanFiNzQxdFBmTE5jR3VYNDA0cDFBY2E2Qjk4YXo4TGY0RV9jU3JlZVVNbG80V00?oc=5,,
"Sat, 01 Aug 2026 07:00:00 GMT",nao_identificado,Inmet mantém alerta de vendaval para todos os municípios de Pernambuco neste sábado - Francês News,INMET (via Google News),alerta_oficial,https://news.google.com/rss/articles/CBMizAFBVV95cUxQTWFlVVRiaUtwQUNyT3BxcnBST3YzU2xoR1BlYjNSazBPTW5YZFVzMmphaXVCYkRua2pPUnVUWEVDblVqX2RkdkhLZ3N0VjlaVnAzWEFxN0owOXpEQURCSkY2ZVpaT2hVaW9IVndfWEYzbUpSSjljVE5JN0ttYkhSbklZZTJUcnM5UEFud2dwZXUxWnQxcG9rZXQtY1pHU2NXXzRITVhMT0RuQjM5TVVJalBpUjQ5MTJucTVmQTJOcFVSUzdjNFRwWmQ4R1A?oc=5,,
"Mon, 27 Apr 2026 07:00:00 GMT",Guabiraba,Inmet renova alerta de chuvas intensas para Caruaru e outras 67 cidades do interior de PE - G1,INMET (via Google News),alerta_oficial,https://news.google.com/rss/articles/CBMi6AFBVV95cUxPTzlaQzVkOFRYSTZCdlVIdHdKTUhRMzdEZGRDV01ZREFubDhKOGZ4U3pYSDI2eEZBNWcwY1Nxdm84VS1UcDYzeXdqZ0dJTHptdjRob2w1d09vZGVPMWxldThZWTFkc2NDMFJnNFBUdFBESmFlWDBDSGg1cThhaUIyU1hQSVpmMlV6N1FEbE9UQlA3MVBlQVMxQ2FaQlNiVDJVSjc5MUh0OWxnT05sZExsQ01oRU1mbG1qOGNWQUZkYmMwaXVmYkVGNEFnTUJnaDNyalN6aEJ1bC1tazd4Q1M5cVE1eWdzQm5E0gH3AUFVX3lxTFBKNG5xT016Umtsb3VIX0M0akdPeWFqNHlNZ2kzLVpxcGwxa2JMd2pocExQWmY3NGNRMXBGUkN0Q2hYdFJ2Ykd4V0Z0NHBGcVBEVkQ2amZRSG4xVnFUTEY5UlZtYko0YXNoRDkwaFhEZFZCRlloZ3BhMC1vUjREcnFlcjl0LXE4TTkwZEVCVndBYXFhVktVU190Zzk0MzF3NHhuRGVPNXZWZEhyS29UVFgtT013NGh4YzNkbzRscHhxcXRtdUtjSGlFbm1DRDNqczNudXFkMVg5MDVpSWFwQ1NpN18zWjh2d1JnZ1NvQnVHN1hNa281T1U?oc=5,,
"Thu, 16 Jul 2026 07:00:00 GMT",nao_identificado,Alerta de vendaval: Inmet prevê ventos de até 60 km/h para 821 cidades do País - Folha PE,INMET (via Google News),alerta_oficial,https://news.google.com/rss/articles/CBMiakFVX3lxTE5Pa3RVN2I4S084N3lKYi1vanZWU2lhN3VUd0FSMEl6R2hMcXZtR2h2RW85S3ZCUjVnd3kxRExkLUxOS21FNXZCaXVmd0Y4bE90Ym1FUkZ1SUpYOVdqVTMydGZ0VENWS21PNWfSAW5BVV95cUxQSDY5aDBzQk9WRFhseGNOMzh5SVRSTVgwUHVVdkpVZmxIcmtzbGhVQi1jaGZpRk5OVVhabTZOcVZ6QlRkSE1ObzFpZ3M5em5BenpPNV9HWGRaLWY2c0dxTFgtby1aU18zY2Jmb3Zidw?oc=5,,
"Thu, 23 Jul 2026 07:00:00 GMT",nao_identificado,Grande Recife e Zona da Mata de PE têm alerta de chuva moderada a forte; saiba até quando - G1,INMET (via Google News),alerta_oficial,https://news.google.com/rss/articles/CBMi8AFBVV95cUxQd3htSkowYUg3dHdxLS00UWpMdVNCRTZodEY0MWFCYmJkTnFwQUtfMkFaNUFKMEJpV19pRG90Rk4xX2IzTVd4LVdhT2Noc3VvaFJEc1BpX19yY0pmbkpnQXhSSW5pOEpaNTB4VzU1WnRTejlZRFFwUkN6RW1RejZJWEVtLVdTNzdiamVhSnduMUFnOThxanpsc1JHWUlNMG00ZlBOTHhZN09pUF8wN1hPeHU0VGlkZ2JJWXE0QmxCdGxhajRoMVBsaVJFRklHSno1RGF0enJLbW1fSVF6aFlnWEczeWJnWmRPeXprb3ktSXDSAf8BQVVfeXFMTUtMMHNjczFwMUE3ekwydUhMek5acndxN3NKX3Q0YjBxSGF3a2V0UGR4eXVKSVRPOUhDNzVVaVBfdDdjN0hRdV9VVjBhakZxWV80eE5SNnViQldsai0xYnFjSVFuMUNITS1vM1ZtTkhwS0MwMU56TXM1Nlo2TUhNOFk5UzNIdE9CS0JfVlBYcjNtTkVSRjY3RmlTcUZzcHpDV0xQcFNxcW0wMVh4ZWU3YmRnNkNsTlZZWXBRZHBMbGx0ZmowMnRKSHRaUHpzZXFVX2lSUFhLbTdVMDQ2NC02WWUxYnNFSlZLVlRXalVQOG1xcGxTMlF5SG1SZzVPa2N3?oc=5,,
"Thu, 23 Jul 2026 07:00:00 GMT",nao_identificado,Chuvas: Apac renova aviso e coloca Grande Recife e mais regiões de PE em estado de atenção - Diario de Pernambuco,INMET (via Google News),alerta_oficial,https://news.google.com/rss/articles/CBMi8wFBVV95cUxNeE5sV1Z2MlVjWXA3bmNUX0pneDc4N284cktNWlMyZGZwTko1WEF2bEhtdEUyVDd5M25jTHNmSnpaOF9ocUNSUUNlRW5VNVNBcVZraVNxZHdHLWVRblNJRlIwWS1SbkZsYV9vZmNnZ2tHLU8wdm9XUTBTOXk3ek9ncFJYZWFXMkJoS2lDX2VpaDJCRHdUaXJxd1NKMmV2SFkxXzlpam5GTXRKeTVTWjYwa1dLSV9sT25RcnBRNlc5cGh0RlI4Q1Q0Uy1uOTZjQ0tXUW1xaGwyd3dEcVJmaTZDYThtQkdERVo5MGxTNDhVY0dMT2s?oc=5,,
"Tue, 04 Aug 2026 07:00:00 GMT",nao_identificado,Chuva em Pernambuco: Apac emite alerta laranja para Grande Recife e Zona da Mata - Francês News,INMET (via Google News),alerta_oficial,https://news.google.com/rss/articles/CBMixwFBVV95cUxOMVE3dF9TcE80cjNDWWxfNTB5WFdrMmV6bG1lc2VSOFg4Rld2SjZoSElNcmF4S1JPdVpFd3Q1VHR0R3l1VTZmbml2RVVjZ2VXejVUQl81WG1rUVRwVVlJWXM0UnZ2a3VuRUFUV1VOUXluYUZxd0ZxdmZoSzhZSXpRNXJSVFk5TmdNbWtkOE1QQW5MYVN6Ujh1Y0VvVFlRME50aklpMEhnODFQREtSV2VTUXdndzJGcXR0WVVMS2hPcWt5MEFBM3BR?oc=5,,
"Tue, 18 Aug 2026 07:00:00 GMT",nao_identificado,Chuvas: Apac emite alertas para regiões Agreste e Mata Sul de PE - G1,INMET (via Google News),alerta_oficial,https://news.google.com/rss/articles/CBMiuwFBVV95cUxQYmJBSEVCeFBvblBRY25hZEZmUjJxUlRMbEdUT0Q4MzZ3bzhSOERKTE5MVHQyenBINGgyUWNOQ2NtM2kzTlZlTTlfTW5id0RVemp4bjhTclZ6ckw3eDVaZTFIQ3J2dHVnTjZ5MUpqUjlqTlNqSFNZOHc0cnFNZ3p0d1pRbERaZElKYzA0d2FPZjk5dzd5OU9NRFN4MlVrUjRmYkx4Q21zMUNXMGxhZnBIQ245Ry1LbXJqRUE40gHKAUFVX3lxTE5XQzlRaHhrOVdlMXE5aHg5WlplclMwUmZzM2o1SkFZYWw5ZVMxZjd1WjVvNXQtLTN2dE1EWC1PUDhTNktORkxTR28wTFZsa0lJMnFfS1JGMy1mLWlidG12OXFISHZWSURZektycE51TExyYng1djZ2cWV4QXpTd2lBSXRxNlZ1WmlqRmJ6WF9WUHg5ZC1RTFBMWFNBamR3dnBfeGI4UzN2MnEtY2w1MGpCT1pPMldVODQ3MkZYb0gtSVlpbmNjQVdxSFE?oc=5,,
"Wed, 22 Jul 2026 07:00:00 GMT",nao_identificado,"Chuva forte pode atingir Grande Recife e Mata Norte e Sul de PE em 24h, informa Apac - Terra",INMET (via Google News),alerta_oficial,https://news.google.com/rss/articles/CBMijgJBVV95cUxNaHpPLVBMeEQ4NDg1a2JiRFZjSHZhSjB4Y3E5V1dQOVRQaDlzaFRUYnk0bHFtaVluSi1DZUZENDlNM21TMThZbUJjRU5fbGJUUFJYT1QwYUdtT2VUT0tlZG83SVhKMm9UOEY0UmVMd2Jpak82Rnh1V0p0M1lQWjAtby1CREtweURpSEZvMElVdHM0SnBLbEtaZW14WXpJd3RUSnNiOVI4ak4zdUQzYTdYTlp2S0JkT21oNmtueGVFdmRYNXFYMW5BY2U3RlhRdmFlOURxcU5PNkJQUFdXNUU1dm44UnppRE9KdDNxTWV4NFIyVGFEcUdCUTJpSUw5cUp5WVl6MktXOXZKckJMekE?oc=5,,
"Tue, 18 Aug 2026 07:00:00 GMT",nao_identificado,Chuva de 50 mm e ventos de 60 km/h põem Recife em alerta amarelo até quarta (19) - O TEMPO,INMET (via Google News),alerta_oficial,https://news.google.com/rss/articles/CBMivAFBVV95cUxQRXNsLXNndXBnS1R1TDdCaXRBT3FuQTliUG5ZNWpJOXlEZFNSTl9tVEd0cDMxd0F1NjFrOUkxWWZLekxBc3V0UVd6NVJiRlAxWTVJV01Qa0hrVUdPYkZVX0NvRTlzT0MwQTdtQ2xUQVJZSEFtTF8zd1dtWXhtZWlQZjNFbjNtVE1WZ010X1Y1Z0l5SmxtMUZuVVVYd3VkUDJWaHR0OUJxUjBOVFpSLVdNaTZmZG9HZlVlSHVRcA?oc=5,,
"Thu, 11 Jun 2026 07:00:00 GMT",nao_identificado,Apac emite alerta de chuvas para o Grande Recife e Mata Norte - Diario de Pernambuco,INMET (via Google News),alerta_oficial,https://news.google.com/rss/articles/CBMi2wFBVV95cUxOUUNhTEc1T1hlbkJidG1OenlhY1lxOG55VE5rUC1QLXp5bW1leDNCMzBXQ0pBc2laNXJhcVlRQ0hHdmhINGZ0cHB3TndaaWxSRG5SaEJfTndiU2FHbTVTYnNGYUJQbmFUSnJiaWZWWTVuaEZhRnF5Q3J1U2pQVXlodVNscnJIM0JtaWhMLXRWNFFqMHhTWUVERXpnMTdsZFJHcS1nLUJQVF93eGNiTmtEeWZVaEtnOXFpck5IbGdaMl9CSFU2VWw2d3I0eWJWSjBwOWxwcDFRYVJiMmM?oc=5,,
"Fri, 26 Jun 2026 07:00:00 GMT",nao_identificado,Apac emite alerta laranja para chuvas no Grande Recife e na Zona da Mata - G1,INMET (via Google News),alerta_oficial,https://news.google.com/rss/articles/CBMiyAFBVV95cUxOWHcwNzB0aTk3ODZtU0EwWlMybTRmNmR1THN4WmZycHloaTk5ZTVGdmZnUWZCeFZzSlBjcHB6U2tsY3BVaUJXeldPamNkMGlFaURJdks4cnVVTmFUVTMzOXNFbDVicVdfVi1GTHBvbEx5QXFaSjY5WC0zWEF2YUR2eXNHTUhCUk5FbVI2bzJDcGhRWF9mZ1ZjX2NZOGtvS18yeHY1eE1PODVlRnZLZ2N4LUpmZ1RqQ2Njc0dPRldkMGQ5ZnJaRGFYWtIB1wFBVV95cUxOcm9UdVJrZmllZWExRGtDZEluMlBmV0EzYlJIV2NSdDdwRHkwTEkybEVRYlhGX1R5NWVTVXVya0tzQ0xWUExxQWNiYWliOUZDZHFMS3hhWGEtRzU3a0pCUVlTZ1FYUDl2QnVaRjNpb0pCbkZqcW9QclVPeDd4dm0xRTBHYW1CMjJSM3hhRVUtQ0tJYm5PeVpWcGo0RUNGRVV0Y1liWWNnRHROUHhKN0lESkc0TVFwQ0Z6OXNDcW9xSm84TkJWcDloeENRR0hHSEY5VzdISHlkOA?oc=5,,
"Fri, 26 Jun 2026 07:00:00 GMT",Jaqueira,Apac alerta para inundação em rios de Pernambuco; veja cidades afetadas - Terra,INMET (via Google News),alerta_oficial,https://news.google.com/rss/articles/CBMi_AFBVV95cUxNenlYS29heTNhTERsRFZScEdMdGhtWXNDVnlJamJRRFRHalpjeGJsYUM1M0lUdG9rcnR6YVM0aWlFY1pXTEdrdlRFV2NkWkJDRzVEZTRfcFFTdnhyQW53bFVHMk9JRTdpTVNVS0pHR04zX1QzcVg3V3JLSHY2U3FrQlBGa3pJLW1RcTJFMVdScktSbDNYWEJmNGdNWlA0cU5DdUJsVlV4QVUzZ0ZpT3pieUJTcTdFY045aWpDOFowMGpaSXFSUXNzRFB1MzRrWlFQNTBKR1d2RGdZT2QxaUVwdGJNVTVtVUxaMWxLZDc3R09GdFRHMHpLdjZjNW4?oc=5,,
"Tue, 02 Jun 2026 07:00:00 GMT",nao_identificado,Grande Recife e Zona da Mata têm alerta de chuva moderada a forte; confira previsão - G1,INMET (via Google News),alerta_oficial,https://news.google.com/rss/articles/CBMi2gFBVV95cUxNTWgwUDhlV3c3dWQwMlIyaGVISDE3QWd0Wm9jOGMwdmx4clVtWVRIQUJUbTF0SmliTHUzejVpVXFFZlRvNnRzQXRPdHhOdm5TYlZlam1VejVGQVFyVlpDRENtMlRkOFlkVVlBczNmZEdHdDlLQmppazhSSmlzNzN6TjItdDN1QXNYS19BR0RxWlNVOWplbEFXcU9FRFBKbU5uc3l0X0FjdEVaWEFqOGFvaXNDNkI1Y0pHU1BJWXVnOUFzcHJhY2VPRkFGQ1I1T3pqeEp3LUVRZ2Y1QdIB6AFBVV95cUxOZkswb0ZDM3NkNDRtWkNIVTZSNWpCemhraXJCVTk4cHRYZTZmWW5fUDN0b0p5ZU5UNk40Q2xEUU8tQklRWlpOb2lQNE9uQktfNS1yNFRXRjZBMEtldGk5X2tNYmxoOGxyR1VBNFRqWFRtMV9yM2hYa0x4MTVPbjFqMkNzd3dWSlZIU1ozLTlxaDFsV1dQeDJBX2wyaUwxMXRsbjlUZ3FwVHpqZGhyTl9fMUlZcjRTaVRsTEV3NzZ6WGNPcEJabHZSaDVvQ2l0WENIWWZxNnh3OEhwMDMyVl9DSHFaQ1drbXFn?oc=5,,
"Mon, 04 May 2026 07:00:00 GMT",nao_identificado,Grande Recife e Zona da Mata voltam a ficar sob alerta de chuva após temporal; veja previsão - G1,INMET (via Google News),alerta_oficial,https://news.google.com/rss/articles/CBMiswFBVV95cUxNUlRqaWJra0xRM0tmUTJ0ZHpuem5zQnl5d0d5OHk3d09qVnJ2WEZsamFZRF9FOVp2dTBic282SWwzc0RheXBNYWFaQ2ExSTdqMGxXSkxiby12SElDcVUyZFJvS2dQN0hrVmV1d0pyLXh6Mld1QmNlcDNaLWMybDk0Y296M3o4Ym1UVWtLQ2J4TXBxc1poZWYtdVdmTXJ1dXdiOURsT2Rhc1ZobG1CY2FwSFNkTdIBwgFBVV95cUxOTlpxYzZZNlhIME91SXlKYzJ0X1pqaUNwMXNJLVlUTkZMaWZVTUJxUVNRS3JCNEdLSkRCaXo1VFRaUzdTaXBWWVlsNngtYUFmU0czMDc5V2RtbXBKWTZBQklidFQtMkpnbXctTmNmdUZwYmFudDVRRkpQZXU4TXZJTllFa0JvdWZnX1VEc2NER0h5OWwwWVE0a2dhUzhYdVowdFNXaUU2QzAxTGdTbWFERTNFaFdMMmVBd193UGpLZVVVUQ?oc=5,,
"Tue, 12 May 2026 07:00:00 GMT",Afogados,Apac renova alerta de chuva no Grande Recife e na Zona da Mata; veja previsão - G1,INMET (via Google News),alerta_oficial,https://news.google.com/rss/articles/CBMiwAFBVV95cUxQbnhycF9FX0xCMUJiTHRQdlBQSHZnR2tTY0ZNeDc3VnlLWnlFVlFSeUY0VjUxN2xFMVRyTEZyM0Z1NURPd3JHQ1dtZ29GdzVRcm9nSGs0QXpLOUZ1VUpmYlFSaHRCcXpxU1REZUFHcmVMelpENy1KWVJsYnJVejFMSGNKbDMyREJzYVZZYm0zanZQM05tbElhRUktQU1wamN5aDdwUWliekJ2V2RxMk1pb3I1X1JfZDRsc2pGU0o4YXPSAc8BQVVfeXFMT3dIRlNLaUVPc0FYQ2VGcTB5eE1sRTVUMDM3SUxMeG1lbF9HZXg0RDhtRy1ZVGNMaEJwSUg4cHRPd1VLYk9SRmZ1VXpnN2xIZVVUR01UNXAtUzN5UW1KY3ZaU0ZyeDNMdElBV2tEZ1JmZmxXMDl3ZDJ0NjAySVF0QWlydHMzRm1LSG5WQVJUZnZSWjYyZC1BYmkwbmFrbThTOE1ITTFqc1RQZV9DQlp4cHBzZk5Lb3dFak83M3BidVIwbTJndVBXdkhadHplalBJ?oc=5,,
"Thu, 07 May 2026 07:00:00 GMT",nao_identificado,"Alerta da Apac prevê chuva moderada a forte no Grande Recife, na Zona da Mata e em Fernando de Noronha - G1",INMET (via Google News),alerta_oficial,https://news.google.com/rss/articles/CBMi8wFBVV95cUxOWWI0NC1zOVFubWZqdUI0ZWczZXh3RVVCRnc1cE8zbHEzUDdwcEJtVjJ0VXctaFB4QUQ3cldMTTlJUW1qcXJBOV9sbF82SjJJUlJtdWhkbExNd1pKUUx6RC1wemRUekczSVZoelMtY2xnV3RlZWhTbnJFLWpHOU54SVNIUmFDcGtsSlJaZWZEZ1ItSmFxYTl1dExlQnU3RklXRFFWUG41RUw3VWsxZlpwemZuWHY3WXlOQ2U1a2pWNUY0NlZVUFN5bDhLWVVmT3E1NGM4aGd3Q0lnbV9XNktvNTNWd0gwVFFsZThWLVJCZ1ZLZjDSAYICQVVfeXFMUGFSOUo4WEkxb0p3X3pva2JMUHNzbzdkOWxMN29WVWdva1c3UWx2VmxjRHV2cUFOc21YZ3NCRmVSZ1NQZ1g1NDl1MXlXb0oyc2xtemI0Z19uZDllY3NseEdMOUlNb2RIcDdQNGZxRE90eVEteDA0aDFtbmI3SHlRM0tZY1FGV09QT1dzWHZRWVdnSG1CSDVsR3g2S0dfeERMNHlhNGxhRm8tZFVOaDQwZmkxYWJpLTNxUUM3LTV5bDNwdXFDbmQwYWVWYXNJUzNRN2ZkSndJV3JkUFNyMDFBYnZkMkM5RXpXSWhrQi05RGlFVWtrcGtRcHFjZFZseFRnMXln?oc=5,,
"Thu, 16 Jul 2026 07:00:00 GMT",nao_identificado,Apac emite alerta de observação para chuvas na Zona da Mata e Região Metropolitana do Recife - Diario de Pernambuco,INMET (via Google News),alerta_oficial,https://news.google.com/rss/articles/CBMi9wFBVV95cUxOWHlULTBBQWUxZC1DZlc5R2Q5NXBYNlFEcElzQUNrWEFla0ZscG5OZEhvb25zVWExX3I2UzFEZC05cnBFdWxwaXlYd2wwRm1qMnNNLUNoX2xvM1JtWjFyQjZwOG1nanpSdWJjSjI5T3BxeW5idVAyQ3hyY1FsZmpoWDJLdDNSSXRDSDlYSEJRaG5oMk1MTzhMU0dtblpYc2dGekE2Yk81UDF6Vk1nbnpOV2tsRXN1RmFGU1dnMW5VVFRDV2lHal9mRUF3UHd4QkF4TTB4UmFGRFNFby1iSXE1M1pzLXdxUm5VdUwxaDk2YUR2YUxwaGVB?oc=5,,
"Thu, 07 May 2026 07:00:00 GMT",nao_identificado,"Em novo alerta, Apac coloca Grande Recife e Zona da Mata em estado de atenção até sexta (8) - Terra",INMET (via Google News),alerta_oficial,https://news.google.com/rss/articles/CBMilAJBVV95cUxPWHVzQWM4MXEtYkNKYWNOQUhpcmxGck5iMHd6Mzg4YzBqbzFucTRGaXhkU1J5N2ZTRVd4bG5nR2pTRERTWGVheGtQcXl6MER3ZTZKQWI3RTlqUlJYTXhxMVdqZ3lBbDVNZmJuTjR5UmQ1MEV6VjNlM2p0SWtJVnNtNnZSRmQ1cGV6Y2VvZGN3aUw2TXBkZWlvR2YtZk9ZVFl5MV8xWEJ5OXNtc3VpS0N3SFR5aDFxc0pHY2RRMUZRUXpTRjhkOW5MRUl0ZnFyU1BiY09GeEc4X0NyRFdGOFNHUUUyd2VaY045WGZkN2V6aXRSS0NvYmpCMzRsak00RUY4R0RfaUt4N2llNE9kcHRPekg0TkY?oc=5,,
"Wed, 22 Jul 2026 07:00:00 GMT",nao_identificado,Chuva intensa chega a Recife (PE) e região metropolitana até quinta (23); alerta amarelo - O TEMPO,INMET (via Google News),alerta_oficial,https://news.google.com/rss/articles/CBMiwwFBVV95cUxOVUJjRTVJQXJyQlkwX0ZlajJRdVdKNDdYNHRiVGxBNF9yUmJwWEthTU1WWlhmRzZwMkM3c09LR25wd0lEcDR4UWRGQU1sZXdfWUxEckZ0eGhkUGwxQ3ctTTd2aXFfNDVudVdPeC1MSHZWb2RIMUJUdE5yWm5ZeV92a0s3cHBkU19wTVdoZDFMOGRFTFEySTZyZU91c215bklEOU5pZER0RWx2b1RIck5iX0hEdWdwNThBR2c2MXpIaFllb3M?oc=5,,
"Wed, 22 Jul 2026 07:00:00 GMT",nao_identificado,Apac alerta para chuvas na Zona da Mata e Grande Recife - cidade997.com.br,INMET (via Google News),alerta_oficial,https://news.google.com/rss/articles/CBMiiAFBVV95cUxNOFdHTS1zM2piTHY5b3ZySXNuMUYzR21vR0lvYWJFQUFIRWNZbWhsOHZIRFVkemdnRkZuUUxNV1ZVclZKZmlhcnhyV1NUZk9nNmxuX1VTMTNYd2VEaXVWM0pQekIwZXR6c3l3Rnh3amoteVVXeGtZMnp5dzN4RXk3V0dCUnZEZjc4?oc=5,,
"Tue, 04 Aug 2026 07:00:00 GMT",nao_identificado,Chuvas intensas elevam alerta para laranja no Recife e provocam suspensão de aulas - Blog do Mário Flávio,INMET (via Google News),alerta_oficial,https://news.google.com/rss/articles/CBMitwFBVV95cUxNbXdPQzlJWm9zQ2NhaVNVVHQyWWNmWUp5Nk55d2FCcWUxcGd6bEVSSGxGZ1pfRDVMMTdBLV93VmdOMnZvY1MzajZJb0JtcWcwYjZvSXlGY0lMMXN6STJNSjNqQjJ1RVhNMWRlTTNaOEtTYWpFRG1vZG1IdGlnNkZTYzdVX0dJajhKbzV4RnFpeHJudXZteGhGTDhtWGRPR0JYdFVQMUpQeWFxcUM1cWFGcFRSRE5tTjQ?oc=5,,
"Tue, 18 Aug 2026 07:00:00 GMT",nao_identificado,Chuva de 100 mm e ventos de 100 km/h põem Recife em alerta laranja - O TEMPO,INMET (via Google News),alerta_oficial,https://news.google.com/rss/articles/CBMirAFBVV95cUxPYWx3dEc3QTQwNHVKeWtZMkkzcC1YZDg3eE9fRmFBVHB0SjRrV1ZaVW9ERDFNSm5hWC1zV0labzVmSHA0Yi1mbEg1amVlZFVFOHNfclZadTJiT3hNUWVwdWhpWlVISW5ITTZWclNxMUFXZUVNNzBCYlh4TVVWSl92aTJtOTJZUk83bTlhZHZsRVlYUndEZzJEU21kNnN0bkpJVEpSb2dRNWJaVERp?oc=5,,
"Mon, 08 Jun 2026 07:00:00 GMT",Boa Viagem,Alerta de chuvas intensas é emitido para Grande Recife e Interior de Pernambuco - cbnrecife.com,INMET (via Google News),alerta_oficial,https://news.google.com/rss/articles/CBMiuAFBVV95cUxOQjY0cWxNdWxVbFMtczRoM1lGS0dobUVuMEFvVnlZbWZ5eDYzMEtQRlRRSzkyVkUtUzJEaWJnOHZhaGtGSnl5SklvbDlJY0pEcXB2RUxnN2ppRUZ1aDJuS3RwYnFDNThYSzV6UDc1ZERnaERIdEF4V0gwa2xNcXR1Z0x1dXNUclh2bnNuUGMzajhndTR4Q0NhNTZPY1VpYTJ0WnZHOVlwTTBCNVpfTEhBTHRfS3hJUmlq?oc=5,,
"Fri, 08 May 2026 07:00:00 GMT",nao_identificado,Apac mantém alerta de atenção para o Grande Recife e mais três regiões de PE nesta sexta (8) - Terra,INMET (via Google News),alerta_oficial,https://news.google.com/rss/articles/CBMilwJBVV95cUxNTEtxWkpGZGxPMGl0Q0RRNU9DT1A2S05wMm1Pc2huZURGcFZDUVhORF9qTEFSUTlqZmJpVy1UTzZsbnpRbWVuV2ZuSlpDTEVUVWR3NzZoU2YxR09rOWV0N2VnOUZtMmtCLVRvdy1uLUhIMDZTd0hwRFdDQ3BETk1pMHprSUFLVVA5TTJKNDRLLU9zeVlETnc2bzZSZTgzMDRnTnRmTDlVWFd2WkN3UGthelhycjFNdkpCdGd2Y1FpS1RzT083bkpMYk9NeXIyTklOQlY5dWZtUXE3VVRqQTBtcnZZMUNnTVZ4bTVBMFJPaXhfMWhHaDBVXzlLcUhLZzhWUXlldHBRQ203Rm9lWmdtQWJpVHJ0OU0?oc=5,,
"Mon, 03 Aug 2026 07:00:00 GMT",nao_identificado,APAC alerta para chuvas moderadas a fortes no Grande Recife - Tribuna Online,INMET (via Google News),alerta_oficial,https://news.google.com/rss/articles/CBMitAFBVV95cUxOUmhhSGJLWWFodHlQNnk1YzBnSFVpdVdUY09iQnZ5cFpmMnhmNl9yLWhpMGNINmhwbjdwWXVpOUg4SkVfUWV5bUhjS1hGb19uUFZjdXphWllWaklMNkNNcnJITVRyQTZ1ZndQUVZDSEwzSko1WVFJZ0NlckRYQ0pvOTZfTmJmY2xxVzJkYzNVUDVQdE5lUnc1enZmZThkOWlwcUVHalNuUWtrVHkwbnNKLVhXdWjSAbwBQVVfeXFMTTdIY2QwWUxQVzZrVkIzaHp5WFJIUXkzMmk3MExTQjYwbG9qMV9wZmNDdHpSWmxyMW1ZQUY5S2c5NlVWNDJPek1yWGV1a2FZZkdEYnc0NnNBWV9NWndickRaQlBFU3FZcGZZVk1fb0dQVTdNQ2luSlVUVTBVejJvNzdzbFNlZ2RBa0VjRTE3c0NxVjFsekhEV1NPTGV3eDlRNklfd01xRmd4Uk85TUpGRGFpR3ZUakxHaXU2Vy0?oc=5,,
"Thu, 23 Jul 2026 07:00:00 GMT",nao_identificado,Apac renova previsão de chuvas no Grande Recife e Mata Norte; Mata Sul segue em alerta - Diario de Pernambuco,INMET (via Google News),alerta_oficial,https://news.google.com/rss/articles/CBMi7gFBVV95cUxOS0xnbG9Fa3RqOXQ1U0xVVjc5UFRXbl9tVDV5dzY5NU9YMjNfb0RvaFdfZllVWHIxUnVNYmxZNUZnand3T3ZnS3dCazFGU1llY0VSXzRKc21QazdpdEtnbDhlYUphRU1mamQxRU5lZzcza1Zya3E3M3haeFNSdVZqb3ZRRkhIT2xUaTE4LTN0a2FYQzVqRVlzTjU3QjJQcElCdFRPdGVZTU8wUkhMM2phVWRabnJFaFpQbk5hTkwzMGoxNEVia3kycGZRT3dYNXlqSENLNDVJek5BZXQtUWMtcnpmR1FDY2JNekxiQzBB?oc=5,,
"Fri, 26 Jun 2026 07:00:00 GMT",nao_identificado,Apac emite alerta laranja para chuvas no Grande Recife e Zona da Mata até sábado - Francês News,INMET (via Google News),alerta_oficial,https://news.google.com/rss/articles/CBMiyAFBVV95cUxNNEdwR0R3N1lQaXZHekFKcFNMbWpCV3FVN3dXMHYxaWFGcmdkRzl5RE1yd0ZSZGc4WW1mZXVYWmpucDJ4TFUtcTBpdzVoaXpGZzlDcWV0Z25wQjRhQkZqVXE4RGtMUjZSVzlVN1lYSWpleEhOT2pXUUd4dFladXJTR3duR2x5eVdBbEhNeDI3eFVhTGduQlJ0QjJuM3JTam9pNk8wMmlPbV92QmYyRE9KT1hLVmd0Tmw0R0V6TGZCR0pfU0RIRHQ2OQ?oc=5,,
"Tue, 12 May 2026 07:00:00 GMT",nao_identificado,"Apac sobe nível de alerta de chuva para o Grande Recife, Zona da Mata e Agreste - Diario de Pernambuco",INMET (via Google News),alerta_oficial,https://news.google.com/rss/articles/CBMi5AFBVV95cUxOQjNidWVaYWNNbUUyMkNoc2hnWmZqT0NaaHhvNXhUTHBsbGtfNnRyc09vV3dhRzF5ck1ON08zWlRGbWFhbjZHQnpVeEpxMVhWLXJuYkk1ZzRRbW1ZRzdONGU5RXNWS0lrTTRxVWVyZHB3NmZlQ2E3b2RPbnJQLWtycVR6RXc1d0dxc25aTjdyZm1yLUZONWlCSVZRcXZhdVJob3o1TWVFWktwbzZlZWgyWGNxaXhHZTh4czJRcVpOSWlhT0tEVzVVa1pEMkZFMHJzRkFoblJMZnJnT3ExRGtDeHltZEg?oc=5,,
"Sun, 07 Jun 2026 07:00:00 GMT",nao_identificado,Chuva: Apac emite alerta laranja para o Grande Recife e Zona da Mata de Pernambuco - Diario de Pernambuco,INMET (via Google News),alerta_oficial,https://news.google.com/rss/articles/CBMi6AFBVV95cUxNZ21VZVRrMFZVQlJtSnY2a1QtZjE4WnhDME1BVmwyTzJhYTZLNHRFOU9FX2NZZ2hwYjRLTUdlWDFQWGJobjZ2eEhQTG5VanZFa1BJQUJ2dnh2XzFkZXl0TUdSNWk1NVotaGRob0hjS1VSVHkyeW1LUVBDbFk5Q3pwYnFYeXl5N0FlU21vdkJpSHJzM1RXaDZvc1BteXUwVHV2YW5WVkF2MGZ6V1VNOWd4d0NaX01tV2FhMVBqZjN6VUFtN2Z0SDZxNXBJUGpzRHBoQkdfUTlEYnUxUm9FOGhvamc3QW0tWkpv?oc=5,,
"Sat, 06 Jun 2026 07:00:00 GMT",nao_identificado,Inmet emite alerta de chuva para Recife e outras 87 cidades de Pernambuco neste sábado - Francês News,INMET (via Google News),alerta_oficial,https://news.google.com/rss/articles/CBMi0AFBVV95cUxPdkE1R0ZPSTBONDZzYTREQkdMNlVTUWNsTEtlQUw4aWdjNXpWVFFCbzBKbEdmN195NVJJbnViWHpTelcyR2gxWTRSbU1xTk85S1p5bWpQb1ZWTm9XazJwQ3Rva1dXeUxpdWpIRnVKUU9qR3pGbU40aWUweXN2WGNydGNSM1RCZndVbUswcTRnaE9mRzg0U2MwZnNOOFd6SGFnVENWZEVJd3ZqYXNkNW9aSlh2RHVNZnZmMkp3c0VQOURJNEpIbGQwNTZlNnJwUlMx?oc=5,,
"Fri, 26 Jun 2026 07:00:00 GMT",nao_identificado,Apac alerta para chuvas moderadas na Zona da Mata e Grande Recife até o final da tarde desta sexta-feira - PE Notícias,INMET (via Google News),alerta_oficial,https://news.google.com/rss/articles/CBMi0gFBVV95cUxQM1o5T3pOeVAzVmlmVVloQjl4NUIyOEZSLW52aUVFampLWUZZaUdPSXp6dnNWVzVMcXVFNkwwZE5IOHhWSms3VHdXLWJkV1NnN0Jid2lOUVI5YlVZQmVyTVhhMUZNQ21HUUQwVS1SOEpPV0Z5dmtJSzAzY3hJako2R2NQaFpXb1RpaWVvTDR6a1BXQWpMdTNnYTltMUM3NUc5dWhtRnA0ZGNTNHlfV3dhQlA2YmVyeVVvekV3VmFXTVBmblFKV1M5RHpPYXRFYzdVNkE?oc=5,,
"Fri, 08 May 2026 07:00:00 GMT",nao_identificado,"Apac emite alerta laranja para Recife, Mata Norte, Mata Sul e Fernando de Noronha - Francês News",INMET (via Google News),alerta_oficial,https://news.google.com/rss/articles/CBMixwFBVV95cUxPaFR3c0pobHZFNFdUOXRFei10cGNVdzQ0dFdmZHJpVjNKRnYxbWY5eHhjRGRhdW9fbnZ1NmUtRkFmMnh3azl5bjZYUVZMcU9rWnhINHNMVnQ0MlJpUDhfNFdwNV9yXzNsTFJsbHNUbjFMa3NveVBJNTVxQi03UEtqZUw2Rkwwb2xSRnhVenFtZXQ5TnNacHlGajNmVmhNS1NOTzdkS2s5d2V5SDdGdlQtY1RIQnpiR2pWSVVraGFQNDExUnJ6bVI0?oc=5,,
"Tue, 05 May 2026 07:00:00 GMT",nao_identificado,"Grande Recife amanhece sob chuva, alertas e suspensão de aulas nesta terça (5) - Terra",INMET (via Google News),alerta_oficial,https://news.google.com/rss/articles/CBMigwJBVV95cUxQZklTeHhWaHRvSE90M0hLdVgwMUxoS3MtNEZGRGNRQ1RROTZLZnJyeG1sY0tESDRVcWVVci1lQ0p4WVVsUnlnYm5lem5GUEdzR1lUNzgtcUNZY1luZ0g0ZlZCRzdoWDFsUUNiei1jbXdfOE14Y3lsMU02ZnlPNlV3eGM3NGdoeG9GcXh6WnlxaWtIUnJqUlhaVHVJc2MwVWJaZ3JCSnZhVXFmY1NTV2NUb01heFVvMjVRZWtHOUdQNldzQjMxU21GSTBBUVNLSlYyaGVacHdENE5XaXl2bUVsNGF6MGx3dkd0LTAtOWZtSGhhVy1EdEhFZEJhOHJ6X1hFdE5V?oc=5,,
"Mon, 04 May 2026 07:00:00 GMT",nao_identificado,"Apac anuncia ""estado de atenção"" para chuvas no Grande Recife e mais três regiões até esta terça (5) - Terra",INMET (via Google News),alerta_oficial,https://news.google.com/rss/articles/CBMinwJBVV95cUxQVENuZ0ZaOHk3S1had2p2ZVM1Y3B3SDQyYkpPNV9FZnNkU3JQTmM5R3VWR1VETkU3Uk1jNzdJWmEtenItRHBGRHhHY3lOcUlxUTFWdHV4bWU5V19ONGtUbHNQNGxwWUVnek9JSlZHWmxDcWdkQ2F5T1ZralVGazM2Q01NU1RuUkZvVmo0bGkxOGdmeWpUNVJxMDZsQml6OWMtQ0VqUXlFQmZYWldFbTlkRlNCcFJ0UGxKYlNseGZ5S0c5QmpleXRBQjE3TU1oWHFsVjM3OVNDYVM5V1BQYzkwVm9uVHFMWG1PSDJ5dVdDSllxTGM1eW9RWXF3R2hVa1BhYU9INXdXLVRVdjJZcHpWRU9SbnZXU0xmRU03NnJaRQ?oc=5,,
"Tue, 04 Aug 2026 07:00:00 GMT",nao_identificado,Chuva em Pernambuco: Apac emite alerta laranja para o Grande Recife e Zona da Mata - Diario de Pernambuco,INMET (via Google News),alerta_oficial,https://news.google.com/rss/articles/CBMi6AFBVV95cUxNR2g5Ym4xU3EydUlrVTh1V1Rab19zR1JkUF9acy1HQVFHUHM3X21Qa0pUZUxVVGlCQURfdm05Q2pSMkNtT0tBeDhUUFRjSUJqOUh4dFR5S1BHN0RIbFJKVHN2VG9Ea0tHV3ZxYnJzVk5jQU0tZEVrNnNtMFo3THBXWU9vbDFhYzliSkdwSnRGUTNlLTNxRjF0LWNYZ3BmYmpFUzBpbHVVcm8xemVySWlXMmEzV0NmZEZYMXlnald3TTNfTEVmUW5zOVVYNHBKTkQ3NzROdURLVnRrbTRTSVA5WXlWeTBuQzVS?oc=5,,
"Mon, 25 May 2026 07:00:00 GMT",nao_identificado,Apac divulga alerta de chuva moderada para Grande Recife e Zona da Mata - Diario de Pernambuco,INMET (via Google News),alerta_oficial,https://news.google.com/rss/articles/CBMi2wFBVV95cUxOQWdKZ1QtYVp4NVA3SWg0Q1doS0lWREpVakRtczgtUnpxQTJxRUUydm5YMWJRc0RFRzE4MnlWZ1RKenpGdi1HNjFMT1h4aDRyWUlEbWFGdFozeGY1OXZGbnllX1FhTDBRYmpvYnZrZzFLbmdaczhuaUx1d1NKSjNDQms1UVVuMWlkd2RuZUJPaW10VWNTOUxibXliUjZ4bjBmMl9uU0NrQ3pseEQ5Qi04QU53RTlDdFBneDBQaVJJcXhkTmlTbDdic0s3ZFdaU1pGV2gzT2p4X2QyODg?oc=5,,
"Fri, 26 Jun 2026 07:00:00 GMT",nao_identificado,Chuva em Pernambuco: Apac emite alerta laranja para o Grande Recife e Zona da Mata - Diario de Pernambuco,INMET (via Google News),alerta_oficial,https://news.google.com/rss/articles/CBMi6AFBVV95cUxNMWpoRjBZZEY0dHAxdXcxNldTVnBtRWZDOE9oNmdyWHA3Nk1DUFowOG5Sc013dzl3V3JsSHpiNThDX1QweWk2SUQzR1ZEcnRQX3V6emNLVi1mbUVrdjY2eklDNG9Sbkg4X0V1NnJlN1JRcFZxRDJGTTZadGdSNG1JVUdDWWxueWVnVzJ5b0pJeklNQ1gyRXh0SzRNWVpXLXRBdEUwQVhtRi13VnltdXpxcXd0dXZxaGZ0TEJrbkZSa2ppeTBvYmloVWU3TV93MTdkVG4zY2dRN0xQdnY5T3J0MTNBMEQzc214?oc=5,,
"Sun, 07 Jun 2026 01:12:18 GMT",nao_identificado,Apac emite alerta de chuvas moderadas para a Região Metropolitana do Recife - Folha PE,INMET (via Google News),alerta_oficial,https://news.google.com/rss/articles/CBMisgFBVV95cUxOSXZtR29Fd2s2ZHhvYTFyMl9MQURZSk9kMXdCNFBYUHpPNWlyX1UzSlFDVURXS2RRZXBiZVR5ZmJIbUhBWVRseTVya1NkNGtVdVdBWkp2R1hxV09LNUI0S0NtaXNxbFNKdGtWWG1FZkI0dUVybGd1OGZ4RDk1bVRYSFhRalpfTl9RMGlzcXE2eVpPbV9nNk1PaXNqNFRhc0dxV0xpZjNBQjNyb0ZsdDRiVmFB0gG2AUFVX3lxTE1MbHZsWUttbWVWc1VjdVpuZkFFZ0dkdjIxUkVQNjdubGJ4ZU1ONlFEWFRYYzE5eWtjZGl4Rl9IQ0ZsNmdmQzJUcnUwdlpseEFqNUJpVXdxMl9HSUlzOFlLT0RNSXlNbk5qa1kwbkFBN1VxdmZKV0RkbHZVQlFoUHhXTTJrOVBjd1ZzckRwenBGbmRtM0dWSGNYd3p1QnVFa1JHUmJJbFBpWVB1Tjh4c1hfajMyMEhB?oc=5,,
"Fri, 01 May 2026 07:00:00 GMT",nao_identificado,Saiba o fenômeno que causou chuvas fortes no Grande Recife e Zona da Mata - Folha PE,INMET (via Google News),alerta_oficial,https://news.google.com/rss/articles/CBMisgFBVV95cUxNQXpvTHZSWUdiMEh6UnE3ZHc5NUNVR3NSOXpOLWdwY1Eza1BKbnVvLTU4b0oxbFdpb2wzdmltWDJJQnM3NlZnbGUxWnR2WW5FYkNDZHdvTHJuUXRMVGg5QW1hdFczU0c0QmxZZTFpU1BSQVlVX1pPWmFPUDhFSnVXcnpKa2Q1Y3RsTHF5d3pzNkFsYWRMdmxoNVBkeWN5NlhTV2Y5M0tKODNFZmFqSmNITTBR0gG2AUFVX3lxTE1ybkxYdnJtc1dLRGZfX0o5YXRwTklEdk5TaHMwX2tfbDRrSmg4Nlh6V1l0c3dsb2lQa3lvN2t2YWZNRVd2Z1hTOFhsQ0Nxem84eDQ0MURKU2laa01GN1VsRDJOMllhMzFfN0xMZmJGMUo3eFFzMkljSnhrWWVaeXM5ZllsbDZpMlZkU1BHQjJJTlI2bkt6M3A0OWk1YXIwR1dOdnF1OHpfR2tVYWtFMGlTb2NtNzFB?oc=5,,
"Sat, 02 May 2026 07:00:00 GMT",nao_identificado,"Apac mantém alerta vermelho no Grande Recife e Mata Norte, mas prevê redução das chuvas - Diario de Pernambuco",INMET (via Google News),alerta_oficial,https://news.google.com/rss/articles/CBMi7wFBVV95cUxOOGs3OG5LbGdQYm4tQ0RfM1UwN2lfLU8taVAyMHpuRllsVUdJY0NnemZ4eElGVG5QSmJlS1IycFVYSXhMY2VOMTFVbDhzRlhzVERoc0dNNlloVHkyVHY3ZHNWV1pDUEFfcmg4U3JsdlJFRDNvZXdYOTc3NmZYYXljeGV4UmJTT0M5UTZZR3czMmJ1R1BMQ0Z6ZEw2N2FHTWNQNHpRajZLZGVTMHIzQld5bmpVUVBJdml5UFNwelNiWDhsa2ZRLTA0QVhXRDg3SkVqemI2VXRDd2JVMXJtRlBDSDFmZUl5TkQ4TktJcnpqWQ?oc=5,,
"Tue, 12 May 2026 07:00:00 GMT",nao_identificado,Apac renova alerta de chuva moderada a forte na RMR e Zona da Mata até esta quarta-feira (13) - Folha PE,INMET (via Google News),alerta_oficial,https://news.google.com/rss/articles/CBMisAFBVV95cUxQTkJMQ0dvQUw0VS00WU5SWGJpRzRsb3huTTZJeC1HOEZfc0hzTGttaHhUWjVtWDhSMnRQSlBKTGhrQUFUenBfenBKb3ZYVFpzZmtkX1hBV3VCVHpjMmhubE1aVENYZ25mN2ZkQmo4YU8zUy1tYk9fcjJpcnJ0LW0tRVEweDJKRjJ3MmdMckppTVdHS2w0RWt3a3VHelN4WkJGclptdXJGX0dPclcwNEZVVtIBtAFBVV95cUxPNVp5cG1SMl80Z3pDY1pOOUFfaVUzX2xQc3IyVkhzRnBraHoxSWF1aG5ZdkdLdXpPX0hNZHpGU2dsc0ZFMEtDMzdLU0M0UUlGME90V3hWTnFvMjltRmJtNXVLb0dhN09fN08wTGpmU2RSZksyQ0p5dTQwb1E5eV9YMlY3alhsY0ZYQXlETlRoU0xvWktud0VselN0NmRaZEQ2UGtIdkNpOEh2YlFVeU1OaWM2bWg?oc=5,,
"Sat, 02 May 2026 07:00:00 GMT",nao_identificado,Apac: Recife registra maior volume de chuva na Região Metropolitana e Zona da Mata em 24h - Terra,INMET (via Google News),alerta_oficial,https://news.google.com/rss/articles/CBMilAJBVV95cUxNT09Cd3lyS01WWXZDU2pSS01sTVM2NjhtdWVBbkJ6UWh1WU05RENMYlFlSGhsLVVIaDQ0ZnRHRXdQOXZXQmJIUll2WU1ud0pod1cxd3lBVi1GVEdaTmdlSzctZjI2UUxCVk9qV0YxQUtxLXd3OHliVm5mV2NnWkFzb2liS0FnOFBWblplcThLT05DY2xhS09lX2ZkdDFqQ2NHNk8tUldycGM2NGFJeF9Pb3VfSDNCQ0l4SFBfaVhVemNkbG9yb180bWY0N3k1SnI2SFdlT1VHZFU4bmdLZDQ5TklrYTlTNmQ3QjNUY0RnN0dLODA1T0RON1RyV29ma1hCdk56WkI2QUlPV3FWem9nYzlWOHg?oc=5,,
"Tue, 26 May 2026 07:00:00 GMT",nao_identificado,Grande Recife amanhece sob forte chuva nesta terça (26) após alerta amarelo da Apac - jc.uol.com.br,INMET (via Google News),alerta_oficial,https://news.google.com/rss/articles/CBMiygFBVV95cUxQaE9wcXNCYjlVQXBpazNITXBFSjFDWXVMcnNBcVlpeTJlajJVemlYRTRwVUJXN2xEUnFZdFhxczhZSVNyTm00ckVNd0YwT1dVcFNjd0VHbjQ5dzZhLVRpemQ0eThNdHpMMFVqd2xfeHlPazNtTGdZS0x5Vi1OTDNEVWRGVDlmSDhfTGp0SVBuWEtzc1g0SkhJSC02UEhmNGZMa0JrNVp3czM2OEpPS3BVM1hJNVpHdUtCZmRJTm5XN1I1QjlwLXlyMHVB?oc=5,,
"Mon, 20 Apr 2026 07:00:00 GMT",nao_identificado,Apac renova alerta de chuva para o Grande Recife e outras regiões; veja previsão - Diario de Pernambuco,INMET (via Google News),alerta_oficial,https://news.google.com/rss/articles/CBMi5gFBVV95cUxNX0Q5clJjMFJoYnd2ajdGTEdYVC03TllLbmw2Yy1oWVNRb1dWMnlUZ0hOUjFxQ2dvVGY3QWtDWk9xT3FrSWFjY0RJenlEQU8zb2NtMWpNY19ZRzZvbnhRUExqM1k4dkRZb2JISVVVQ3RlcFYyc0FMeXFIUkpsU2pvN3BvVmVkaDE1blk2YUl4NUJ5VmNwcS01dDFvbURJdHdJY0tNVy1Rc3A1SHNKeUxFMEZWTnJUTmNheGN3b2V1bEE1S2xkRkNXektWWGV0RUFoSURTbU5hUmNIeVpzS1E2bFhZVkRnZw?oc=5,,
"Wed, 06 May 2026 07:00:00 GMT",nao_identificado,PE: Apac prevê Dia das Mães com chuva de até 100mm no Grande Recife e Mata Norte - Terra,INMET (via Google News),alerta_oficial,https://news.google.com/rss/articles/CBMiiAJBVV95cUxOeUFLbWI2LXl2TlhjYlBXbzZzQ1daSlVWVHlHX3FoSkp6V001SWwteGJmRnhyRm43M2ZQTDlwX0hTdFUwMW82ZVY5dlhESGdtZkplU3l4VEVDcUZ2VWhHWEdPcFZIRUdtMGlFUlk0X1M5cUJ6X0NhWERBNzVlbUlLc2lnQ3RkMzVBVzZ2bkhrYXFVUEJ6YTBMWWJuT2cwLUdHZTdkTFRvMFZsUTVOSGZrei1zRjIxWUFLdklSWUpzSlhOR1pRRG9kRlZhY3JlQllsbmZPc1VGQkxZSkVzSF9SMFR2T0xralJaNzB3dDNRcVJ3QmdmczQ4RzJpZGJPVktjSVhZQkhUc00?oc=5,,
"Wed, 13 May 2026 07:00:00 GMT",nao_identificado,Alerta laranja: Apac renova estado de atenção e prevê mais chuvas para o Grande Recife - PE Notícias,INMET (via Google News),alerta_oficial,https://news.google.com/rss/articles/CBMiuAFBVV95cUxQRFhkR1JTbmlJc1BWQmh3TUZyUXlIOG5jVWtlcXVweUJyMXpNZnlVZzRwY1lqNm12a3Vxd3NWNXFzNnU1eGdUYjZRaDQ0R3VDZkRMYXRKVW51d2RieVIxdzZfWm9rZTl0U1g5RjFsdGxzdFFiNHFsNGJ2Sjg4eTdkaFhsT1FPUUZWWkFrOWtmSlE1WVYyTV8tRGlUN1E5a3labTZCM3BFbWxqWkx1dDRsck1QWkgtazdy?oc=5,,
"Fri, 26 Jun 2026 07:00:00 GMT",nao_identificado,Apac eleva aviso para alerta laranja e prevê chuva moderada a forte no Grande Recife - jc.uol.com.br,INMET (via Google News),alerta_oficial,https://news.google.com/rss/articles/CBMizgFBVV95cUxPUThWd2xKSGlQUFh0NTlLVG5QeWVuS1RFZ2JuWjNvMVpUZm1memtFd3NVU2w4TEFqMWtoMzZNUkxBNG9zTzdIeVRhcm5NcUJRcFc4UUdSVXFpVm04S3MyNGF1T0pvb2VYdDNkX3dLaTk4OG0zWTdDbGJXd25ZZ2pHdWZPdElaTFRWYlo5dXFmVzNza3hXRi1OaHMyYlN0OGVYQUlFSEZjN29oWnJCNVlNeUU2NWZKbEpCOFo3T2RwNnEwTW5JNDBiWGNFaE9OUQ?oc=5,,
"Thu, 30 Apr 2026 07:00:00 GMT",nao_identificado,Apac indica chuva moderada e pontualmente forte até as 23h desta sexta-feira - Folha PE,INMET (via Google News),alerta_oficial,https://news.google.com/rss/articles/CBMilgFBVV95cUxQeFdERFlwemhCZHhXQkxZRi1SZTVfVTN4RDAxOFZ5RzhXV1VEcG1iVi1ZNWswaW1OMVVtZEFQXy1JV0NkbzlNY0ZwM1dlUW5EaW1qVk1uSU5HZGY3TWEtUkI4T0VDbjdTckM1MENnNW9HSGpPMFFSQzlweXJMdUZDUnRQb21sSG1WQ2trWnA5Mzg4MUkxQWfSAZoBQVVfeXFMTWRqNjMtQ0JETEI4NDJDQUVUaVpWRjNudXl5UV93bFk5TEJZbDNHWmQ0WXI5ZmF2LXJFYWZUY1ZOU1RXc0g2dUJETGFIeUctZkNHd1AwQ0YzRmhHWS1Ubjl5ZFRlVERHRG9HZ0JienZHRHRGdThIY0JNU08xWGRHOU56Q195S2ZORmIxN0dYeTFTQVdPdXZFNDAyUQ?oc=5,,
"Thu, 07 May 2026 07:00:00 GMT",nao_identificado,"Apac emite alerta de chuva moderada a forte para Grande Recife, Zona da Mata e Fernando de Noronha - TV Nova Nordeste",INMET (via Google News),alerta_oficial,https://news.google.com/rss/articles/CBMizwFBVV95cUxOMWxUMjlhQWNKaVBsMmRPWGpJeGxFLVlrZHc5T2VURl9MSjExeU56eVBiVUlSdkwyMzBSOTNhYTFjMlJYa1gxNWhRU2YwTERrenJRLVBpUGlSQUFDRzVnUUtXNk9vS3ktdDZzOFQ4UFVyX3MwRVVsNXllV0ZGX3RQQUtDek92OWlobFp5dmxBeVJsZDJ3QTlRR19tLW9DVEstRXhyOGs1cG1ma2RKY19IdExtU1RaeWdKVzZvdUpySDJFNW5sUzI5RWlUVzQyV3c?oc=5,,
"Fri, 01 May 2026 07:00:00 GMT",nao_identificado,"Chuvas em Pernambuco: Grande Recife e Mata Norte entram em Estado de Alerta, diz Apac - Diario de Pernambuco",INMET (via Google News),alerta_oficial,https://news.google.com/rss/articles/CBMi6wFBVV95cUxNQTVhbmp5emp4M0J3VzVrbDJNR21HZG1uU3hhV1A2emN2U0lhVmhPMVZuNmllenZqQVVpN0VPZTlRQzNnZkRSYTFmZTUxdnRXeWFiWWV3X3UyeDVDaDdKb1dPWGl2V3hLbjZoaWFfRmNJdTdndTc4eHhFaE5qMFZLVDk4ZDJqLWw1R2t4ci1oX3BzNHNLbnRzSzl3dDdFakVjSnVWU0RpWlJOTFNsRWZ0VVVJRC0tR1Bxb3RDOVlrN1dwdGhaZVpSS3J3Z0g1R2VGNTdFblJLSU82LUpjYnpiQk9HVjU4REpBUGxv?oc=5,,
"Fri, 01 May 2026 07:00:00 GMT",nao_identificado,"Seis cidades de Pernambuco superam 180 mm de chuva em 24 horas, diz Apac - Diario de Pernambuco",INMET (via Google News),alerta_oficial,https://news.google.com/rss/articles/CBMi2wFBVV95cUxPOURhdlR4MHJfYlF6akl3V0E1LW9odU9jbS1zZG83R0JCS0N0amlFVUZnNEVlR2hqX213MHJyMW50QTZzZkluSFFQQUJ5c2l1YUR6cDh4M2NBV0tsM1lNdlNOSXpoVG5pUTAtSC1MMG9leElMNFlIbnl2Y3Y4QjY2TExaazdTSUtwUUdmcnFURWFUQm1YSlpVT3ExX0ppVXM5R0pzdkh1MlRySndiUHJaRkJoejNtV2ZPRllEUWxlSjhWQWgyTWh4WDhHM29FRlVOd0lMNWg3ZW5wT2M?oc=5,,
"Fri, 08 May 2026 07:00:00 GMT",nao_identificado,Apac renova estado de atenção para chuvas e amplia alerta para Grande Recife e Zona da Mata - jc.uol.com.br,INMET (via Google News),alerta_oficial,https://news.google.com/rss/articles/CBMi1wFBVV95cUxOYWVDcnhsNERVRzRPQ1N5WGRpVEl4aVNkMWNTYXExZmZCeG9YbGplTjlWR2t5d2k4aTZyd1FRMGMyNFNraUpNS3QtRDNXRkJnbm5sTzRSVUp5NW9vNUJSci1oT1MxcTJub0haZERLVU1sQU1tbnV0Yk5KNmJHRF82VHVVa1VrRWlTZU9tS2NacHRMMGhZelpYWW10QVNGWnZGSUpsd1lWQmxvX3ZaY3dQM0VXMnA5a0IzSHY0N1Q5T2kyTU5sSlFyX2FTQ1k5eElyN0h6dUVVOA?oc=5,,
"Sat, 25 Apr 2026 07:00:00 GMT",nao_identificado,Chuva: litoral nordestino mantém alerta amarelo e Recife deve ter sábado (25) nublado com pancadas - Terra,INMET (via Google News),alerta_oficial,https://news.google.com/rss/articles/CBMingJBVV95cUxPWjJkM1o4a3BXWEw3all5d3hqMEhFdkExTGwtSHcyQ1FXTVBkSF9tR0tjUkVYODMyTll4VU96LVc0N0JCN2p1WGtsYlNsbU1tU1E1cnlvYnR2alhkeU9kZXFueUxmZS1aSWNqYnBmZ1Z6SFd1TjFnUXBYQWJWN3JyRk1WTXdvc3AyNDZZRnhxQVhkOHMwNGJLWC1xTTdFUi1yR0JyQlVCY3djYjBsTlNxcURvd0tZeEU3b3R2eDFBWHY4enc0MHFvUXluWnpUalNVZi1mMnkxeWpIS09NU3I2RUFUcExJeGN0SlB3QWlXT1M0bGtvYkNvVFU3bjJiblg2SXNMb2kxVG44Y0tYQjlxcDctUlFCTEF3dVhpUzl3?oc=5,,
"Sun, 03 May 2026 07:00:00 GMT",nao_identificado,"Apac mantém alerta vermelho no Grande Recife e Mata Norte, mas prevê redução das chuvas - PE Notícias",INMET (via Google News),alerta_oficial,https://news.google.com/rss/articles/CBMiugFBVV95cUxOdHh0Q0JiemZJZWtFcWJGSlcySGZrRlRMVTl3dnRLNHZoOWo2X2VQY3lxSEpJSWF5Qm9ZUlN0b3kybmwxU3FWc051NjZsYXhfTEd6ZUZ1S3FXWlBTVnh1U3ZCMlZnakdKRDJqX2RkRnBxXzFCcDVkYksxVGxfTlBUY0hQS1J4TmlONzJrTk03V0tlbDl1MDNjMTdCMWZBQTJpRzBlZy1ON2Z2amcxdDgxaF9uRUNYRzA2THc?oc=5,,
"Fri, 01 May 2026 07:00:00 GMT",nao_identificado,Apac emite alerta vermelho em Pernambuco e registra inundação de rio; veja orientações - Terra,INMET (via Google News),alerta_oficial,https://news.google.com/rss/articles/CBMikAJBVV95cUxNSlhOZ1A3ODJKd1RwR0FJYU1UUVo2ekRKU1lNV3NXWWlDbUg2RE50MGt2VUdGMEp1UjNXWmRMS05JU05UUnRKTDhVTnNVdHVRX1RPZUdnbXBOSWhQaHJwNkpObk04bi1NeWtTRHhqMjU2ZktBb1p4S3FyelBIY21TX1ZyZFpHbktfcW5wVndIQ3g1dUVuaFdQdDZ2OW85WnhsMzdFWUpQcVNsQUtUZ1AzeUtiT1lKVzB1NlNYNzA3SUpnSlAxdHduMENwbzkwV3dzS2Vod0dxUGtxZjBYWVFldWs3TW5WbkFEaVVCUkJCMjAxNmNaWk1TdVdBOVB1U29BcHZPbWtKeUxDcmYzNTNzZQ?oc=5,,
"Mon, 13 Apr 2026 07:00:00 GMT",nao_identificado,Apac emite alerta de Estado de Atenção para Grande Recife e Zona da Mata - Folha PE,INMET (via Google News),alerta_oficial,https://news.google.com/rss/articles/CBMisAFBVV95cUxNN2gyTWhTcHpTbGNMclhrQ0xzNjUxZzhVM1h0YzJoeS1FaEJOUEdORm03UFU2UTJpcVpQczRoZFF2LWFUTktDclp1elVxc3dnbjl4b2JGcjhNUVpSY1ExZWFhV1JhcXU2ZzgwRzFqNWRMQmhjZi1mMXZoUGJNR0xST0FHczlCS1BnOWVzblA1ZTl5SjBsQ2NJMzRaQloydFE4TFRXSmEycWUzOWxGYW15S9IBtAFBVV95cUxQaTZpT0d5NzFrTlkwSWJFZDdLRHpOSDlLdFIwMURGZkRZdWNDY0ZRUm5vTlVMS1VRUlp4NlBDQVlUcHRrc2pIM0xia2UtYVFZNDlVZmE0aDFDMlhpSExFMkVuSEFGWHg3VTU3aUIwVm9fOW8wc2JWc0dYaVdmTExJQnkyWjBYV1RLZzBtUUJTV2t4UnRxXzFaSTJiYWZLaGNVNEVwZ1lYRWtkWGV4YUhvNXpfbmQ?oc=5,,
"Fri, 24 Jul 2026 07:00:00 GMT",nao_identificado,INMET emite alerta amarelo de acumulado de chuva de até 50 mm com risco leve de alagamentos em Recife e Região até sábado (25) - O TEMPO,INMET (via Google News),alerta_oficial,https://news.google.com/rss/articles/CBMi-gFBVV95cUxNejMtVnNmVzh2YXBDd2xTNnZtRHI2aThLdl9vM1dYeDJTVjZiR2ktRjBhTGoxNmJ5T3VuNnFjb0F5WjZnNUhKcm5fNW5EandhR2NhOW9MZzA4MFEyMkhGaFJzVnVwaHZ0cmZlVkM3dUs2YklteFBWN1djME1nYm9PUEkzNVFmVDdsUzE3b2tkZWJwSV9qQTZmenNsTER4Ty11R20tc3ZFYXFLeVlhYnd5YlFraFhGa05iNk1rUXBURXlvbXlfbjIwVjNTdVlwTVNQWTBJVlpFRllYaU1OVE40UkRqNzMxMXNjcXJqUFFmdkZOMy1OSWp1UUd3?oc=5,,
"Mon, 04 May 2026 07:00:00 GMT",nao_identificado,APAC alerta para risco de chuvas intensas no Recife e em cidades da Zona da Mata - LeiaJá,INMET (via Google News),alerta_oficial,https://news.google.com/rss/articles/CBMiwgFBVV95cUxPRllFMVFWNmkwRmQzeXZzd1MtQ1l4UlgzTlFpbU9adDlrQlNPdF9HRmlvSGpkWTZJT190enNxU25QUnRUNDI5QmhnMWx0LUFhMXcyX1d3RW5yQ0JCckZXdEduTGxoZFFKMmhXVTBLSV9IYnMtRTYzLU1nTmlkLTJzRFhVQmxrUUxSamJTVF8xQ3lPZVMzMHZWLXlFODBoTDRkZUIzVjhRVVJYdkhKRFg1ZDZjZEplMk80Rk80OXA2c1VxUQ?oc=5,,
"Thu, 30 Apr 2026 07:00:00 GMT",nao_identificado,APAC emite alerta de chuvas moderadas a fortes para o Grande Recife e Zona da Mata - Tribuna Online,INMET (via Google News),alerta_oficial,https://news.google.com/rss/articles/CBMi0wFBVV95cUxOeUR6RHF2NkJMaEVnaEg5MU1kcDNnVS1IV2V2UWJUQmp6SEU4TjhpakI0NnkxRjRDLTlvV2V1aUUtY1ZETzV6X1dIY3ZvRU1Xcm85T1loX1A1N2M1aU9YR1g2SDlqS1NqRlRqTlhvc3Zzak85c2hWWndETzhRbmxYN2dnMkVBVS1zV3N5WEkzOG1KTkMzc0d3MmJqa09qbHljeDFoRVlpZTdfc2xmX3V6aHR1T1JWR01DbDJkZ2V6ODhHMWhfSW8zNU01cmF3UzdKTVRJ0gHbAUFVX3lxTE8wd3VfSjc3SlZOYTNRdGJKT3dTN2pqRWd6OHpGaVBfNmUtS1REbmRZdXVSSmduUWdUMnhzRDFGNHZZQ2doYXlNREFScGZTQU9OUnFxbFBlUFFNaC1Lbi1rb1RMTDdrelhkb1dpQnNXMDRWR0Q2TlBMWHRTQ0p3Z2JuanJ6LWFDb0ZLSmg4Y1NGYnVfTHB4UWpfNHg3QUR4bGh5ejRSNlA3clV1WGhGcjJCYW9YRW5DSU5HTk8zZFZORHZXMUpDRXotdVFIQnFXeGo2eTkxbG53Z0NaWQ?oc=5,,
"Tue, 05 May 2026 07:00:00 GMT",nao_identificado,"Chuvas elevam nível do Capibaribe e deixam Recife, Camaragibe e São Lourenço em atenção - Blog do Ricardo Antunes",INMET (via Google News),alerta_oficial,https://news.google.com/rss/articles/CBMitAFBVV95cUxOSFB1OFRMUS1DRW83cXloN2c1Xy1wMTcwS0JFWGRnZUpKZ0x5YU43RkdlSlM4amo2b3NXSGxiR2lpZlhTYVJoY0tONjVpUFNFeWUyUGlxX3AxSXZqQkRGN3h0YS1mX3diVW8yTndmRlJyWVBtMUhHSFRRM0dtTFp3V2VlTGxzZEpQUkdRNEFKeXM3N1dXMVhNN3RpaHFvb3NiNHpaY3pOQnE2ZmRYd3Y2WUFRQUk?oc=5,,
"Sat, 02 May 2026 07:00:00 GMT",Coqueiral,"Após fortes chuvas em Pernambuco, ao menos 14 voos são desviados do Aeroporto do Recife - Jamildo",INMET (via Google News),alerta_oficial,https://news.google.com/rss/articles/CBMiuwFBVV95cUxNVHdyOEx5bHJZNFBXQVZkdnE4d2lza3pDQ00xZW1aT1hSR2VTSlF4MF9HemxYQ1hibXRIbEhPMzlPWGp2ZWhQTExmem40VkdMRmEyZmxlc05aa2hfZTNTaU1DX204RG1HdTlteEtJWEM1bG5vMHZ0OHR4NHZoM0I5RWd4Q0hjU1owSVQwcExzUFhnQU5OZ24wbnU4U0s2cVdtUmhlU3BJdDIxWVFhNTAyNDR2N2U2MDRJSVRB0gHAAUFVX3lxTE5oUlNkN21qOFRESXI5cGk2elM3d2drdXBRNy1YS1VOZV8wTk1qUWJ4Mm9sZ29oOGUyLXMtR0hqMnAwc1RSejdESEpEbnpzejRvU01OODRnQUNhTG9GdTNtOHVPVTVvOXdTZ3Fndlc3TWJscmVzLXJBcVd5VTRWTzFVQndmSUJnbWlYaFdueG9ITHkzUWVsZjhlcWNIZWRwVFJyY3A5R1NUQXoxcU9kNDE1Tlh1aFl5VWhiZnBYRS1WOA?oc=5,,
"Mon, 04 May 2026 07:00:00 GMT",nao_identificado,INMET emite alerta amarelo de chuvas intensas com risco de corte de energia em Recife e Região até quinta-feira (7) - O TEMPO,INMET (via Google News),alerta_oficial,https://news.google.com/rss/articles/CBMi6gFBVV95cUxQUFZ0U1Z4RDZ1NUswSmQxamY4Q3F1RUwwdnlVTWhtalc1UTNfQlh5NTAtSmh3M1hKWERyS2dhVndEV1NVWE92WE1nYU9JNXAxOHpSXzlVaG9OUlc4TTJUcVNQNTZYWm05ZzVneDBRUG4wMEFrRENIVGtTb01lbVpleUVVMGVFSlUtR1VXdWdtQXltOHlLM0p1T0loN2J2NjAyaW5EWHc2NHNkXzRnODV2ZXRGOVM3cTVsVTE3TDhreU0tZklYWjRreEJQZVJFRlR1WVUwbk9mSHQ0MXBuWmV5UXdNZHE3MHVoblE?oc=5,,
"Mon, 04 May 2026 07:00:00 GMT",nao_identificado,APAC emite alerta para chuvas moderadas a fortes no Grande Recife e Zona da Mata - Jornalismo - Sistema Opinião - TV Guararapes,INMET (via Google News),alerta_oficial,https://news.google.com/rss/articles/CBMiwAFBVV95cUxOM3JDVUlHSzJTb0ZOWERtOXZrVjFTV2tQMlZiLU9CNDZwT1R5TFBuRFhHZ2EySGpyWFhKdHFmdG1aSkdzZy1QTVlZU1ZEODNxSGJHUF95aHJLWU5LdG5mclJuSDhDQTNZd3lvdHU3aUw2TVlPQVJVMFlBSFFqZExJN0JvR0tiY1R0Znh0VGttemdtR1NOVTUya2tlcF9ZSEg0bl8xRnZocDZmeWhwZnk1Y2syMnp0R0NGbllRNmpLbXA?oc=5,,
"Tue, 25 Aug 2026 07:00:00 GMT",nao_identificado,Sertão de Pernambuco entra em alerta de perigo potencial para baixa umidade do ar - G1,Defesa Civil (via Google News),alerta_oficial,https://news.google.com/rss/articles/CBMi4AFBVV95cUxOTi1xZUtadjRFc3h2WFJTdFdEclRPQUp2NUFGQlpQZDdrUEFsMFNpMGl1ZmY2T1MxbXFrclZIcDk4d0poUGFITzNfdk9SOHlnSGxUc291V3VqV1VZamZjcjNjV0FBeExWNFFHQjk1NjVFVEFDQ0laWjJwV1Y0TndQQzhlcjV5bklmTXYxWU9hNmpsb0h3UFpvaURqdUktYTU4RFIxMjJjSFFNM0g3aTVqaW9JTzRrZkkzUGlIVmdHSzk0SmhiSFNudnVMSnhNcE5SSllUNGk5T211c0tWVm4xcdIB7wFBVV95cUxQU1lYQk0zY0JubHEtUTV6Q1JtOEJWbGNZTmw0TVpyOWxpS21adnZxN195VTVzaXpRaGpHZU5xMkhtVGIzY2ZVeUF2UWRldlJwaXBfRFRMdkpuSkxzZ3RnY2lLX1RGT0YxMnRoV2xUa2U0UG9Wc0poX0V3OWVWaUItUHZLQXItemQ0WGhXSENpamM2b3VNb0pRQXdIR09mSGpCSlZtd2JNeFZZY1ZQU0ZwRUdCNzM3bW82MDB4d0d5Tmh3c1Jrcnc3Mm8yUGwtUTlUdENXX1VLR0xabUJMNTRBUl80WXJfeEtNNHdRY3laZw?oc=5,,
"Sat, 22 Aug 2026 07:00:00 GMT",Afogados,Alerta severo da Defesa Civil de Pernambuco chega à centenas de celulares em Afogados da Ingazeira e região - PE Notícias,Defesa Civil (via Google News),alerta_oficial,https://news.google.com/rss/articles/CBMi1gFBVV95cUxNSW9Fb1NmRDlyU29uc3BKaGRYNFYtaTlUUUU3dGt1ZjZkSFlxdlN3NlV1eW5wOGwzT0U1ODFYemVCMFhRUGlXaWc5ajNhWklOYzRhSjVEZ2tjWm55bFZPRTFSdUNsUV9NOENqQ2F6SFRsWklvU2RNT1A2aG14QjFGamxZS2tIdTNGSkNoei1DQWJkOXBZZXRaNVBLY3FmeGtSMU9nSENBeHpNaE1zUWp2WmdHTjFidnJpMlZkclZPRktYeDlkUVVINGU1QVl4WEp4d3RpQl9R?oc=5,,
"Mon, 03 Aug 2026 07:00:00 GMT",nao_identificado,Defesa Civil de Petrolina (PE) alerta população para baixa umidade do ar nesta segunda-feira - Edenevaldo Alves,Defesa Civil (via Google News),alerta_oficial,https://news.google.com/rss/articles/CBMivwFBVV95cUxNbkJxYndLTjFEanYtRTQtbE5mWFI3MFVyb3gyOElhd1V5dWxwcC12aTlDVGtJT3pJRHR3bU4wQTh1b0pXaG9BWjFrOWNqbTJ3ZFl1TDU2ZjVaME5qZFpydllQOEE3VlFKUzB0VzV0V1NFbWJxUFV3SV9TRUlDMmxCaUtXT045Uy14WTRhdldyV3pkTlNIZENiY01HanV6YUx1eFB6eGJHMVBnWXUyTTFfSjcyMWZVM3BOT1kzLWEtMA?oc=5,,
"Tue, 05 May 2026 07:00:00 GMT",nao_identificado,Chuvas em Pernambuco: APAC retoma alerta laranja; veja recomendações da Defesa Civil - Jamildo,Defesa Civil (via Google News),alerta_oficial,https://news.google.com/rss/articles/CBMitgFBVV95cUxPLTZzamN1US1qN19pTV91WTUwcVFpekluTmtZOF9NVlA4bFMtcnVsRVNvZzdSUWNmcnFDUVJHTEZsNll6RDNfX1BLZTZIYzZxWVRmOUlOcFBFOVRQSXdWeExaUGMzNGUtSnBOZnFmSkFudktxcGthdkFlUk5FZ25JZUFLS194WHBIMTlnLTIxd2l6bmVYcGdQMUxfMjdoeGVTXy1kSUNOZHpBU0FUQ05GZ2hSTHJJd9IBuwFBVV95cUxQdkVGZThTWTdnZU5XcF9fdFVRQ2VOcnpIMjhFQkhZcDQyS3RrSjdXSFpoOWp2b1k1VFBDQVJpaVpnZG8tQS1Ea2NYcVA2LXZHWXR5UlZzUzBQWF9uWm1zYUkyM0g3MFZCemIxMm10Wnk5MjFzQW91VnVITlk3ME92djlmWHRuVkZEZmhBbFJEdDIxSG1QbUR5N2h1dk0yYnNNblNGZk42RXI3cGRfRE1ZODFJcUphcnFNUGNz?oc=5,,
"Sat, 20 Jun 2026 07:00:00 GMT",Campo Grande,Falso alerta da Defesa Civil atingiu ao menos 30 milhões em 8 estados - Diario de Pernambuco,Defesa Civil (via Google News),alerta_oficial,https://news.google.com/rss/articles/CBMi0gFBVV95cUxOa2RYME9jRG9CLWF1bVh0Y2lReDE4R0xtUlVJSkJqaW1fSFNKdGdQbmg3RXFROE1IeU9aRWVHVk1aRS00ZzVvTlUxMW90SDh1OGhkRXJoRWFiWTRUbWxZcXRDTGRJU2t1ekg1UUJTNHJ4cUlLbGctVDcwQ1dtcGEwN3RkaTMyMUNLcF96bGc5Uy1QS1lhb1d5VGd5blIxWGRxUWotQTZzV2tGZFpRVEdWVmgyWDc5QlcwYmt2T1JRY3pZbFE5ZjVhRGZPNnVBVVp5TEE?oc=5,,
"Sat, 02 May 2026 07:00:00 GMT",nao_identificado,Chuvas em PE deixam mortos e colocam sete municípios em alerta; Defesa Civil é acionada - Exame,Defesa Civil (via Google News),alerta_oficial,https://news.google.com/rss/articles/CBMisgFBVV95cUxPSVdZVjM3d0Jadk5OT1NLZ295Q0p2SFRicHB0WkVIdnZtWGctTHZiRjlwWkFPWjVRa0VjcHlKSjl2THBRQlVJOGp1VV9kLVJxRUFXOUx2c00yTThQMEh3UnFKMDB0N3czV2dPTWZCRHdtOXRUbzhlY1RtRDlTRy1GRnp0QUN2M2txZWkyeEJDUS1waW1oSTRsY2xsS3RjSU5pYnlRdkJCOVdMYnJlRHFkcm13?oc=5,,
"Fri, 07 Aug 2026 07:00:00 GMT",nao_identificado,Defesa Civil dispara novo alerta de celular por risco de chuva e ventos fortes no Rio de Janeiro - Folha PE,Defesa Civil (via Google News),alerta_oficial,https://news.google.com/rss/articles/CBMirAFBVV95cUxQOHRfMk1XVHcyRE0yU1FENVU1RWJBRWxiZnpycm82UGdSb28wOEtyYzNZUDRaa21XdHdPc1Q5UTNvRTB0Sk1ESlpxcEtVU21SZUpZVC1QS2F1dE9HbUtEamFQZ1dscWhlSDl0UTFhNG9ob3YtZHdQRU51azc4bjU0a2QyZDZlN1FxSkdCWnNtMHNiMmpidk9sSlJtOE5hRWZ3b0RBQWpXVUwtS0F60gGwAUFVX3lxTE5MemctRjRQOFFwb2l2RFV3QkU1VDVPbGFVSEw4dm12YUJjSHlMbmxFcDdCOGdWSFBqVUl4MFZvOVpKdDdubFFaYV81VHRPRDEtZHcyM0toN2NlN3c2LU9ObFF0YVVkMWJhS3FRZWlVS2hXaXBlMzRXY28wVTJ0RGlaV09COWdabGhvc04yci1BSlNkYzJnZDNodERoelI1cmNnRmdGeHZabUg4bHdkR1Uy?oc=5,,
"Fri, 01 May 2026 07:00:00 GMT",nao_identificado,Defesa Civil de Olinda emite alerta para deslizamentos e prefeitura abre ponto de acolhimento - Terra,Defesa Civil (via Google News),alerta_oficial,https://news.google.com/rss/articles/CBMimwJBVV95cUxNcHNtQUprMTJNa2dIbzZCdmdHdFZSWE5kUVlsZzh1aXZLdE4yTl9TOGpzQ01YOFFOUXZzZ2FGVktiemtqRnI3U2VhdkpCOUo0dU1iNE5TblRNeWE3WEVVN1hkOWFFNDZHOU12UFN1UHM3Qmc5STR2UVZ5WmtaZVdEYWc0S1BvZEIyOFdYb185X3Y4OU1zQXBwcF9VWjlJdWtXN3V3UUJMM0tNMkxkMFBESjRLbFR3YU5VZm12bVR3UG5UT281NjM0RkRiRXI1REFsR2N2Mzg5ckJaU2t5WkVYTWhkazA2VXBua3ZvYVFMbHZIV0dMVWc2aGtRVElCMTA5QV9pRFRSNElnbzl0eXYxQkNIZmtTLWJ2ZndN?oc=5,,
"Fri, 01 May 2026 07:00:00 GMT",Santana,Defesa Civil emite alerta severo de deslizamentos em Jaboatão e orienta moradores - Folha PE,Defesa Civil (via Google News),alerta_oficial,https://news.google.com/rss/articles/CBMiqwFBVV95cUxNOXBTOGJLRFM1UDB3a2E2SU9hVVIwLW1aNWJ6MGx1TDNZZHZhWkw2WnZnWGpLZ19IN3hQMW1mTWwyX1Z0cHVqMmlLcGw2QkJCdWVXLVV6aVdEdjk2MkpBM2JzeFp1UGp2RTdSWFJpanZjcEZvbHlpV1NQd0xpNWZib0pTTnVZSTVFZnhBS05vdFhSUm1ucWc1ZFhTZk9TM0xoampmYzFkM0V6V2PSAa8BQVVfeXFMTXI0enYtUjdKOUt4cnZHVGVhd1hqcHJTS1RXQ0VsZ3NSZTEtSU5qSTA0WG0xTlB5aG5kX1ljMGRUUzhfbUVRWmxQOGtXVmxtVTJVY04zbWNHRlVxU2JrWUcxYnRCQ1Z0NUZtQTAwNVFteUxXV2dUd3dIU19nbHZmZllPWHVnY1o0U21hMi0wN3IyanhZQ3V0WU1oQjV1SG1WRDBsM0s0c1BoaVdPck9oQQ?oc=5,,
"Tue, 04 Aug 2026 07:00:00 GMT",nao_identificado,Como funciona o alerta da Defesa Civil que aparece no celular? - Olhar Digital,Defesa Civil (via Google News),alerta_oficial,https://news.google.com/rss/articles/CBMiugFBVV95cUxQVXpmQ3IwZktFU3l5LTZGRkJ4WjdPWm9ZeHJLVXk3XzdBVHQxcGVSaXdUM3FBTVozdlFtb3o4bjVqaHNocElPZi1mdy1qQVNEWTRtV3pNQmt3Q0llMGFhM25BU2dyNUp0ZGViVE56YjMyam9ueEx3R0I5aEZRdlVJdVRaTEh1MFdTNUpJRmN6Wnhvb3RuY3pxcXl0WnJDaUhGZl9KcThfWXpsdDZrMnZMRWFNczFZdWZxMkE?oc=5,,
"Sat, 02 May 2026 07:00:00 GMT",Santo Antônio,Defesa Civil Estadual emite alerta de atenção para chuvas e elevação de rios que cortam AL e PE - G1,Defesa Civil (via Google News),alerta_oficial,https://news.google.com/rss/articles/CBMi-AFBVV95cUxQb19oZksxbjRYUWp5VFhQdkF0X3FZaXBuNUZsOEpqM0hyQjlaVHVkM0ppSlFYejFxTGNXUng3MmVoQUV1anYwRjV1TlJNYk8wUzY4S0Mzb29kQmJSejJmcmNCemJvSWNpbklhSGtKU1dSWTlhcFg1MlFRM0ZYM0ZRWnJKVTU2ZFJLZzF1ZHZpNmxMbmtXSUg5X1BmZC1Uamw0Qy1xT3BITHdzZXRNdlhDQlVPZlN1ekFpanNSR1l3UFc5eFh5ZktSQ1c4T1ZHWW9YYUFNSWxIZUlVU1IyM1pNMElwem1Tdmt5REQtLUszdjA3UDlZbHRuX9IBhwJBVV95cUxQVThJLXhlcE0tbEdqRDBOWTZDUmJkNFp6Xy1NODRSaHllamczeTUxSHUzVnFFRDA3b3RsUXBVcURqc0wxOUdnLWhPVFVCbjVGRkw4QXZ0Yjc2NWpqZTl3REdGQl9Cbl9Bd2t4RXNNS05MM3NnTzd1QktCcUFDZERCQkwwU1N6SGxTYW1aSkZDWjY0d05scmFmeFl1U2wxUlkxYXAtNm82U3I4MDh2SGdiWkoxek5vZjB4bEk1QzhyaHg0Ym9tRHQxT2gtUHhiNDBDUGZCS0w4VGtXdGVFQzYyWHlWTThjMzBZdlJnMHIxc2hWVHN1cF81RklqQ1hZbktoUlRJRzVmbw?oc=5,,
"Thu, 07 May 2026 07:00:00 GMT",nao_identificado,Apac emite alerta de chuvas intensas em Pernambuco para o fim de semana do Dia das Mães - Terra,Defesa Civil (via Google News),alerta_oficial,https://news.google.com/rss/articles/CBMikwJBVV95cUxNS0NoZWl6T1JkbTB2MUFVb3Y4ekdPRGV0b00xYTlrMHhpM2tRVFRiMWxmenNDbmgtdEtQMUM4cEV5QXNXNkRBejJyNk1IX0NsbzFxdDdhUHRpWE5Jc2UzSVVfamVPSGEtRmo3T1B2ODZNQ3QtNk9KLU9PS0dNQkhySnFnRE5DcU5hVkZQQy1hSmN4ZlMxMGhIdmRja3pEdTB0MjR4czBYYnJGSVdBSHhUOUx5U2thMXVUX0FXSnFoOFEzVWZSN00wZG03dTRHS2o3RVNOTXJIdERHbnlocFlKMVVzZUptaUFhYTE0Xy1wRjFMMk1aa19SMnRQN0VYNmxrNVgxanUxWHZjOHNsbXNuZkpIWQ?oc=5,,
"Thu, 16 Jul 2026 07:00:00 GMT",Guabiraba,Inmet emite alerta de chuvas para Caruaru e mais 28 cidades do Agreste e Mata Sul - Francês News,Defesa Civil (via Google News),alerta_oficial,https://news.google.com/rss/articles/CBMiygFBVV95cUxPa3BNMHZSMVBKX2Yzc3E3UkcxcUVHVVZCUWxqdENDOXRYZWt2NXl6RENVLUduOS1yS3JkWHdzR18xVGVMMUFPS1ZpZ05fWWFvSHQ5TlJOS2hLc0lqYWQ0ZFd5bjBMQ3NYdUlzbEVkeDFILVJnYy1NZDlVUDk0MGZnTWpRYW9DblU0eVFKOVNJRGFWZlBXYUliRFdUSEVPaHhyb0NxX0kxdzRrQ1JLajNqRzZydEFiS1NhZXVIb25iS1lZeWRLcXBzRmFn?oc=5,,
"Sat, 20 Jun 2026 07:00:00 GMT",nao_identificado,Celular tocou alto de madrugada? Entenda como funciona o alerta da Defesa Civil - Folha PE,Defesa Civil (via Google News),alerta_oficial,https://news.google.com/rss/articles/CBMirgFBVV95cUxNb1VMNnc5VTY4T1VFU2dtZ2MxSGVZeVlsRUVpZmJpMGY5WUR2NGFpWUttOEtPS0YzR0JiRkk4dEdDU3VnWWx4ZVVfeVNHckhDZUdJMWF4ZldLRlN3cGdaQ1BfcGZSSGZHU2d6Q1pDZ2doQ0JVa0ZsemowQThWVnlVSVJhRzYtVGtJdFhJd2tWdzRhTmNjTDgzd1VpSUZfWjUwX0FQOWJ2LWVaY3o5VFHSAbIBQVVfeXFMTmFZcDZUalFmN0tHWFFxVlFsZWNGUFhKOXRzWGF6ZXVWRlFQMnI1LUt6Z1hwLVJFNHh3X1lHUDhIMENGS0pQY0dCNTlFT2NndVhIS3BHS244dl9XVm95VlZOT0JJUlVScHN2cG1MdkhRTVh0Q3dvM3VzNU12cG90VmlfcWtxUmgxOTRBcXBpZ2U4Um50al8yTDRLWmF5NFFRU1dqRzNVYjU1MXVHQVFaNWkyQQ?oc=5,,
"Thu, 07 May 2026 07:00:00 GMT",nao_identificado,Giro Metropolitano: Secretário executivo da Defesa Civil detalha proposta do novo fundo para prevenção de desastres em Pernambuco - jc.uol.com.br,Defesa Civil (via Google News),alerta_oficial,https://news.google.com/rss/articles/CBMilwJBVV95cUxQWVJNRVpuTjQ4ZTFQMWl4MFdYUnY2Y2NDNzF6SUZHNm10bU1IVVR3QVRHVzFBbzZSbDdWUWZtY0lTQ3lhcFhLMTkzYmFneWVHaEJKekN3dnBQSFNkdzVnczFZbDE4aW1feW9wcWVMb1ducHRNNUVxVE5Yem5wWFVMX0ZVOXJzOTNGMGFvQjFueFNSaGRSMlR6VWVQYTlfRktHVTBCdXl4ZW5YR2FLTXhySFZmbEIyZXpzUlhuelhsUU4wTE1ENnVWamVNWjE3SGJzZHpSWVFveHpoaEZ2V21CeUpXTVZPQTJGOTBxVXBGSnV1dFVtQXZXLUtnMW5yYUVaU295WHpWSTBqTHUzMW5ETFNOZzhUMUk?oc=5,,
"Sat, 20 Jun 2026 07:00:00 GMT",nao_identificado,PF vai investigar alerta falso da Defesa Civil após invasão hacker - Diario de Pernambuco,Defesa Civil (via Google News),alerta_oficial,https://news.google.com/rss/articles/CBMizgFBVV95cUxPa3ptVzhZazI3b3lWRWRTTnBCY25tZFJ1aVlKT3pKU3gtcHJIVDAyaXVMM2FoVDJjS3ZiUGlZMVJLV0lZM3hhOEQ3Qk0wM0VoUERmQXhHdFJ1em10b0ktRWh3SnFqVHdmN29ZSlpHd1l2SDlJSERGRUJORF9tUHBETk9CVW9mdEtuZTB4SHJtNFZ3TXFNSXI1VlM0eWluUk9hbEpyU0xWNjNvZnpPWGxfN1FEblB5NkpROFU1LU40WUlSd210dVhCa1BJeFdnQQ?oc=5,,
"Sun, 28 Jun 2026 07:00:00 GMT",nao_identificado,Cidades da Mata Norte atingidas pelas chuvas recebem equipes do Grupo de Apoio a Desastres - Diario de Pernambuco,Defesa Civil (via Google News),alerta_oficial,https://news.google.com/rss/articles/CBMi9AFBVV95cUxPTzJ4UXBEd2RlSEVLWmwzN0NqbFExUHFfRDBjc241ZlZ3cUdIaVBPd1ZpRXpYR29BS3d1bnl2Ql9wN3NXaHlORHRWYU9jeTJFM3cyaXl0WEZpX3IxYUtwWENpUDFNZnNaOVp4NThIZ2JrWjZTZDdzc3ExM2FEblZPSjJVNXpSVXFweXEtWldRLU01OEpmT2QtSHV6Z0VYeXhmR0JieVhLUzFWaXFLZ1Rid2RBc29GVmJEaU1uYllwUllNbFV1alQwT0twWWZnVkRYS3lKTkhxVmZjRW9obkVVbHBlX2ZBX1kzSkNEdDF0TnVEZkI3?oc=5,,
"Mon, 27 Apr 2026 07:00:00 GMT",nao_identificado,APAC emite novo alerta de chuva moderada a forte em Pernambuco - Blog do Ricardo Antunes,Defesa Civil (via Google News),alerta_oficial,https://news.google.com/rss/articles/CBMilAFBVV95cUxNeHlZdVNtS0xRRkZVanNNdUQydlVTWmRyeUQtQkpzdzB6MzU3RnllX0dFUTNXZXhJZmVaWUxiQzFzX1FEbHJEaTczM2s3RUZQZXR1aDFpYU5nelpQRDBPSlRSbzQtV29aS2luaklfWjdZWndoVE1MYTg2dFFXZDdCeUxmZDlzS3NPUW9hMkFpTk4yME5C?oc=5,,
"Fri, 05 Jun 2026 07:00:00 GMT",nao_identificado,Inmet emite alerta de chuvas para 35 cidades do Agreste e Zona da Mata de Pernambuco; veja lista - Francês News,Defesa Civil (via Google News),alerta_oficial,https://news.google.com/rss/articles/CBMi3AFBVV95cUxNQzY1dHpGdUFlWUFZajBJbFFUMEttOTRXLWRmNGRJTGhmdHVOZk5DbEdtaVplVE5nUC1wcVRDOUhJTXNGU0hYeHBydnJXc3hNdm1rcURGYWdYcE03bmkzX2E5ekxhSjZuMWp1aVZFVTdnUmJ3M29aUHFKeElPM25QVlNWVVI4elQ4eUR2Z21VS3ZGWm9aVlo0MGd2N3ptclc2MWp0NUhuYWVRY0tvNDNKcFZjRU5EcW14ODhwZzJVejM5S2xKa3ZUcjNpX2tIRVF2TmxFT3F5UEZ2R3hS?oc=5,,
"Tue, 14 Apr 2026 07:00:00 GMT",nao_identificado,Defesa Civil de Pernambuco promove reunião sobre a Operação Inverno 2026 - Rádio Cultura do Nordeste,Defesa Civil (via Google News),alerta_oficial,https://news.google.com/rss/articles/CBMisAFBVV95cUxObXR1ZUZRaGxJamVKMTBydXFJd1hRbGJ2Z2hjWmQyM044dC1mRnM5TXFQZGVNM0RUZllkTEh1TlRSVHd6N3dLdVBjdlBjNHZlRDdISjltYk96ZmhfaGhnTURXMnlSaWxhcmRuWjA5N3BvNUdNbUswZEtDSWg3eWN1MGoxbThYUWVyZFp1bGV5Sk5fOXNZTlJ1OFJfOXNNY0htb3BIUF9KTm15NEp2S0FvXw?oc=5,,
"Sat, 02 May 2026 07:00:00 GMT",nao_identificado,Chuvas deixam mortos e milhares de desalojados em Pernambuco - Canal Rural,Defesa Civil (via Google News),alerta_oficial,https://news.google.com/rss/articles/CBMiogFBVV95cUxNNllKTWlmblNpMTFJV29ZdzFKR1ZQV2ZCZXpWUEo0VFpVaks2b1JkQVpRckE1LXRydDhiWVRFNXQtcTl3UGtwM2FaNkd4LVBQUkpVOWI4RXdJdDJhVGkxUVpWNkRyUFhzam5zNGg0SFhlcXQya1NjT2NQdmlPcjBBRnB1dkhtQ1k4RHg2Uld3WXZjQlhGNy11U2ExcDBOQU5lcHc?oc=5,,
"Fri, 01 May 2026 07:00:00 GMT",Boa Viagem,Rio Capibaribe atinge cota de alerta e deixa cidades do Grande Recife em atenção - cbnrecife.com,Defesa Civil (via Google News),alerta_oficial,https://news.google.com/rss/articles/CBMiugFBVV95cUxQUHJuZzBXanNHaElnLU1rVTBhZjBPdFA1dk5TRzhRSlhYZ2U3dXU5LW5VWUMxT0lTZHVLSDJoRUZXZlBVQ3B0d3ZuRXBxNWVwSTRLeEk1bUZHZkM1VzRlajB3OGVBZGdJeHY4cDRndDZHYTlLRnJCZHdnNlVYQVRuNUhsOUJwaXhpSHNOVko4VXJnV1ZxQUdIdkVJMmxGcjdFNEplc1R2eGpSY0hLMFZwdWZsWF9COVI1NGc?oc=5,,
"Sat, 20 Jun 2026 07:00:00 GMT",nao_identificado,"O que é misantropia? Falso alerta da Defesa Civil foi recebido no DF, PR, RJ e SP - Diario de Pernambuco",Defesa Civil (via Google News),alerta_oficial,https://news.google.com/rss/articles/CBMi2gFBVV95cUxQVWZQT2cyVERCckRGVjJOcjVGTF9jcVhsNjVoZ2sxNHpBdGxCaGpQOEQxdDBzRWFsT19UdzJMcG4zVGRadGducTRDbXFXNmRzbm5pWTFJYTlQWmFzU040U295X1VuSUlCX2dmS2lnbmxXNEUxTEFnLUtKTTdvcG5PYlV1NHpNYTlrd1pndkpHdVZGY04zUFNIY2kxYnRhN2VBS1J0QkhMU0s4LUNhN1V0WjBJcXRxLXBJT0JhUFc0TXd0cU4xdEhuWkpVV25wXzh5WjdqMkNZVFh4dw?oc=5,,
"Sat, 02 May 2026 07:00:00 GMT",nao_identificado,Defesa Civil Nacional é enviada para Pernambuco e Paraíba após fortes chuvas - tnh1.com.br,Defesa Civil (via Google News),alerta_oficial,https://news.google.com/rss/articles/CBMiswFBVV95cUxNbERLWU1ZT1NUZTlhM2NHRnpZcUxReWRnVXNYLTlRSzZYWjd3X0FQQkhUQzA3bHNsZmhnYURxLWxaWTV0X1JiNFZ2djZzTTZ6ZUlVMHNRS0ZaNUtWY21Pa3ZhYzBWYTVvWjlJOHRFLV9LRWdtU1JiYVZIMFhSWFlYdUZlVkk3X3dmUXpUSlRscDFUaWdTdkxOLTByb0dVel9rdmEzMjZxaTVJaE1xN2dMQlNDSdIBrgFBVV95cUxQZVAxa1k1STFTbWI5TGR3XzJTWEtsaFBKbzQ2cXZyUzRlTUVzeU15TTFHMEQ1Q1B3WFQxNE13cGtBaWlRV283UlQ3dkpUTWd5Zi1Qdlg0OTJKeUo5RGVxLW5FMzZMWm9hM18yWlJ2NUdULTA1SEJKUDFFUmJ1STVMV05NczEyVXI5Tm9ybWhQRThFMzdEQ3hMNHdmNVBvUkFxSW9peVVWc3VEWjBKSWc?oc=5,,
"Mon, 11 May 2026 07:00:00 GMT",nao_identificado,"Apac emite alerta de chuvas ""pontualmente fortes"" para Grande Recife, Zona da Mata e Agreste - Diario de Pernambuco",Defesa Civil (via Google News),alerta_oficial,https://news.google.com/rss/articles/CBMi8wFBVV95cUxPYWNQZjZXRl8wdE5IV2p1Nlk0S09rNjVDRFVJd0FtV2N2X2tjQU9XcmxzNElKTE9IOENZNFpTYjFCNnZYdldLaUdycmZkQ3BMMURFa20tYUVpNHFiTFBHS0RYMEF3MFA4TVRKRjNtMVBsdXZVcXJsY0ZHYXJDU05jZjdwLXNHVTFjTkpNRV9zU3BJVWgxODBHVlhrNzMzTlhpVlVWc0tzN3Q3V1BRUWVvTHR0UXZpaVlfSDk5Y3hIQ1BQZm9KelN5UHpNNE5xUkx2aFVTOUZSVURtWExPNU9lZkh2TjBSSHBpQlYyTjNhUXMyc2c?oc=5,,
"Wed, 15 Apr 2026 07:00:00 GMT",nao_identificado,Pernambuco integra órgãos e usa alertas via celular na Operação Inverno 2026 - jc.uol.com.br,Defesa Civil (via Google News),alerta_oficial,https://news.google.com/rss/articles/CBMiwwFBVV95cUxNR3lLMUxMWlpUWjFrWDFvYUQ3STNJVFE5azRJOFEyeWtldnl3QTd4NXlTT0c5Y1JyNkRhcHUwVDUtZ2xIUTRhaUJhWXJjM1JrWWpGeVJpQ0xOXzdOVW5jVkJjQlZ1MU5fTnNXRE5Dd29qZVN5YlN6UmcwVnZVVk84bHB2ZHVTTlRFQ0RCX1lfYkF4ZDd1T3U2ZXF6czlUN3c2RS1aSU1Qa1lIakVnVUVxYXVJalF2UHN1TDFqTzhDaERCNUE?oc=5,,
"Wed, 01 Apr 2026 07:00:00 GMT",nao_identificado,Apac emite alerta laranja de chuvas intensas para todas as regiões de Pernambuco nesta quarta (1°) - Folha PE,Defesa Civil (via Google News),alerta_oficial,https://news.google.com/rss/articles/CBMiswFBVV95cUxPVXpjR0NmcDB2U1pERlVTMWJ5MkV4TmtqVUYtanJId3FLVHJqT3AtOTBWVi1vVzlqNFROVkxwN05pUFhWQXBEUDlkUlRoZDdfOV9MYTBEVFg2dHk2SkFmSjREcXJybFBLaC1COWR2TzlONVlqS1JhRlFDR3hacndHbk5fZlBYbGhTdGpEekZYVkZ4TXZ5QU42TjhqMnlRNlZqVWw3dm4wRUVfckFLbU5hUklyNNIBtwFBVV95cUxPeWd5bTUzSHotNS1Cd19iaEhyX3FmVUpxYi1DOEJnODFqOW9ickxPaC14UURLQ3BYNmprTnAzZUlSeExMbWRaQXpWbFk5TGhpTm1BSEV3MUQzbm44T25ZczJnUjFURm1ObW9SNGxBNGc0SVo2UlQyMzBqQnZ1X2pFM3NTY2U2QWF0b2xTczRBVUNUOFd0YjlIU1ZiMGplR0YtUllfOGRWTExkX1hCMXhUbHZZNGdGTTg?oc=5,,
"Fri, 06 Feb 2026 08:00:00 GMT",nao_identificado,Apac emite alerta de chuvas para todas as regiões de Pernambuco; aviso vale até sábado (7) - Folha PE,Defesa Civil (via Google News),alerta_oficial,https://news.google.com/rss/articles/CBMiqwFBVV95cUxNZnF3YkM5SzZVSDVwSXk0aG0yZVM4MDJZT0dmUm12azVvQm5wQ1FlME5SdjJZOExjMmQyOTVPTENfNzJzRHZDRk8tWjZmSUswTHMzLTZSand3am1jNXB0STAzalRVTVhTbk9ja05VdUIyeXBvSWhWTVFfckw0aDJ3VjIyNmpQSWtTdmliMHVSS2UzMjRBVkNLMThfZ1BzQk9wMy1JeXowNXNCR0nSAa8BQVVfeXFMTV82M0piNTV6WW01WDZvRG54Rkpkd2FsRXh0SjV6YktDMlpRNWdMeDl0UXM2QVhidDZfQ0tmY1FSMXNEUUFKRWFHV1hYeW1hdmFidWVLSS02QmpRRUJzR2UtRTNyYmlNa21xOXB4ZkdPRDdjUm5NUlRvRlhLbW92cGxFcV9XU1ZCYVI5bUZVbzhJNmVUYjZqX204OXJxMlM5X2VDMnBrbFpFc3JONW1Edw?oc=5,,
"Mon, 06 Apr 2026 07:00:00 GMT",nao_identificado,"Pernambuco: em alerta laranja nesta segunda (6), veja onde mais choveu nas últimas 24h - Folha PE",Defesa Civil (via Google News),alerta_oficial,https://news.google.com/rss/articles/CBMirwFBVV95cUxNQTRxRWZPQzNmWFVhSW9tYVNEU1dkejBCNkRqc1BCQlBtM2hMcXN1ZGZuMXZYVzd3bXI4STBXV210ak5pQlFuMTFXX2xieENLMkdjY1djbmtOZ1RmRHY5ZktCVTM3YUVZSmt3N2pOaW10YTNELUtPbTJ3b0tmNTdwdTF5MlEzQzJCVWZSQlp2VjFXZ3hSYTJ6SmZOcGJpdlBQb0VnWjRfeERQMUExMDhV0gGzAUFVX3lxTE5mMG9xNmVIZ2d4ZFNVMjVwc0FDMnVCaXBHMUJXTThocHcycmV2UVVRSHlkb1ZkWGdmM2liLVkxbDdGTUhSZlAtVnFyVFVCa3dwYmFWM3RyUWF6YUplQkJQVHRkZVJoUHQwTjJhSlNPcUt6d1pIcmVpU2FFZ3ZjaVZ5MGZqQXMtM1A0U1NPNHhNbmJPTUVCcWlnN0xkV00tZUdESUcySHQxOWQ1WDJmb3NySkNz?oc=5,,
"Fri, 27 Feb 2026 08:00:00 GMT",nao_identificado,Defesa Civil realiza sobrevoo e vistorias em cidades do Agreste após chuvas - Diario de Pernambuco,Defesa Civil (via Google News),alerta_oficial,https://news.google.com/rss/articles/CBMi4AFBVV95cUxPV25QUUx2eEFFYVVpQ2x4M1ZjVWp6S0t3SGFqTkhPaVg4aUdBb3o2eE1vVnVVdjhFS2NtZXZWbVZQS1JrZTB2TXFUaVZxSmFoVzYtTmlwOHJIRFI3UkhMMWRBdEZvdGZsbngtb2pKdUFyMHZvTEZvb1N2NExBZEdXLWRHS3BZRE1sRDBGWUFnaG5aQks0RzdEcUpOSW1SdXdPam5OR09nOVliT1JiVDJ5U0xUMXJEdGtjbU9XZXFkYUhrZDg0RzNOWmtPYUEtTEs0QVBfOUdxcS1GQVhzWDRiMw?oc=5,,
"Fri, 13 Jun 2025 07:00:00 GMT",nao_identificado,"Pernambuco recebe teste do ""Defesa Civil Alerta"" neste sábado (14) - Diario de Pernambuco",Defesa Civil (via Google News),alerta_oficial,https://news.google.com/rss/articles/CBMizgFBVV95cUxQYUV0VFB2Y0gxU19yRTR4RVBfU0R6YmhhT1N0bWpzMnJnV3BMVkVGZXhHWFJlTmR2QmdrZnVrY0JzMkE0eFpEdHo4TEFHMU1ra1Nxcmg0TGl2Q3J6WVNqTXJvZVRrTG1yREkwOHlKVFdLN2xsRjdwWWhaY1Q3cDUtdnNOVWQ1S1dmMWd6UTh2WW85anFkYU9xX0FjTU0tQm5idjIxbGRkTEFERURjMlZGSS1xSlZSSW1KRHVGWWctcC1IeW5teWx4Q0lTY3h2QQ?oc=5,,
"Thu, 26 Feb 2026 08:00:00 GMT",nao_identificado,Defesa Civil de Pernambuco reforça envio de alertas para prevenir riscos e proteger a população - Cidades na Net,Defesa Civil (via Google News),alerta_oficial,https://news.google.com/rss/articles/CBMi5AFBVV95cUxPZEtZR0tScXg3M2dKZkI5bjB6V3pRaFQ5WTlrMkRnRndNLXlSTmIzLTBGd0haaHVsYTN3blR0NHgwbFp4S3J4bDB4b2pVVkJ2T2tGak41QjhoSkJVdEFFRTJPUGhoMmVSRkwwVGhxbHV1NjNFeDZnZzBEM1dZSFo3LUlCRW5Tallpc3FlN0ZOajFvUnlFVnk1M3QyUVJkX3B2ZURiN09PbTFGQ0F6SjBXNmw2RVp0dWVHWkFxdWV5c0Y0LTVKVlBqdl9hWEJSMmwwRHVTMVdzTXB6V2g0RmNlU01jazc?oc=5,,
"Fri, 06 Jun 2025 07:00:00 GMT",nao_identificado,"Novo sistema da Defesa Civil envia alertas sonoros para celulares do Recife, Jaboatão, Ipojuca e Caruaru - G1",Defesa Civil (via Google News),alerta_oficial,https://news.google.com/rss/articles/CBMi9AFBVV95cUxOQkZjTGRYSFdLUjRINGJ0S0FTLTJVTHRNQzB2OFZkLVhCb3BwVlJ3UU1IZFJQTHlXdUhBM0FKc2Q5R2QzWS1BZm40aVFnNFlsRnhsUTdPTzR6b09iV0NKQ19oZGtZejQ2YW93ZEVNSnQwNEFnMUlFa3ZXcVh6TmQtZHpweFVDbkJQdDI4TFYwVWtDVU1kZzNaeWVKVVdyVjJWTExRalA4S2RoY05FdXBxNEoySHVZX3lXWFRFS01CdVVZc1JvOU9yLTA0YV92OEw5QVFUS3RrRklGVjgySV82ZVZ1SEg5aGg1eGxsdm5odlBxMUJN0gGDAkFVX3lxTE5sU1pUTTk2SHZQZTBySGJ0WUtxLWpJbm84NlVwYUI1M0ZiZFVmUzViSFZjYXZ0bXNBa1BlWllUWkhXWjQ4M2ctTjRnQm9oSHZuRWlZRmdqdVd1Nmc1Rzc3X2xsTUxLS3U2VzZPZEZ4WUdMYkpGREdaUUFoLTQ3RGkyQUFkakVLamFwX01SaDA3M1lYVV9seldkajF4TkxxajducWNKT21iVTNFMTZPXzV4Tkh5M3ZPQ29HVjJBQjZwMm80YWp1S0ZheFdqVllwSXBuTGlHSF94MFFSUWU0YXExSV9rTzZvUkZ1YXVOMXhNM1VlUUZEWnJkT2ctRzRTdk9PdVk?oc=5,,
"Wed, 01 Apr 2026 07:00:00 GMT",nao_identificado,Quarta começa com chuva e trovões no Grande Recife; Apac faz alerta - Diario de Pernambuco,Defesa Civil (via Google News),alerta_oficial,https://news.google.com/rss/articles/CBMi1AFBVV95cUxPcXUwcEdyY2lrYWszVmdITlRZdDRPRF9oS2RJc0JzQ1lfQ3FlMURnYlJnd3NUcktXVzJtQXVZd3hIYkZJRDh3V3JGS3FzcmpqXzF4RHRWVk1FSWN4ejQ5SGdhNUZFd0YwcnhBazJXTGJ4bGxjLVhFRHRUQTc0Rmx3MWEzTUhqQVRYc1JQVmdmaDBFYjRWNnA4R056TzdSSGxKVTRndUY4RFZkVjV6cHVGNm9fWUszM2VnQzBQSFJVbUZlVEp4LUpsbk5oSTVCNVVHR2RVRA?oc=5,,
"Fri, 27 Feb 2026 08:00:00 GMT",Ipsep,Apac alerta para chuvas de moderadas até fortes no estado; confira as áreas - Diario de Pernambuco,Defesa Civil (via Google News),alerta_oficial,https://news.google.com/rss/articles/CBMi3wFBVV95cUxQcnYtTWNYMS05ZGtlTXZsVi1VYXZFczQ4cURXNFZNamtDTk03OWJFaWNKQXRmYnZmcVlFUmUzNnkwR3NxLUI4MGNsU2hkNHg2eFI1bDFmR1hQY2dlYTdyX25sTE9yc0o0VlYtTDZPMFJqdkdaNzRnYnZFU2ozMThKVC03WFozQ25ZWUQyVXRsSzB6MmVHLVprUlpIRXZzN0NIN0RrSXZmVy1NdkZydTlyN3ZvcVdOZVdvOWxLaUtuLTZjbUFhQWJrcS10aFNJOF81M21EWTJTTEV5YWRkNzN3?oc=5,,
"Tue, 10 Jun 2025 07:00:00 GMT",nao_identificado,Moradores de Ipojuca receberão alertas da Defesa Civil no celular - Prefeitura de Ipojuca,Defesa Civil (via Google News),alerta_oficial,https://news.google.com/rss/articles/CBMilwFBVV95cUxQZTM1UDF0TzFJeVozdW9ZSC1iVmYtdzU3LWt4eDF0WVkzOG5jVnZiRzRHYzVUYW1WMzROZHF2SDU4ZU9zcDdHY3ZNZG9YX0R1ZmNvRHRublBwZ1BNdUFxanF5VndFeXRnbWJhR3NzM1lZU29QSS0tMVAxNjh6UUJBZG5xdG9mYnlQUlFHRmwxYkZmWl9KQ0RJ?oc=5,,
"Fri, 06 Jun 2025 07:00:00 GMT",Santo Amaro,Defesa Civil Alerta chega em Pernambuco no dia 14 de junho; veja detalhes - Folha PE,Defesa Civil (via Google News),alerta_oficial,https://news.google.com/rss/articles/CBMiqwFBVV95cUxNTDBfRTZ3LW5BaHlzVGpaV0FheDJPUUZUbmRGd01QeUJnRHFWbzFsUTRYallrSzdzTUY2NjZjN3RzYnNPTVNBZlNXMGZyd1Zhc3BhLU5JNEJ3QTVfMmpXYlowQ2dBM3JaLTVQT0tEYmhvYWdjUXZKalZTU3NrTTdQVU1NS0lMMUwzak1kZ3lId0swck5iclBzamg4cTZld3psdDBpZUpZZVBRZm_SAa8BQVVfeXFMTlNJdXRHZ2gtYU1FaU1QYXkyb0xzU0RWWGFiR3MycF93Q2NkR1VyU2Z4WmtNU1pjRU51cG1HTVg4eUFuSFcxOWd4WWQ4QVhWRVJoMnJLMFhfUWN0RzdvRkxHbnpZSGJRUFVKZGVZRGUzTkRjb0xPWmRKeUFEay1ZODd5NFc5bWt2UDVFa29GUHNOTXpBTUgwOHQ2N2V2aVBJX2s1OGx1S1pCQ29HSkptaw?oc=5,,
"Sun, 05 Apr 2026 07:00:00 GMT",nao_identificado,Apac alerta para chuvas moderadas a fortes em Pernambuco nesta segunda-feira (6) - jc.uol.com.br,Defesa Civil (via Google News),alerta_oficial,https://news.google.com/rss/articles/CBMixgFBVV95cUxOR3hTLTlkQzRXV1VZRVRkV3Y2Szl1dWZNd3lNWndJRmhfYzR3a2tBaEtjUklxTWZLbDZpTnRXUG5kcmVhX0tET3Rpc2VrM0tNWFBRTHBDYzVBRXlMVXI5ZTFFSDFtQkpTR080bjFvakVWckVJXzlwUS1rVU1kS2U4OHdyd3NiX2VvM1MxRTVlT1FLdm9pME82X2Z4N0lxTFNkU2pvV2oxd0M0NlVoS2FidF9CXzZKNzJtZVprNk9fM0JYZjh2S2c?oc=5,,
"Thu, 05 Jun 2025 07:00:00 GMT",nao_identificado,Alerta sonoro de desastres da Defesa Civil será lançado em Pernambuco; estado receberá teste - Folha PE,Defesa Civil (via Google News),alerta_oficial,https://news.google.com/rss/articles/CBMihwFBVV95cUxQMnhqaEpST09JS0Q3bjJmaXNSVVgwN2hmbHZ2SlE5TWttYkxiRWF5YThtVThFY1E4NU9MbzM0TENwbHYtY0Eza3F3MHV6dDBHNm9hTnJvWlV2alhpWVZzeDVXc01hYkFjVWxHNUplaGQyV19EUkE0OEx0ekRnZEtGUmh6MmhVbmvSAYsBQVVfeXFMTUtBazZHSl9fZXV3RWJDVWhudEZfRkZqN2d2VjZyUi1oc1p4S25fNkJCNWpuZHBRQU5VQmJpMzNjZEpRUHlVdjRUMmpwRjJ2MGh0aEJKZmRqNXdtX21CM1N6NWQ2blJYbmc2eVh4dnZ0MF9wVFlnUlQ5SDZVMzV1a1NZanlzY3NOY2ZQQQ?oc=5,,
"Fri, 27 Feb 2026 08:00:00 GMT",nao_identificado,Chuvas causam danos em rodovias e deixam famílias desalojadas no Agreste - Diario de Pernambuco,Defesa Civil (via Google News),alerta_oficial,https://news.google.com/rss/articles/CBMi7wFBVV95cUxQQ3FxZmJSOEthMDlJZC14SG0zMUNET3Rtck0yVzdJLTM1aHBsUzd6SE5fT3hFYk5IZjFIRlNyLWc5X1phY0NHR0tJeUtMT19haXB3YVdsMWpINXNMWW9wcDJlMGhXYjlfUU1vZktPU0J6Nm1iNDc1S3ZoZDlZYkgtY2hWc25zMU9ESDdReTBHWFRSMWtYM2RJVnZjWDFscDRHdDVZdzlZR2tycWMzMkhEaV83TVdqYmRXcTZFdmdJd2ozbzhoYU9nMzVnOV9UTUtHWFFzR2J0T3FTOWFIaldmWlpLVm44WmczLWVJUXltTQ?oc=5,,
"Fri, 04 Apr 2025 07:00:00 GMT",São José,Pernambuco contará com novo sistema de alerta para desastres naturais a partir de maio - Folha PE,Defesa Civil (via Google News),alerta_oficial,https://news.google.com/rss/articles/CBMiswFBVV95cUxNNzhjaktQQmdkUi02X2hxTWplbkxaSnFJTk5Sd0pVNVhRZnh6U3I1WmFFaFdHYXc5SmJZMDcxc1gxeFNWdXQ4NVV6T2NrdUN0R0ZDWDQ1NkR5SHFlMVlVZ1BqS1ExR1gwdjAwelhNYklnak12eTdVd1VnVFppMzhQbklMX3M0cTZwY3VydEQxamlyTGdkWktZeldVbGpSRHViTC1jb1RaVUJrWkNMTVdkV1p4RdIBtwFBVV95cUxQcXJMLS1ONGwwaWU2STZyVGNrUDRvSVZrUWp4YmlCOExTNzd4LVFHemVqRUR6MW51ejdWYnJuZzlWT255X2d0MWxWNGpVR3BxUXY4OWY2cTJoQnhwdndRcTJ3ckY5RXp4akE2bFM2N0JSOGtPRlU0OElmWGNVZEVOM29iS2JxbWVBREFPSFNJU3ozaFFXN2pUZEI1Tm5hS2taYU1pMlZKVnNPcTI3OXFNcUVCYk1LLVk?oc=5,,
"Tue, 17 Jun 2025 07:00:00 GMT",nao_identificado,Sistema Defesa Civil Alerta passa a funcionar no Nordeste nesta quarta (18) - Diario de Pernambuco,Defesa Civil (via Google News),alerta_oficial,https://news.google.com/rss/articles/CBMi3AFBVV95cUxONzljN1NsUmY5YWFydU11d1hmOUFiekpta3UxdmRkVzYzcGVNM1dtTTlsYVkwekxHZDh0SE5haVRVMUNoR1VVNHZ1TkJqZmlSR3drd252OFNaS3NVN0V3YVlrQzNUREF6eTVsRjQxVHctRzBaWnJVQ0pNMWk5QW5nVUkxd3JEU3Q0NEN3MUQ1WWVlcWRfRWEtR3JsNGdSdTFSMTRDb0hXUkVUeU9UcXZHVlNVeGd4OWQ3RHpGYVpFZnJrRkRUMW5xdHM4dmY2QmMtbWhrVnlOVmVFdy16?oc=5,,
"Sun, 27 Jul 2025 07:00:00 GMT",nao_identificado,Apac emite alerta para chuvas moderadas a fortes para quatro regiões de Pernambuco - Diario de Pernambuco,Defesa Civil (via Google News),alerta_oficial,https://news.google.com/rss/articles/CBMi6AFBVV95cUxNZzVZWnBWNWI3NnA5VjJ2RHpyVWs4VGp4SEhjbkRkTUZuT1ZUY0UwRmNwaGVLOUNoT09tS2V3ejRmNWkxUXNqMEJkbEZ4MzdKb2x0Q1otZHRXQ0poU3Nfc1FvY2dlNGV6LXdzcjlETTM0RDRrRzFLRk9jUDlUN3NiOE1ZRmVFSE1CbV9BUlhhY1lNcGI3ajQwUWctaE5XMlE0a0ZGS184UjF6YmhpdlZuRUUwZXFlTVF0QjBXaFlsbUpjWHlNMnJTaTFnUGhnUDJLVW56dzN0a1d1bnBzV0FiVm9QcG84LTBF?oc=5,,
"Sat, 14 Jun 2025 07:00:00 GMT",Dois Irmãos,Defesa Civil faz demonstração de alerta para celulares no Nordeste - Diario de Pernambuco,Defesa Civil (via Google News),alerta_oficial,https://news.google.com/rss/articles/CBMi1gFBVV95cUxQaE9kQnRROWhWMWpCR3RfT0VpVllGcjVzTzgyd2wyUmtSTGwwRXZ5UlR1enZ0SlJIWUl4OWh2dmhya1A0YjlWX2ZTQ212dDI0aFh1OHdxQnFJZGp3QkxvQy1qUkRTb3hlRFBmTVZKOVhUTWluRUwzUFlaTld4NTRUeUU4U05ha3N4MWxtZ2d1QUM5b0ZpbUhua3Q1TDd4NlQwcFZQZUpJanRkT0c3ZVBiMHRYcjN2NV9Od3RQTXFaXzVhYldBZ28yQVI3WHBMdEtSNjZ1bWdn?oc=5,,
"Fri, 04 Apr 2025 07:00:00 GMT",nao_identificado,Sirene e mensagens no celular: Governo do Estado anuncia nova ferramenta de alerta para desastres naturais - Diario de Pernambuco,Defesa Civil (via Google News),alerta_oficial,https://news.google.com/rss/articles/CBMizwFBVV95cUxNcGI0NFRGMXR6X3lYQlV6TnJBTVRzRS1IUENpelM5TUZLUjhBWG5iVVZncy10VHJicnBxNjlwOEs5MDBMVmRuMF9tUXR1SjNuTlNOdGhMQVhMWHdydFUtV0R0MnlHSGEzVGIzMm05X25EZkoxVUdRWFJnSzJwTWJCSjVsd1hPbkw2dG5uRnBkWlRHMWZ2bTJZcHpYYWtJd3NPRWtUdzZoX0RyUlhfUV9wQ0Q2RDdXQ0RwN1FvdG1mT1k3cFllVFZiZ1FJZHZDTTQ?oc=5,,
"Wed, 09 Apr 2025 07:00:00 GMT",Tejipió,Defesa Civil teme chuvas torrenciais no inverno e alerta para colocação de lonas plásticas; prefeitura anuncia R$ 322 milhões em ações preventivas - G1,Defesa Civil (via Google News),alerta_oficial,https://news.google.com/rss/articles/CBMirAJBVV95cUxPRjQ5VDVlMzNxcWItaXI0YkctOHczWlJ2TS13T09CNlFTZ3RYZ0d6ajQ3V3pyZUtqRkdCRFdUYVZKb0Zzbml3R09qZHhCWmRYYTBpTHNkWHFNbjBPM0w2MEcwZHlEWlV4NjBiam1pemxfbkg3dko4M29Bd1JOd0xZQWVZMEswMU9BS1M4NTY0WVFXUUJMbnBuMlgtczc1czBkN3UxWjVGbjdRM2R2dlVFV0EyUmo0WU95ZkJNWnVYS3ltcFJsaXEtanNZVEVmNERzTjZJX2xjUzM5dGpENWhUd00xMTVtclA4RDNYYklaWnNvOGVnSUdUUVRSQm96TXhwb0stelgzaFlETjA1cmtkTmxTWldQRjJWdmxCZ285LUpDYXd4Sm9rY3F2aUHSAbsCQVVfeXFMUDVJeXlyaTJwbHhQcUs5VU9yZG1XUnMwaE1ZY3QzbEE0ZTZSMUFsM25BWVJJOG9iU21vdkdwOV9vUmFEVUxyZjJpbHFVN09jX2FWVXlfRHpVX0pZR3ltVkRFNzNjMUJxYkdHckFCcDNaV2lBYjhEdnFJZVp3RU5QOFE5UWttSGo4VXBnd1VpMEtpdlZPWmxFcUFvTWZDcnVWMkRaTFMydEI2VW54cVBITFJIcXNFT2I3YTdMeXhtakNDQkFtVHpKc1hPblhqdjVNZXUxdnBJbmstWE9FS05EczlWVDBsMk9tU050MnZja2lJYjZHU1lrSXFOSFNXOU4waGxmUmRQMFktNHhBQXhjXzdKb21Cd3J4NjVYOV8zZmllSFlrX3lkUktRdTJhV3k5bWZZLTRFa1RkZTQ4?oc=5,,
"Sat, 14 Jun 2025 07:00:00 GMT",nao_identificado,Alerta da Defesa Civil é ativado em quatro municípios de Pernambuco neste sábado (14) - jc.uol.com.br,Defesa Civil (via Google News),alerta_oficial,https://news.google.com/rss/articles/CBMizAFBVV95cUxNQURRWDNueklvS0tFYno4N25Hakd0b1ZPTmUtZHFqWjJxY2lKOE13QWdnM05xWWw0Zk1Nb2J3cDAxeE5RSHhpemN1VzNNVjFfckdiMGdxYksyZXRieEc0MDRxVnJoX19zQmZCMDRXdGxjSktQRmlxaVBKV21OWlU2SWIzdjdCVWVNSnlYUXppcExUdVVSVXo5VlhxR0RCa0VPWHBaQm1YeVMzN2RBYlNRWEpCMmNOb0VZalB5QjVvcWZ6dGJqcnk3cDVuNWE?oc=5,,
"Mon, 07 Apr 2025 07:00:00 GMT",nao_identificado,Agentes da Defesa Civil de Pernambuco são capacitados para uso de nova ferramenta de alertas de desastres - jc.uol.com.br,Defesa Civil (via Google News),alerta_oficial,https://news.google.com/rss/articles/CBMi6gFBVV95cUxOUXZ4S2Nvb0xxTHVlWjlQcG55Snh5Tm5qSW05bWV2S21YbVd0czg2X1BpRERqdlE4Qk9MNDMxdHhLd1lBNHJDby13ZG1IV3N4SUNfQVVpREt6VkRUdEdnN3p1ZzkxX0JJYlNWVWNPa3BZUl80X3JyMUNuVkZvdVlTNVoxMnNtMXlWQUZvRWhSZS1JLUc0UFJ1Z3piNnRZRzRiUVkzSXJUck1YODE2YlJ2bkhKMGdmaU43VmJ5Rjc4SzFlSHNvMnlQRnpjb0tGQnVNR29qZlhVcko4eDVOVVBRamZpOWlRTkI3QlE?oc=5,,
"Mon, 08 Dec 2025 08:00:00 GMT",nao_identificado,Santa Catarina entra em alerta para chuva intensa e rajadas fortes com avanço de ciclone - Diario de Pernambuco,Defesa Civil (via Google News),alerta_oficial,https://news.google.com/rss/articles/CBMi6wFBVV95cUxNLU84Zmk3RXJPMmkxWVNHQ19xU2d2VUp6QTZIaHYtNUtTVFJLOFhtbU9iTGxOTm5BQ1JyWVpCeHFYc3ppU0JTRV9OZ3BsMjJlUkZjNXFBSHpTWXNOdmtVNjAzM1dnZGQtaU1QWHJHXzZKWW5zN3NfSWltUi1rdkJDM2x3QnZ4OUo5MUZ1TVNxQndxZUlDX3hmM0JZNHAxb0lNdUxwd2xOTTUySy12aUo5ek8xYnc2VGpPQWdnZXFPTVNqeDd6X09xRkd3S3dORVB1bFBONU9iMXJEZWhfQmlGajN0TW1oUFVMMV84?oc=5,,
"Sat, 04 Jun 2022 07:00:00 GMT",nao_identificado,"Com barragens perto de sangrar por causa da chuva, Pernambuco alerta Defesa Civil e recomenda cuidados com população ribeirinha - JC",Defesa Civil (via Google News),alerta_oficial,https://news.google.com/rss/articles/CBMilAJBVV95cUxOZmFrWHdGY3RKTDVWTmUzQ2E5QVVQaUlTOFlCSFg1MkkwSEFUT1h3cFRVQlg0Q0M4cmdPeGZyWWc1WFpTaDVpaVlBTzN4c2JKVWZMUTJnclBlOGRVMEg4LTZGaDZYWGYxS1F0SjY5WjVxZXFnS2V0R3pHV1NpU0ZIQzRDMGV4ZllZb3I2YkRleFNrUkxoNk90SzlzRWtRWm8tTml0bnpwakNEbXh1TEZfSC1hWGtRRnpEeUdIaHFmalgyMFI4WXluWEhUeVFNMW1kSkk5a0NiRUlYc2MzVURyUzEwZ1FIM2xMUVZGQnNkaHFvcVFwXzFHRVdkc0l2VVFReVFuQ2hHM2NaMFVWeVJYcktzWHnSAZoCQVVfeXFMUHdwanRNbzAxM3hvRHZPMEt4eXg3a2JES0lkbnEwdUJEaU5qZHFkZUpLc3BaLVFrNlZkakhya0ExaE9JOXdMaGstRzNNMk1VMjlQdDlYbUtfQzVleW9WMjM1cnlfY0xDOWs0SGlSSG1tS0dIbkdkSV8zZmtSS2VtUXYtaWZIUGM3dXZXXzRnUTlhcENJZ3Q3MmJxZkluaU8ybHZIekJ6N3l6alU3RUc2TVE2THNHLXVDMHVtXzdqcnNEblZIbFpyVW15N0NPTzgxd0k5U3UySG10OVdJVHBPY1YtYjZ2OWFlcFZxTURoQzJNTTJVS1RTNFJiNXZsdGkwV0RTd09EelFWM3BiR3FmLXd5M2l5MWhRanJB?oc=5,,
"Sat, 02 Jul 2022 07:00:00 GMT",nao_identificado,"CHUVAS EM PERNAMBUCO: não chovia tão forte em Itaíba há mais de 20 anos, segundo Defesa Civil - JC",Defesa Civil (via Google News),alerta_oficial,https://news.google.com/rss/articles/CBMiygFBVV95cUxObVNuYi1wdWxBUjc0bk5qRmxnaXZpeDlTMkctNGFwcS1lb2hqSDgyX1NjY3M5eTN2ZEJSLVVfOG50WlBHSWxnNkRSVHJ5QXl1QXFhQVZhRVNtYlNybXhqZWNCa281Zk53V045T2JuSmlFRFoybDdJSlpHbk9UOFpfLS1LbjdtaDBiQV9SdFJtMnJxbDVpX1RtY0o2ZjNGbkNIN28xUDkwaWg1S2sxUm9rSnRaTWRWWjJhcW1IbFU4ZTFISG1qNWt0dVV30gHPAUFVX3lxTE1MVU1MVzUyeGRra0ZUVnJYLThrLVVHNkhvS2lka0NXdFFlcTVrN3ZpX1A1OWNHYVFGQlotdHVuVW1tZ0xydWVZaVJmV05jcHl0SVlyTDBVQldFam1GV3lBX3g2WFd0ckw3QldhLWltbTFpSWtUTlBKWG5GYmVsM2VKaEg0cEo5Qk9oODlHdF9sNVpfQXdPMHQybGpxMlBVRTRhbk5nc08zdU1XZWc5OHZCU05mME9XSmhaUHhOODlLaWhwUGZVYkJuUmxnc0hjWQ?oc=5,,
"Sat, 02 Jul 2022 07:00:00 GMT",nao_identificado,Chuva forte provoca transtornos na Mata Sul e no Agreste de Pernambuco; veja imagens - JC,Defesa Civil (via Google News),alerta_oficial,https://news.google.com/rss/articles/CBMi2wFBVV95cUxPR3c4U1dVTmpiYVBVT2MtazdhbUpiY3duY2xwUHZPNUNLUWxtd09IRlZWX3EtQ0FlMWFKLXoxQlcxZzFKWmhrWFJUVENGX3dyNGlaUVJDZUlFTzh4ZlJqalFEWUlhT2c1LXpXMENiNUFyamJoMmlBcEhPdFViYm8zRlF3LWtzMHhwY3ZKSG5pc1hZQ0dsSGNTNkJMcFQyM1lQMndSZ1pKbnlCcy12Y29iODBQT2d4S2hKYlVuVmRHRTFaRmVKdnMtNzFiS19sc2xjRmpsa1FZRTlwWUHSAeABQVVfeXFMTmtBZTgtQWw0aVZlWGJObTNLVlZ2cFVLZVdPY1pKSXdkc2c1a08tcjRpQXNiY2c4WTlFUkQ1bXlIWUZ5ak9FZjhwTXpQMEFIMzVSeGdpN2JLZXNmNWtDTFRYdDN6eWV1MnV5ZXYtT0FocGxBQW9UZUtkTmI0RmRXdjJHZkxtcjNYcW54QUtaZ2NRWjFhWDZjY1d2ZkZWenpyUjNzekJTZzZsa09YN01rTndYdUJ2bW5TNkNwUnB5OVVaWnNITU95TFZUNU40Mno2b1YxNldqUE5RQlY2OGxQcjk?oc=5,,
"Thu, 24 Sep 2026 19:41:47 GMT",nao_identificado,Defesa Civil emite alerta para baixa umidade do ar no Sertão de Pernambuco - Blog do Waldiney Passos,Defesa Civil (via Google News),alerta_oficial,https://news.google.com/rss/articles/CBMiqAFBVV95cUxORWNwNTlUVEpNSV9CT0hySGlPWGVyS0M0aE1wSEhnQTBfalhvcVZqVVZfVmJHV1RmeXhLcE16MVp5M29tNlY5MVlQWk9KeWd0anR2Vzl4cDhtLTNseWE2bEphV1ZvNlY2X2RZRndQVWs2M3BCbGkzX1dOZUFnNnhxZ2syaG4xakxvWTZyejEzdXRwU2VjYnpMODBNZkEydjBJcXk2SmV4QkQ?oc=5,,
"Fri, 07 Aug 2026 07:00:00 GMT",nao_identificado,Defesa Civil emite alerta para baixa umidade e sertanejos recebem aviso nos celulares - Blog do Didi Galvão,Defesa Civil (via Google News),alerta_oficial,https://news.google.com/rss/articles/CBMisgFBVV95cUxPSV9PTVAzREF3NExubmg2NGszVjJuWEVCUXBjUUpuTlRpRjZTd0lxZnlLSTExcm9FUXNTaG0teHFLb182NGUxQ2loNVl3S0ZfMVVXR0pPZ1JiN3pqZThJaVFKczJJREstSWpwOW1wYTViY00yTjhLLXNYNl9UY1FEV3o1TnYtUmlUaDhEREs2UTM0WDhlbDUxNlNzTkp4ZEJySk5XbmVpcnRxb2UzbWw4ZmF3?oc=5,,
"Wed, 20 May 2026 07:00:00 GMT",nao_identificado,Defesa Civil fará ação preventiva em açude de Russinha e alerta moradores ribeirinhos em Gravatá - Pernambuco Notícias,Defesa Civil (via Google News),alerta_oficial,https://news.google.com/rss/articles/CBMiywFBVV95cUxNUlo1Q2x0LXp6YTZBOXJ3S1NobTkydk9JdW9KRFpOT0dINXlBblpaQVFkTXJVaHNDQVhlSUMwclZDMVFtMDhhRjJjeDZRWWRSbHg3aDFJMVRQdUgyV0F0YTJzRGxuTVZvU2RSUnRkMFhadm1pYzdybmZqekhqTnV1VTZQRXJxZVRtUXZxSXR2bVhUXzlvQ0RfcVB3cXJxaDU5bHBDWEp1OWR5R1FSX0F0ZDh6ak93MDZDdHZESVhzMWVtcGJPc2I4QkNnaw?oc=5,,
"Tue, 03 Mar 2026 08:00:00 GMT",nao_identificado,"Gravatá: Defesa Civil acompanha nível do Rio Ipojuca, mas sem alerta de alagamentos; veja situação - Pernambuco Notícias",Defesa Civil (via Google News),alerta_oficial,https://news.google.com/rss/articles/CBMiygFBVV95cUxQQUtHVXZ4a0dJQVdoZjRGXy0yREhIbHVPaWhlZFBhVDU5Y2VsYUlaNFVtZGxzQ1BKTzdfeXNFcTduaFFpN2JwZVR2OS1oeWRNNUFfMWdmN1llQm5yeDdvOXhwOTU4M1hrQmxnMm1wbnU4SS1GQlc1aS0tQTlRUkZveXFIMzBXZWREdDRkMEp1c09seDdRaVpQMkV3U2h1X1J5V2FUM1pUTnJhemx4U1BMOFZDSGZvOThFZmtqa0Z3MjFhaVVTVWFRbUJ3?oc=5,,
"Thu, 19 May 2022 18:04:02 GMT",nao_identificado,Secretaria-Executiva de Defesa Civil - recife.pe.gov.br,Defesa Civil (via Google News),alerta_oficial,https://news.google.com/rss/articles/CBMifkFVX3lxTE9pTWxsRmdDbHRwYkh6TV9qZXVFM0pKbktNbk5POFpWR0J2eEVmRUJPRVlrb3BNQ1d5SFoza296V3dTWTAxYlNnbk81eVdsbmlfSGs4TjBzVThscW8wLVVaNDdxcWQxcmlPUl9KUEc0X3RCQXpOWjBkU3hSel81dw?oc=5,,
"Thu, 13 May 2021 07:00:00 GMT",nao_identificado,"Por causa da chuva forte, Defesa Civil de Pernambuco alerta: quem estiver na rua deve voltar para casa - G1",Defesa Civil (via Google News),alerta_oficial,https://news.google.com/rss/articles/CBMi8gFBVV95cUxOTVpsbmwwZHFlbjBzSHAxUnFJQlJEYmgtSjRSWHRiLTloWUE4Z181TDA4U0MwZ2NuQk0zcWw4elU3NHhPMnVIREJpMWZhMG91bERwWElFdVVKcGlEMk51WEo5Q2NKYXg1YzViMlVhaVJKcGFXOVREczVLV25YVXlkYWRPNDRGbzBnajBfcmF2dWd0YmZjRzNzbjlnTTJDSnVnRHE2N1RBSXl2NHBQTnhiSGxOWm1SNVd4UlJZZllZS0JTVXpiek1QX1VaRkctU0NaVEpzTlN2TDZJdE83Qngtcm9OeTJqSWJHRTRXay1pWWwwUdIBgAJBVV95cUxQT0RZcUVxdzR0VFlodGwxVG0tSjZvSGx4T1RZaXVDVGU4clM3VWo2UEdJSXcxSXpxTkFSOFpmYzZoYkd4eXIxam5JeGxtTHY3VjZsUlpnN0xFdEhJMWNhbXZ0cGFTUExhSTVpYlR5WVlrTzJsS2UxZ1o3TnJPLVQxampMQ3REN3oxblYtNkZoXzNOZkVLTTVpYzdhTjFCQmtLb3JlVTdkcVpCM2F1OGV5bEtpcEpkWkpmSWVzZVYtbl85Mm5nS29YdkIwMGhJZ1NKdGxGY3lESVlEZTVDay1RQzc5T0JfUC1abE5jNUNKRGpiNTJKcXQ1aGl6QWp5N2dD?oc=5,,
"Mon, 30 May 2022 07:00:00 GMT",Guabiraba,Defesa Civil confirma 91 mortes por causa das chuvas em Pernambuco - Agência Brasil,Defesa Civil (via Google News),alerta_oficial,https://news.google.com/rss/articles/CBMivgFBVV95cUxOYW1SWTR5YjB3dzhQTUprMnZFeFcyOEtaNFdUVHptWm5DVnBIZk5UY29JRW85dTdkU3V6MXdvc3BEZUF1UEVnMFFwVkZoRkdJWDU0X0RqQ1pxS1Vhb0tqT1hGV1gxVFRfenZxNWw4NDAtWjFkTjFMWko2R25EYXdGNlJCdjdoVllyankwdzA3VkIzTGJvbTFLYmdNVy1aMW94UV9iZDVaRmNxOGhIcFBTb1JJZmNiaEhGaU1NWmlB?oc=5,,
"Tue, 24 May 2022 07:00:00 GMT",nao_identificado,Chuvas: Pernambuco registra 37 famílias desalojadas em Olinda e no Recife - Folha PE,Defesa Civil (via Google News),alerta_oficial,https://news.google.com/rss/articles/CBMitAFBVV95cUxPcVR3UmcwcmFKOVZkWEhZZzlMYUxNSk1GXzI1LUUtR25BRmI3emdvVXhPRDVZdlBlQWxLNjhlaWxqSXBZd2lBNVltOURDQ2hFcHpIVzZqRU50cWgzYkVzU1kzaXRRWXlqVjRpRjU3R1gxMEFDUDZ2V2VxWEdvY3YxSzctNVJBeDdscGtLcDJZSTRNU3FyeHNWYnVuRmNqWDUxZnp6NGhCYWlXbXlQTzBLUjJZQ1fSAbgBQVVfeXFMTXdYbmNGRkpNanlXTE1FQ3BGZTdNc0t2N01udGZxaXF4LThnWFlRZHhBT3psUUFienhqU0wtY3VTU2d0Mm9YcFBXd1YxMzJ0amVrM09HYVVuV0d2WE5JTWdlWjA5cmxUMElKbDhNY294QURBU2g2OVJmT205a25Wb1NaT3lTTVI4MHpzRlgwMm1IODJBWW81UWNsUEg2VVBqTXJPYnBiMmE3aEcwajF4RzVKSkRGYmI0dA?oc=5,,
"Fri, 29 Apr 2022 07:00:00 GMT",nao_identificado,Defesa Civil do Recife entrega certificados de curso de formação para lideranças comunitárias - recife.pe.gov.br,Defesa Civil (via Google News),alerta_oficial,https://news.google.com/rss/articles/CBMiygFBVV95cUxOMjF3aVppTnN2NG9MbmtydW5MZFc0aF8zR0RFRVdSdkZIZ29DSDBsOVg5czNnVGhKcWZFbE01bERBdHlBVU9jcnctN3FxN1ZMM2IxNEU5NlJ4OTN5TUxyNWlaSFVuMzQteUtYQzhaR21wcUF0VFBid19rdGtlQmZCd3FRWFZPanpKTjVxNHBNZVlNQkRWUHlaWVVSN2UtWVJYb0VEN0xJV2NZRjhsNzd1UmFaNGpXNUZHbGEwbWRNSThhS1EtdWxHV0lR?oc=5,,
"Tue, 31 May 2022 07:00:00 GMT",Curado,Chega a 100 número de mortes devido às chuvas em Pernambuco - Agência Brasil,Defesa Civil (via Google News),alerta_oficial,https://news.google.com/rss/articles/CBMisAFBVV95cUxPdTF3NjBFQWNNaU9YMmZ3VXF6RjltVVVzcXNYcm9ER2d3dVI1a2c0MWVkZVhaUGJTbnRGekNhZFNVeGY0Q0VFZnFKazZMNjVtd2wydDFrQUJJT0RrNnNLb3FVVmlNbkhtVF9yU25wdVpFSjhTNW41R0QtYjhXNjNROHlfWlNDaERqMlZBVmFQU0sxWi11dm5WYnpCRjc1RkpBVVZQcWlUeTVySXlIOEFtXw?oc=5,,
"Wed, 23 Mar 2022 07:00:00 GMT",Ipsep,"Meteorologia faz alerta de mais chuvas para o Grande Recife, Zona da Mata e Sertão - G1",Defesa Civil (via Google News),alerta_oficial,https://news.google.com/rss/articles/CBMi2AFBVV95cUxOR0tOY2lMRXJ2ZEVnSnk0RG1WcWdQak1kZ3g4cEVpblcwR0pwVWtkVWVtaU5fODc3dXF5NVNQVnE3dWJFOGdwODdSY1VzVnlFNFlndHh6UW53RDR1WXBTTEFqUVRWQlFoMk1icFRsc2RwZTNKeDBmTGIwVFFCR1dUWDFxdG1IeERVcDNWR3FNX0RIM2NBeFd0SVRPUDRaWDR3WDJCeWZ6bVRkNWpMVG4yT3lLTFZnbzE5TGZPZUhyRWJHUG5PSW9YOUo5QTRyQWVITEpDSWZIS0vSAecBQVVfeXFMT2FTanNFVkc2LVVVa0wwVVlVWC1KWmh1NGY3bnBpd0t5YjJ3REJmUmFvX0hqSlAySG96SHlQVTNWdlJiSlYxaFNrNWtpZGh5cV9SNERpMVdMeV9EcnVsMl80RDE1dEQ0WjZsVGVEM3dkM25LeEI5Nm94eXk1d3JlMWZPRkZneEM2RDczZFoyUDREelNkZ0RQREZ3bGpmQ3RwWW5fWUphUmg5T2U2Y29ObHhwZ2lVT0RHbG5HQ0dSaTJlRkc2bFE2aFpJei11NzZITWhTVml5SjI4VkdHYUhfVkZhNHgtM0FZ?oc=5,,
"Sat, 04 Jun 2022 07:00:00 GMT",nao_identificado,Secretaria de Recursos Hídricos alerta gestores sobre barragens; Governo tranquiliza população - Folha PE,Defesa Civil (via Google News),alerta_oficial,https://news.google.com/rss/articles/CBMiqwFBVV95cUxOTFVGcER4dEFyd01JdWFhc05BYzY3ekVmRWxXZUNPQXk5ekRwUlhFUnl2anF3S0hYY01aVmMtNlVxZTY1b3Z2OTNyZUhNa1dDT29scnJRVExrOC1GTVlZT0pnTGVUWWdISHRrZ0c4Z1NodDk4M2Z4TmZnVmpJZEx1U1FfU19OSktvRC10MV9NMTR3WjJ5aHNPMTEwNFFvTGdab3dmdVhtendLTE3SAa8BQVVfeXFMUGxzUlR6ODRzZ0M4NHViLVg4Y2NZeHkwQXo4N1o3aGZQNGhTc0s5RkN6UW5QTnhHa29Kd2xETUJBOS1mR1ExTW11RnBnc19OSHd5MFg5OFM1dGkzZTFNZ195RkhoM1p4aXdwNEdYZzh0Qkd1RGswV2hXeVVLajRsclMyUlZqbHJjMjZ4enpCWHZxNUlJNUNKbkJMbXowbENhcEJZY0dpdlNRUXo3U2hhOA?oc=5,,
"Tue, 03 Apr 2012 07:00:00 GMT",nao_identificado,Defesa Civil do Recife moderniza sistema de teleatendimento - recife.pe.gov.br,Defesa Civil (via Google News),alerta_oficial,https://news.google.com/rss/articles/CBMirgFBVV95cUxOQ0l2S2lMeGQ5YlBMMy02WWpOS0tQbGFwUDJJOEVEZFF3YlhZOGR1OU11VG51RzJFTTJIWjlfUGtkSmdCc0lmRzNxeEVYYzhTQWpVZ1JVU1RGQVBKU1lyTElvaG9IMmRwOWkwaGdDbjJEZktucmR6MXNpSGFEQWdWTjhfVUJCcmxfWU9Lb0o1X1BoV04xcDFUdFNMTDlGLVBFSEdyZGFJSGdia1FNSVE?oc=5,,
"Fri, 26 Jul 2019 07:00:00 GMT",nao_identificado,"Mais de 1,6 mil pessoas deixam suas casas após as chuvas no Grande Recife e Zona da Mata - G1",Defesa Civil (via Google News),alerta_oficial,https://news.google.com/rss/articles/CBMi4AFBVV95cUxPQzA0Z015Y3ZuSVc4dGhnenVJR3ZSSDNUSmtfdlh6bjRKNjduLV9fU01zeE5NZmYxaE1ITDh0S3AyRXNlOHJCR0RNR2FoMktlOTlWbF9KRkladThveEYxNW5pbG9Dd1VVY1JrR1dXSUNTVEEwdDYwRUxjQ0RDc2lNUDlQZ2dIZGNRSE5lUFlTVzNNR29xREx6MVdZRUNSdkY1S293UHg1RmZibFNUaWJtOFFJVmV6NUl6ZlZVYjZjaFVnUTVrQ0FUSF9CWXVGMTl0cWxCa1I0S0s1ZjM1el9XS9IB7wFBVV95cUxPc011blN0RVBSYXFZZTZOLXBhSC1wc19FMTBwOHlLYmhGN1cyUklhOFE2bl9rRjVfWF9EVk9wOUhWdkdidElfQVBlbDFzYU5VNWVib0NkT08xM0syWDFvTWJrYXJLaEtiYnRuMmhCRjZaTjJfTVJZeDNQTmZDMDlrMnlOclZHVGpoclgtWldLaE1MR01XTFVyT2hZbzAydXVrZ3lkWUcySnhGRnIwZE5KdThSX2Z4N0x6Vno2SGlmZm93ME1mV2xVQTJBeGtraTVINXpza04xM1hKSlE4aV9Zb19ZRnJENGRKUWs2N01sMA?oc=5,,
"Fri, 03 Jun 2022 07:00:00 GMT",Jardim São Paulo,Novos deslizamentos são registrados em bairros do Recife nesta sexta-feira (3) - Folha PE,Defesa Civil (via Google News),alerta_oficial,https://news.google.com/rss/articles/CBMiqgFBVV95cUxPZkY4aEUweml0X0VFZWVZX01JU3V5ZGd4UVp5SkVCZG55M3EzQ3FfYUZoX1ZnVkxDVlVqamtPNlNsYlZpbmNsY2U0dEF6ekIzUm1VOGJBSGI4cTNQY01VblR6OGJ6ZkgtRmlLazh6WXFFNWQzSlhfdndaa2xZLW1QdV9YRDdlaDJRMW0wWWp2c3ZoT0tWMnQtdkg1VzRtUHhUXzRFRWFSQ2pJUdIBrgFBVV95cUxNTU8tSGNudVl5VkJxN1FVNmJ5R1RMMXk1dXdvS1RNTzcxNFFhM1hiR2NsZWFqQTdYcTFGSmN0SUtUYldmbG9HejBRY2N1LTJxZTd2dUQ5MEFpd25OUUdOOF9zVW8zR1BNSU9ITzhxQUVaMk9LeWlMWXZ2SVBHckF3UVI1SWN3MmlfbTRLd3N6dlpvVVNGT204dDdsT2lYQ0g3RGROeUJtX2I5MVBWYWc?oc=5,,
"Thu, 20 Sep 2012 07:00:00 GMT",nao_identificado,Codecir apresenta Modelo de Gestão de Risco do Recife a grupo japonês - recife.pe.gov.br,Defesa Civil (via Google News),alerta_oficial,https://news.google.com/rss/articles/CBMiuAFBVV95cUxNa0lrS3V4bXpXb1BfdlhJazV0ajR2ejd2MFNiMXMteDVXNkw0RDdTeFRKQUJxLUF6cllpSDlUcEtqWWRNcjlaeDFNS2tZTmtleDdVSE9XX25DaUJUb1lsTEQ4WnRVaWNHNkxpSTVJSHR0SThOamtPaE5UVTVfZnlxTEg5Y0dMSTRxWndsNUt6WGxHT3hONHowaE1qM0hzZnpBYTJFSFF0a0h5RVNLSFFLNFpWZjJtUThm?oc=5,,
"Wed, 25 May 2022 07:00:00 GMT",nao_identificado,Saiba para que números ligar para falar com a Defesa Civil dos municípios no Grande Recife - G1,Defesa Civil (via Google News),alerta_oficial,https://news.google.com/rss/articles/CBMi9AFBVV95cUxQY0REMXNaWUFWbi14WGlxWTFySmt0WklFOEx0ajNMRmZfY2xKMlRteGctLVRoRk1MM3Z4em5LOXdQei1pLXJFZ3V0bm9tdjhESndEZEZ3eUgzeEhjbDFrZWxxLXZTLVhFRkU4dU9uRUlRVENUZ3dCb09NbDZINU9Xa01wNUVSUjhGaDdETElRZUNxbEgtdWlUQVlubkJEd0Joa0NWdWpYZXBTOUowVzExZ2liUWxRWG1HTm5CYVVGWnROZUVNTWJyaWU3Tk4wbUc2R1ZHaG1NYW1MZ08xNkdoWFRUQWwzZzA3WnZPRHZUOUJEcGFL0gGDAkFVX3lxTFBUV1NSdGhnZm1WZUtQSk5kYlVxNHBVV0NNalcyd2tuQmpYRlhFcHVTQXlvOHh3ODNmOVBzTFNpTDZSMVhtdUotdlpEM2E3SjhOQW11OS1LTkJyWlBpWnFsa0gyNWZQOUtnWHg1cndHNXJ5MEIwRzFpNHdzODlYQ2dQOGp1djNpYy1ZVTZzMkt6bkhkZGx2WnBhTUhaNk9IRUM0VW8wYjJZa2JseEFVYnoteHg1UzN0S29Rd3BRQTAybXVXUEZ2LWdsbjhJNU0xZk9Pa21sSlAzVXJ1VGR6LUZJcGJoWGJuN2hIUzBnYU9pY0tWSXlPRGIxRnBiYUtHNjFiUkE?oc=5,,
"Thu, 13 May 2021 07:00:00 GMT",Ibura,Apac alerta para mais chuvas e risco de inundação em áreas de rios no Grande Recife e Mata Norte - G1,Defesa Civil (via Google News),alerta_oficial,https://news.google.com/rss/articles/CBMi8wFBVV95cUxPR2Y1clhodEhlSVVoOVQ0Nm5jVWZQd2hYYXczdEdnOEF5U2MyZklCYnlYbzNiZ3d2ekVNUFJhaDIxVEMtamdPeU9oWGdrdjM4d1pQeDNudUFjY2VQOWR3b1kycHkyQXdOa1ZldFVjVXhmVVFfem5RNnZpOHhKdkxSZUh1aVdhdDllSEhXRzZkdmtGZXl5YVdKQ1F6YmF4bERkd19kR0ExUU1LZmp1VlFlY3AzR0xKZnI4Ukk5QUxZWE1zZFo2UGhnSUV6OHBrdURSMDBHMjJCSmJTZmxMTmVPTDFrdzJFU1FROTlURUs0OWNNd2_SAYICQVVfeXFMTzAtQ1o1MkR5bTNwOFZhSEJjWlE3VGJYdml4N3Y0UlBuaVVnaVAtVEVVbWFsN3JheGtUWWs0Q21sRXdfSXU4dnNmZWlwcFNxYUFrRHdja1hKa2t5YkJHajVqRlZmRU9RVjM1eXJINFdiTUJIcHRzaVItbV92c1BnQUNVY3I4VkpaUXA4NTZ3dnlzZklIYUUwZk5zdU0zajdlMXRyWmFFVkhLNE5kbHZfWjdFQ0RvUTUyWW5UYzVpM21XTGpZRlpFdnNDVGlXRy1oT3RTVUdON1BwU3c0cTlNTEk1VHlPZl9jby1FVElqY2xHUThERDQyWkg4RlIxOHVCQXZ3?oc=5,,
"Wed, 04 May 2011 07:00:00 GMT",Coelhos,Sobe para doze o número de cidades que decretaram situação de emergência em Pernambuco - O GLOBO,Defesa Civil (via Google News),alerta_oficial,https://news.google.com/rss/articles/CBMixAFBVV95cUxQRllzSlExdHUtTTljVVoyTTluZWpkTHB5R1ViWF91R3ZUXzBUR3JseXhnb0F0MmR3cGswY3I5a1pkWDNSdGFMODZQXzRoSWV6VmRUQW1sOVVoeTJPMGR5eTJSRTVOTTlvajNvckNjeVRMQm05UkJpcmFRN2JkR05GNGpMd0ozSTg2UXBBVlVJUDVmS0JTZG16eG9qdWZIWWVYLVI0NEVFQ0ZrdHp3cFMtT24weUFqWGxEcll3UWQ0eFozdXNG?oc=5,,
"Fri, 14 May 2021 07:00:00 GMT",nao_identificado,"PE contabiliza 102 desabrigados, 36 desalojados, 39 deslizamentos de barreiras e dois mortos em meio a fortes chuvas - G1",Defesa Civil (via Google News),alerta_oficial,https://news.google.com/rss/articles/CBMi-wFBVV95cUxQajMwT19neFprSmk2YVhxdy16SldyOFFNa0lQRmhvcEtsV0FGdWN6b3lRMnhLelluWjE3eWc2Y00xNVVFNGhic2lWMzFGdFVnWjRnOHlXTW1Xd1UyN2FuOXpNTGFXNUJUcklITWtjRGRpcGZCV1VhWXdydkNVQ2NYNlpqNEFHTGJBRUJkZmE2WHdnb0RkU3R3Q0JyQ0RwakZlVmtxbmNRbEkzd3BTTnhyVTFSeXZsRlNxVTB4dEl3clh0OVRNb21jcWF4OHFoWGh6dkZCTnI5OU9qcFBlaVZ1THBkSXMteWFTSFBQUEJLQ3FmVUVRZDhvR0NzMA?oc=5,,
"Mon, 12 Apr 2021 07:00:00 GMT",Ibura,Bombeiros usam bote para resgatar passageiros de ônibus quebrado - G1,Defesa Civil (via Google News),alerta_oficial,https://news.google.com/rss/articles/CBMi6gFBVV95cUxPU0RGYWx4WDVSUk5rZVc1bkNMNV9EeV9INldUTk9mOHBsUzB5UkpIOTRVQlV1Sy1KSDB4bWJZNHpWVDJfeVF3c3htNDA3M1NzSzdMUUJiMHNoRkF2MURMeFI1SF9VQmRhVFU3VE9vQ1RHODBDcUF5UE5GdU1kVnhDX2Z6QlRfN2tZNWxfd2tIaUExc3ZZNEN6NW1SdFgwbFRjQmR3a2lhZ25yMzlFdTFqdmtLaHEwT1RtSGJ1X1lfQUdwVWpVbTY0S01nS05pTE9MMzNZamVMTmxEaS1QM2VFNHFXcTlZRE9zZnfSAfgBQVVfeXFMT1JpOWVFak9lTkphMHZQSUpaRDZEM2RTMFJEMzFuMGVqZV9ScnFyOXRmWktCUDFXelRFUm1pNkdjXzVMd2xMWnVsbVdnTzZzYmo4MEdhelo2WlN2NVdnTThLSVVyMUdEcnhsSEVoRC1CTWlqa2VnbzVNRGl6T3IxZkZBdHdCNzI0NkZUVU02ZFE0WjM0ZzRPbzJzVDRYVndzS0sxZFJPTVdUYjZnNEl4cUxUV0huek1Lb2ExWHc0eDh5X1RTNFZGZTJ2M0t2RUcyaHZXYlFvcThCY2ZwanRIZW96SlRCaVo2NHJaWjRKSlU1ZldmUVlIbjc?oc=5,,
"Fri, 13 Apr 2018 07:00:00 GMT",Afogados,Meteorologia emite quinto alerta de chuvas fortes em Pernambuco em uma semana - G1,Defesa Civil (via Google News),alerta_oficial,https://news.google.com/rss/articles/CBMixAFBVV95cUxOSjkxcWVkOGRIaFBBTC04ZWs0Yi1tUVBLdkxzRkJBTGppd19abzQzdEtFMkFLV0pzVzBmOTRZcmNUQW84RWM5M2FNWHNXYXJraWZoZFVwWWFnNDlaMXR6cEtkNDhFR1QwUWM4ZDFlSG1xcld3c0tXZEp0TDZpMmc5OVJNMWdYS3NMNm1XRzJaT0ZtcHVTVDI1bWVhMFVjYzdSdWI5WjJsNG1vaXpoVzVGeU5JX19US2Z2US11ODdjSnE3WUdO?oc=5,,
"Thu, 13 May 2021 07:00:00 GMT",nao_identificado,Deslizamentos de barreiras deixam feridos leves e desalojados e provocam danos no Grande Recife - G1,Defesa Civil (via Google News),alerta_oficial,https://news.google.com/rss/articles/CBMizwFBVV95cUxQdjd5THI0WTBaQ3haWnRIaDVZSkVqdXk3azFQaldaWXZkWUJ0ZHpCZGk0SGtlWlpMbFdCbGtldjRJaVF5V3puRDlHY0R0SVJ0bkVFbHJaSExTcTh1bU8xZWF5bnVULTg3WWVUcWRSMDhqc0JEeUxfbWtWWUUxNEtiVGtTcUxxS3VUUDRNRkJkQVJhYlBQWklMdlRrQkhPb1loSmpRdjdYb25tUkZ1cDFoUTc2RU5lWklGWUs1VTVWOVBMWjlMUUg4OVJ2TXBELU3SAd4BQVVfeXFMTWozLXNndURCMFdKNjZsUUpjS1cwdDg1VGh3ZGJ5LXd3eHZ4SVhBZHVFd1ZpT0plNUlIRDN2cHBEUjFSRmZaMEp3azhWVlduUnBURE5QRXhhcEdETFdfenRuUnhKYUxSbDE3LWg0b0lkMm5pN1FYaGNkMHpmZnBBdzhXVFowV1pOOW1tWmJzc3VJMkszUVNmcXZKYTlnMUZCWUR6WnZqWnBzWGpiU0dKM2tXWWNxbURCVTFGZ3M1eklFemk5UjY3RVJULW9Xd09hNDRiRUNlMVlfSEdYYWxB?oc=5,,
"Tue, 22 Mar 2022 07:00:00 GMT",nao_identificado,"Apac alerta para mais chuvas; Grande Recife tem duas mortes, alagamentos e suspensão de aulas - G1",Defesa Civil (via Google News),alerta_oficial,https://news.google.com/rss/articles/CBMi5gFBVV95cUxNU2Y5eHpYNlRSVEhDNHk3LWUydE8zb3RLTjdVblBudktXa3pTMkNTMzNZZGVUMFEwbGNkZ3VpSnljcV83WWRMMFpid051bXpuYU9hbWNZTEVnY1pkY21VMm9Xek9keE9LNlBGMXp0R0xkUGNGT1JpQ3ZoaEZWY0xFTW5TbGp4VVRnc1FWSjY3dEpRYkYyRzRsRlRkQkpWaHd2QV9OaGJaVm1GNnNuNDY2X1NjMm85LV96MWg4anNQU0hHS1FtVmJWZ281dkFleVZHc25BcXBVMEF4R3B3b2p4UnlDYkdfQdIB9AFBVV95cUxQYXJNSmRfaUhxalNpZ3oyUnBoNDZ0RnhuVlJRdlI4RGg3NE92dDJtYlMtTkNjQ19lZHNiZDVuUVRCZ2V5ck03RFIzZlpibUVUZTZDSUVqWTBfLWE4Z1M1MkhTclZjZ2NZa0RwREViVElGalZ4MHBXa2dJSzBYcDNfcHBIc2s0ZG1fV1BaU0I3TWhqREx2aGgybmJDbmg2YVZFbjNNU2ZoZHBfWF9mUVkyeEVTaG9jTGt3VWtSa0JFRU5Cc1ZTQ2k2aFYweHEtOTRSSTU1UURIbW9GcFJxTnM4azUtTjh4RHZVR0JWVFk4anNFdkFC?oc=5,,
"Sat, 28 May 2022 07:00:00 GMT",nao_identificado,Chuvas em Recife devem se estender por mais 24 horas e podem atingir 100 mm - O POVO,Defesa Civil (via Google News),alerta_oficial,https://news.google.com/rss/articles/CBMizAFBVV95cUxNY3IwdVI1YUpEU2tQd19LWXJ2eDltMlcySHUyNE1SNkk3MURpMG5RZFJkc0U0N2R0SzdMUWJLcnotM0d2YlZKc3hqYWRPZ3IxUk9FeDJDY3JJQXBZZ1VfcFhFcmNCQjdtcXpTLWZ0SUJCUWJFdzFRTlRDYjZKM0thTXRWeTVfTy1HUzFoS0RJdlNjUnlUOExhaDhTV3ppVWtSZ21sUFRadkk0bzRKZDBLekhZZUtFRnVDSlFhTnlDdFhvLUVZdGxFR0NqUFXSAdIBQVVfeXFMTlBIMmpfY3d3aVlkQUozN3NLM0dRZWRmbjRGVGtQUk1YNXhUd2Jmck4wRkhRQUhuYXZuajJSaXR3X0F4c29jZlhDOC1mOWpGbjhrOFd0SEtWNXZxb09TSERqNmdyQmRqbzhUWkdvcjF3V0tvVldlMzM1ZnhCSEYxT1JWTFhadm50U3F4allHZHJqS0Y1bjRyZUltRGdRemxlN3VmS3FRMG5HUkZyNXVqVnFudlhhVWNZRU9FcU5tUXVOdjZKeFZ3R3ZBQzExZmVUc19B?oc=5,,
"Tue, 19 Apr 2022 07:00:00 GMT",nao_identificado,"Apac alerta para chuva de moderada a forte no Grande Recife, Zona da Mata e Agreste - G1",Defesa Civil (via Google News),alerta_oficial,https://news.google.com/rss/articles/CBMi2gFBVV95cUxNTEk2UUlqZnpqUHUtOXdxN3drWEFtUkl6SGtXZXZMcXgweS1wbVhPc19jR1VtVHNjRVppZnNkNjdkUjRrNjJPeHJISUJFZGpkaXJwR3laaWsyeGxiZWxfRlRRWE9WaWwtbXFPaVJVZkV4b0tJQkNVZHhCdmNpU1p3WEpNZ1BwREl4VmVzemp4ZEpiV2FCeFBaRjZCbVk2QXMySjBmTHlwX21sbXpaTjJPWFJpd2tjeTRaTFNPbHJzeXRnRGhmWDdLU19OTzIwM0dFWmphc3l5aWxkZ9IB6AFBVV95cUxPc0dUZXVEeDBoMzQ2MGk5V29SYjFYbjNucW5WcW9veVd3SXVneDcxdjFMU1hUZDlVa05Hc2RPSTlvQUxSTkd2OU1fV3J2YUFudW1sdllRcDc2STBZUHQ1QjJhS2Jfb3NBLXVPVklXV01TYlYwS25ORDAzdUJqWDZzNHpteEhyamxTRDZxVkVDOHNSNXRRR0NnTGEtYkdUcWcxblFnMWFIRjZDLUpCeEtBaERQekdtZ0dneVNMVGNZOTZyMmtfNHFvWUlaM1AxSmtTd3JrVEhWWFhIQTY3V2tGaDFiLXpyYjFT?oc=5,,
"Mon, 30 May 2016 07:00:00 GMT",Passarinho,Chuva forte deixa quatro mortos no Recife e em Olinda - G1,Defesa Civil (via Google News),alerta_oficial,https://news.google.com/rss/articles/CBMiugFBVV95cUxNTVBWSVlVTlEyUXhraWM5SG5rT2xwd3pKWm9IN0FlTzZ4MjdaUlR6Q28tNWFZanVrOFdYWnpOUVM4YUh1SE9JTnpJNmFmOWQtMTYyUE9EVm9USkFCUVhWZlcwejRPS1I4ODRRRTJZdzQwMkFTTWROYWUyOGVwY3pfclFuRnhSS29fUnowaG5aeUdYQnJFRzJ1em9Gai1UMDlKYnFROU9aQ0hiUEx0bkF2UnFnTUpqLXQ3enfSAbgBQVVfeXFMTUotQWFWTjZJNEtfUkFnOE1Kd2o0bi1SQmRsbjRBdnV6SE9rdEpTN1oyTS0zOVBzXzdGeFRkTkZwekRmRGlfdUhhbTZoeE5TNTVod0Q1OXNIMjhocWRmRUt5S05YaXVKb1dESHlmbGxpWHpzNVpvVVg2WENOU3hDd1kwOWpoVGNjOTgxdHUtWEo3OGNSd1NvcGQ5NkxmQ0JON3hkQUlTWVVpbGlhNk80Q1hyb1JDY3lUQQ?oc=5,,
"Fri, 15 Jun 2012 07:00:00 GMT",nao_identificado,População segue preocupada com chuvas que atingem o Grande Recife - notícias em Pernambuco - G1,Defesa Civil (via Google News),alerta_oficial,https://news.google.com/rss/articles/CBMiugFBVV95cUxNSTNhVDRHbHBaNThJbzNsam5DaW56VmZEblFyTjBreFFMSE1HSXlKZnlqelJIVno1MTVHR0ZaUE9MbldFc0hTVzI5WmF6dHljMGU2ejU3WGF5aEZZdXNtVGRXOHo1UExWbkhxX1FDTHBUUFFEbWlnTGhtZGpDUXNVWTNBSGlYMmxlc053M3BDM3NjVnhhS28zc3loNWRDaFNMaXF1Tm9XdGVKVHBURkNRdUNPNTFyWGRvOEE?oc=5,,
"Thu, 09 Nov 2017 08:00:00 GMT",nao_identificado,"Militares presos na Operação Torrentes têm relação efetiva com fraudes em ações após enchentes em PE, diz polícia - G1",Defesa Civil (via Google News),alerta_oficial,https://news.google.com/rss/articles/CBMi3wFBVV95cUxPVmFndlpfaTZOQUxOLUtCZ0E4ZWRuREhSMDV6RjJuajdIYWlQbTZxYW5ReXhXVko5TUVvT2VmeWNpSjRvNE80X1JiSXpiZ1ZSRDF6ak95SDBOVk8wWDZ2endyVmY0RlhTWTQwRTNRUkIyRkQtRlF2MEVsZ1VGQ2N0cGNSeG5mLThCcEUybFZ2Z3VXR0FlOENweWpqZ01rNnJsOV9aQlRkODg5U0g5bUVTcWl6a1pCUnpYZmhZWG5sQVBjN0UyNVZEdVZqdkdwT0w0MG96ZHZWRDVZQXVFV0lR?oc=5,,
"Tue, 19 Jan 2010 08:00:00 GMT",nao_identificado,Queda de raio deixa um morto e três feridos em Pernambuco - O GLOBO,Defesa Civil (via Google News),alerta_oficial,https://news.google.com/rss/articles/CBMingFBVV95cUxQQ0FZa1JCekFHazZYdFhfMEM3bnB4TzROSWVQMjJNUElORF9HT05oSm5hcEpOWk5wZWVhZ0tyWmFwYmU5R2dQNDI5d3dCbnhHWlhIZWtubWlORGswVzdqYTMyY0dFTnB6SWRiRTlwOGhsQkEtMkR2REpSY3Y0bmpDbTdiYnNnTlBqSm5uQVZXMHFoZmpCdUl0SDdyb2NZZw?oc=5,,
"Tue, 12 Jan 2010 08:00:00 GMT",Boa Vista,"Após tremor, Defesa Civil faz vistoria em bairros de Recife - Terra",Defesa Civil (via Google News),alerta_oficial,https://news.google.com/rss/articles/CBMi6AFBVV95cUxQYU4xWnNWSWJGbzUzdUVYV2RFZ2dPbzRIV3lOdWNpOVlMazA0Y01KUnBCYk5JcExpT01mZWJmR0RHeHhxb2hfMVhJZENmT1prVUlET2hpWGVPMUVqWGlNNXVzaHM0QkpVX3FkSEhOVG1PeHpzT2RrSUhhUWFnTXhZRTJMN3l3cUNob2RNdTVGZ1NXS2dMZ0syZzh2WXhWQ253cFVzSGw0T3lha2ZSZFR2Ym1USEh0SEFneTg3bmhqSUtfZFpJbTdodF81dFFJT01SOEtoNlRxbllUOEpCTXFxdThVbjFRTm9M?oc=5,,
"Wed, 03 Aug 2022 07:00:00 GMT",Várzea,"CHUVAS NO RECIFE: casa desaba na comunidade das Malvinas, na Várzea - JC",Defesa Civil (via Google News),alerta_oficial,https://news.google.com/rss/articles/CBMiwwFBVV95cUxQdmRwaTdhVGhMTjZKSEZidjE4d1dXTHUwSzg5TTQ2dGlEUjRzeWFXM2thM1QxMEMxM2puNGR3WFhyNldmanI0bVZyWXVRWnhCbWhLYWtFMGZycDlQVXp6QVZTbzBnVzZqdzlLNDgzNnFmSWh1WXhCSGRsZzJMcmtjRWpZSnhXV1lWa1ptN1d1RHBTV1hPbm5MZ2ZEOFN5TWdzSmZXMXo5ekR4YzktOUF0VWk1RFBUdnJjRHJWZnZLbmpZYjTSAcgBQVVfeXFMTzA5ZHp4VlVyek9vX1F4RXdEOUJCTmNUYmtGLTYwMGdzZU5BN0xWQ0ZOakdKaTVYa3ZWV3VBRWR4cFhOdGxaOTlOYjU2NVJ5b0FLSFplQXRvb05YMVAxRFB1XzZjbjNlMWJUX3puYmo5RXhVeEtERXM5aWZHSlc0SnJXSFhwU2N5SzA2ckN0LWV6X0k0eHlZLXNUX2tyUVh2MmF4N1BpUEd3NHJzQXJPTW83WDdyYThCR1hYc29leGRqQWFUaXl0R1c?oc=5,,
"Fri, 29 Nov 2019 08:00:00 GMT",Cordeiro,Blocos do Hospital Getúlio Vargas são evacuados após tremores na estrutura do prédio - Diario de Pernambuco,Defesa Civil (via Google News),alerta_oficial,https://news.google.com/rss/articles/CBMiywFBVV95cUxPbkNKV09yMDZHUkFnemlHazZndmNhUzduLXVQSEVvWGFSQzdUdm9FS2xGYWNhSlNZR0F2WmlfRjluZmhVTmtvMmFmckFkczR2eFNCbHJmSzhKanVFbFRlQVJCSzRMT2V6NEdjRUozQW1FUGxneXhYNlhpcjBCODJFbkRqNkM4VlNNS0VxLW9Ed2VzMG9pNFlDcTVaVG15WExvLVBZWnRYWnJZWnY2TnNxQ1NhUnIwd2t6QXQ2V2FSb1c3SjhsZExFbWxRaw?oc=5,,
"Thu, 26 Jun 2014 07:00:00 GMT",nao_identificado,Deslizamentos de barreiras são registrados no Grande Recife - JC,Defesa Civil (via Google News),alerta_oficial,https://news.google.com/rss/articles/CBMiygFBVV95cUxQa2ZLRUZTRlpuVGZZMU1ZdmducmUxTkhyd0RGekVOdEQzdTEzYlZrNy1iQXJwdDRVZkhnQWRiZDdNeUJxVERjYXdCQlhuNFl5ekctNG9remNtRmRDckdVbklFbW1YejA5Rm56XzZrMmpyQWdXeEhTNmc0YW5TSmk0MWNOT1ZNby1BVHc0WG5VQ2owMERNbjc1Uk9YN20zUWVObldDQW4zQm1IR0R5czZOZHg2bV9OdXAxemdtTDAyMEJwc2VKRkVSNTBB0gHPAUFVX3lxTE8yaF9yOF9IUC1tRWlBLTlNM0JVMEhYRXllUTcyQ1NXd203QWJZTDg1aGo5Z1dERlVteUpSTE8zT3NtT2pMVDNsaFVpVzVRVC1jdHB2cVl0WDBYek9qNTFlLVhadWJDalBUQjlpS0NqY3V4cjhRYndkTzhWWmZIN1VMNWcxeVlTZ21xc2ZtdmJ0NGtQRXJRNEFGOVlPUUpZUk5aTEFldlhDOGlQbmRUNFM5VVN3S3RWS3luUl92RTlkbHVxVlZQSHM1bGJzUkJBNA?oc=5,,
"Wed, 29 Jan 2025 08:00:00 GMT",Graças,Mais de 400 PESSOAS são afetadas pelas fortes CHUVAS em Pernambuco - Portal de Prefeitura,Defesa Civil (via Google News),alerta_oficial,https://news.google.com/rss/articles/CBMiuwFBVV95cUxPNVBQM1ZVWDEyUFRINF94VEpiaDRUS0V6NXluOHc3ZWVsVDlERlJaTTJDZGdpbF91MzNTYXpKb0hPdUZ6RkViRlgwV055Qmd1T3Q2TUU3UHR2b2tQLUR2Ynp4SjRNb1VNLW9DV284Zk55RTJLelVEYmV2X3BXUmNXTU15ZVJYTzMzV0pWbXRZTy0wRlFzelpWN1dzd3djam9HeEVYWDRlck9ZN0REQzNSNHI1eTdzZzlPU0NB?oc=5,,
"Sat, 28 May 2022 07:00:00 GMT",Córrego do Jenipapo,CHUVA: Temporal causa várias mortes e deixa o Grande Recife em situação alarmante neste sábado (28) - UOL,Defesa Civil (via Google News),alerta_oficial,https://news.google.com/rss/articles/CBMi8gFBVV95cUxPaUtjZGZOTVNsSEpMNWRwMl94aWppY2FpTlV1b0FkU1JNYzlVNm00Ti00bWN4SjI2MlpCeGc3QzBDdlFYOUVmUHdwZXFuX0ptQTlsbm9IckJhVWtUNVdLczRkYm1JU1lUZm5HWnkwZDZqZmJ5QTA0Q09Vc01zbFQ4LUFFZ3daZUtWX3c4TnZSYTRXZXhrVi1wUlUtb3E5cGdSVVhqX01Kb1VXX0lZZFVwMkJ5c3NLX3lVRENjSFdSZ2ZYbFlVdmZMTThlV2Q3SV9LVFlKaHl2UDN1YjVpekcwdFFWTUJLcVBuRTFPWmhwTkJSQdIB9wFBVV95cUxPZmJSQVFiVWdIN2ZIT0hIMmZRSEJYUmFTanlIWm9OMXJ5Nmw2ZzVpR0JMZVE0RUZUWkFnZU96Q3VHWjJjRXp1cmxvMzM1c2NqSEJmdWVjRzIyV0JqdlUwWGlqY0dGYjlhVVBBamdzNW9pYWVLWWIxM3BhRE5iSDNRcHBQc0VVOVBrREtDWWVtWWFmd0lYd25uR1RqVVVvV2Z6R3daeDhCTDQwUDg0UUN6akVTZHNic1k0cGM5V2JNS0FDbWY2WXQ5cWNiZzRIZFJwcW1CQXJXRU9qS0MzbTF6U2pIcFRKMWg5MWJoa1ZCN2tRcjBPVTBF?oc=5,,
,nao_identificado,Defesa Civil Alerta,Defesa Civil PE,alerta_oficial,https://www.defesacivil.pe.gov.br/defesa-civil-alerta,,
,nao_identificado,Mapeamento de Áreas de Riscos,Defesa Civil PE,alerta_oficial,https://www.defesacivil.pe.gov.br/mapeamento-de-areas-de-riscos,,
,nao_identificado,Defesa Civil Alerta,Defesa Civil PE,alerta_oficial,https://www.defesacivil.pe.gov.br/mais/defesa-civil-alerta,,
,nao_identificado,Mapeamento de Áreas de Riscos,Defesa Civil PE,alerta_oficial,https://www.defesacivil.pe.gov.br/mais/mapeamento-de-areas-de-riscos,,
,Guabiraba,AVISO DE ALERTA - RISCO DE INUNDAÇÃO BARRA DE GUABIRABA E CORTÊS - 18/08,Defesa Civil PE,alerta_oficial,https://www.defesacivil.pe.gov.br/noticias/aviso-de-alerta-risco-de-inundacao-barra-de-guabiraba-e-cortes-18-08,,
